app,priority,status,source_text,translated_text,refs
erpnext,P0,missing,"<span class=""h4""><b>Quick Access</b></span>","<span class=""h4""><b>Accès rapide</b></span>",erpnext/selling/workspace/selling/selling.json erpnext/stock/workspace/stock/stock.json
erpnext,P0,missing,Add Schedule,Ajouter un horaire,erpnext/selling/doctype/sales_order/sales_order.js:649 erpnext/selling/doctype/sales_order_item/sales_order_item.json
erpnext,P0,missing,Advance Paid,Avance payée,erpnext/buying/doctype/purchase_order/purchase_order.json erpnext/selling/doctype/sales_order/sales_order.json
erpnext,P0,missing,Aggregate a group of Items into another Item. This is useful if you are maintaining the stock of the packed items and not the bundled item,Regroupez un groupe d’éléments dans un autre élément. Ceci est utile si vous gérez le stock des articles emballés et non l'article groupé.,erpnext/selling/doctype/product_bundle/product_bundle.json
erpnext,P0,missing,All the items have been already returned.,Tous les articles ont déjà été retournés.,erpnext/selling/page/point_of_sale/pos_past_order_summary.js:200
erpnext,P0,missing,Allow Delivery of Overproduced Qty,Autoriser la livraison de la quantité surproduite,erpnext/selling/doctype/selling_settings/selling_settings.json
erpnext,P0,missing,Allow Item to be Added Multiple Times in a Transaction,Autoriser l'ajout d'un article plusieurs fois dans une transaction,erpnext/selling/doctype/selling_settings/selling_settings.json
erpnext,P0,missing,Allow Negative rates for Items,Autoriser les tarifs négatifs pour les articles,erpnext/selling/doctype/selling_settings/selling_settings.json
erpnext,P0,missing,Allows users to submit Quotations with zero quantity. Useful when rates are fixed but the quantities are not. Eg. Rate Contracts.,Permet aux utilisateurs de soumettre des devis avec une quantité nulle. Utile lorsque les tarifs sont fixes mais que les quantités ne le sont pas. Par exemple. Contrats tarifaires.,erpnext/selling/doctype/selling_settings/selling_settings.json
erpnext,P0,missing,Allows users to submit Sales Orders with zero quantity. Useful when rates are fixed but the quantities are not. Eg. Rate Contracts.,Permet aux utilisateurs de soumettre des commandes client avec une quantité nulle. Utile lorsque les tarifs sont fixes mais que les quantités ne le sont pas. Par exemple. Contrats tarifaires.,erpnext/selling/doctype/selling_settings/selling_settings.json
erpnext,P0,missing,Auto Fetch Serial Numbers,Récupération automatique des numéros de série,erpnext/selling/page/point_of_sale/pos_item_details.js:225
erpnext,P0,missing,Blanket Order Allowance (%),Allocation de commande globale (%),erpnext/buying/doctype/buying_settings/buying_settings.json erpnext/selling/doctype/selling_settings/selling_settings.json
erpnext,P0,missing,Bundle Items,Articles groupés,erpnext/selling/doctype/quotation/quotation.json
erpnext,P0,missing,Buyer of Goods and Services.,Acheteur de biens et services.,erpnext/selling/doctype/customer/customer.json
erpnext,P0,missing,Bypass credit check at Sales Order,Contourner la vérification de crédit lors de la commande client,erpnext/selling/report/customer_credit_balance/customer_credit_balance.py:68
erpnext,P0,missing,Changed customer name to '{}' as '{}' already exists.,"Nom du client modifié en « {} », car « {} » existe déjà.",erpnext/selling/doctype/customer/customer.py:127
erpnext,P0,missing,Checkout,Encaissement,erpnext/selling/page/point_of_sale/pos_item_cart.js:92 erpnext/selling/page/point_of_sale/pos_item_cart.js:148
erpnext,P0,missing,Click to add email / phone,Cliquez pour ajouter un e-mail / un téléphone,erpnext/selling/page/point_of_sale/pos_item_cart.js:485
erpnext,P0,untranslated_copy,Commission,Commission,erpnext/accounts/doctype/pos_invoice/pos_invoice.json erpnext/accounts/doctype/sales_invoice/sales_invoice.json erpnext/selling/doctype/sales_order/sales_order.json erpnext/selling/report/sales_partner_transaction_summary/sales_partner_transaction_summary.py:83 erpnext/stock/doctype/delivery_note/delivery_note.json
erpnext,P0,missing,Company Contact Person,Personne de contact de l’entreprise,erpnext/accounts/doctype/pos_invoice/pos_invoice.json erpnext/accounts/doctype/sales_invoice/sales_invoice.json erpnext/selling/doctype/quotation/quotation.json erpnext/selling/doctype/sales_order/sales_order.json erpnext/stock/doctype/delivery_note/delivery_note.json
erpnext,P0,missing,Complete Order,Finaliser la commande,erpnext/selling/page/point_of_sale/pos_payment.js:24
erpnext,P0,missing,Contribution (%),Contribution (%),erpnext/selling/doctype/sales_team/sales_team.json
erpnext,P0,missing,Contribution Qty,Quantité de contribution,erpnext/selling/report/sales_person_wise_transaction_summary/sales_person_wise_transaction_summary.py:124
erpnext,P0,missing,Create Link,Créer un lien,erpnext/buying/doctype/supplier/supplier.js:226 erpnext/selling/doctype/customer/customer.js:285
erpnext,P0,missing,Creating Delivery Note ...,Création d'un bon de livraison...,erpnext/selling/doctype/sales_order/sales_order.js:1535
erpnext,P0,missing,Creating Delivery Schedule...,Création d'un calendrier de livraison...,erpnext/selling/doctype/sales_order/sales_order.js:677
erpnext,P0,missing,Creating Subcontracting Inward Order ...,Création d'une commande d'entrée de sous-traitance...,erpnext/selling/doctype/sales_order/sales_order.js:1805
erpnext,P0,missing,Credit Limit Crossed,Limite de crédit dépassée,erpnext/selling/doctype/customer/customer.py:593
erpnext,P0,missing,Customer Portal Users,Utilisateurs du portail client,erpnext/selling/doctype/customer/customer.json
erpnext,P0,missing,Deliver Scrap Items,Livrer des objets de rebut,erpnext/selling/doctype/selling_settings/selling_settings.json
erpnext,P0,missing,Delivery Schedule,Calendrier de livraison,erpnext/selling/doctype/sales_order/sales_order.js:619 erpnext/selling/doctype/sales_order/sales_order.js:646
erpnext,P0,missing,Delivery Schedule Item,Article du programme de livraison,erpnext/selling/doctype/delivery_schedule_item/delivery_schedule_item.json
erpnext,P0,missing,Discount (%) on Price List Rate with Margin,Remise (%) sur le tarif affiché avec marge,erpnext/accounts/doctype/pos_invoice_item/pos_invoice_item.json erpnext/accounts/doctype/sales_invoice_item/sales_invoice_item.json erpnext/selling/doctype/quotation_item/quotation_item.json erpnext/selling/doctype/sales_order_item/sales_order_item.json erpnext/stock/doctype/delivery_note_item/delivery_note_item.json
erpnext,P0,missing,Discount cannot be greater than 100%,La remise ne peut pas être supérieure à 100 %,erpnext/selling/page/point_of_sale/pos_item_cart.js:824
erpnext,P0,missing,Discount cannot be greater than 100%.,La remise ne peut pas être supérieure à 100 %.,erpnext/selling/page/point_of_sale/pos_item_cart.js:416
erpnext,P0,missing,Dispatch Address,Adresse d'expédition,erpnext/accounts/doctype/purchase_invoice/purchase_invoice.json erpnext/accounts/doctype/sales_invoice/sales_invoice.json erpnext/buying/doctype/purchase_order/purchase_order.json erpnext/selling/doctype/sales_order/sales_order.json erpnext/stock/doctype/delivery_note/delivery_note.json erpnext/stock/doctype/purchase_receipt/purchase_receipt.json
erpnext,P0,missing,Distributed Discount Amount,Montant de la remise distribuée,erpnext/accounts/doctype/pos_invoice_item/pos_invoice_item.json erpnext/accounts/doctype/purchase_invoice_item/purchase_invoice_item.json erpnext/accounts/doctype/sales_invoice_item/sales_invoice_item.json erpnext/buying/doctype/purchase_order_item/purchase_order_item.json erpnext/buying/doctype/supplier_quotation_item/supplier_quotation_item.json erpnext/selling/doctype/quotation_item/quotation_item.json erpnext/selling/doctype/sales_order_item/sales_order_item.json erpnext/stock/doctype/delivery_note_item/delivery_note_item.json erpnext/stock/doctype/purchase_receipt_item/purchase_receipt_item.json
erpnext,P0,missing,Don't Reserve Sales Order Qty on Sales Return,Ne pas réserver la quantité de commande client sur le retour vente,erpnext/selling/doctype/selling_settings/selling_settings.json
erpnext,P0,missing,Edit Cart,Modifier le panier,erpnext/selling/page/point_of_sale/pos_item_cart.js:92
erpnext,P0,missing,Editing {0} is not allowed as per POS Profile settings,La modification de {0} n'est pas autorisée conformément aux paramètres du profil POS.,erpnext/selling/page/point_of_sale/pos_item_cart.js:777
erpnext,P0,missing,Email Receipt,Reçu par e-mail,erpnext/selling/page/point_of_sale/pos_past_order_summary.js:50
erpnext,P0,missing,Enable Cut-Off Date on Bulk Delivery Note Creation,Activer la date limite lors de la création de bons de livraison groupés,erpnext/selling/doctype/selling_settings/selling_settings.json
erpnext,P0,missing,Fetched only {0} available serial numbers.,Récupéré uniquement {0} numéros de série disponibles.,erpnext/selling/page/point_of_sale/pos_item_details.js:455
erpnext,P0,missing,Finished Good Qty,Fini Bonne quantité,erpnext/buying/doctype/purchase_order_item/purchase_order_item.json erpnext/selling/doctype/sales_order_item/sales_order_item.json erpnext/subcontracting/doctype/subcontracting_bom/subcontracting_bom.json
erpnext,P0,missing,First Delivery Date,Première date de livraison,erpnext/selling/doctype/sales_order/sales_order.js:577
erpnext,P0,missing,From Due Date,À partir de la date d'échéance,erpnext/selling/report/payment_terms_status_for_sales_order/payment_terms_status_for_sales_order.js:78
erpnext,P0,missing,From Prospect,De la perspective,erpnext/selling/doctype/customer/customer.json
erpnext,P0,missing,Fully Paid,Entièrement payé,erpnext/buying/doctype/purchase_order/purchase_order.json erpnext/selling/doctype/sales_order/sales_order.json
erpnext,P0,missing,Get Delivery Schedule,Obtenir le calendrier de livraison,erpnext/selling/doctype/sales_order/sales_order.js:608
erpnext,P0,missing,Has Alternative Item,A un article alternatif,erpnext/selling/doctype/quotation_item/quotation_item.json
erpnext,P0,missing,Has Unit Price Items,A des articles à prix unitaire,erpnext/buying/doctype/purchase_order/purchase_order.json erpnext/buying/doctype/request_for_quotation/request_for_quotation.json erpnext/buying/doctype/supplier_quotation/supplier_quotation.json erpnext/selling/doctype/quotation/quotation.json erpnext/selling/doctype/sales_order/sales_order.json
erpnext,P0,missing,Hide Recent Orders,Masquer les commandes récentes,erpnext/selling/page/point_of_sale/pos_controller.js:297
erpnext,P0,missing,"If checked, Stock will be reserved on <b>Submit</b>","Si coché, le stock sera réservé le <b>Submit</b>",erpnext/selling/doctype/sales_order/sales_order.json
erpnext,P0,missing,"If enabled, system will allow user to deliver the entire quantity of the finished goods produced against the Subcontracting Inward Order. If disabled, system will allow delivery of only the ordered quantity.","S'il est activé, le système permettra à l'utilisateur de livrer la quantité totale de produits finis produits par rapport à la commande entrante de sous-traitance. S'il est désactivé, le système permettra la livraison uniquement de la quantité commandée.",erpnext/selling/doctype/selling_settings/selling_settings.json
erpnext,P0,missing,"If enabled, the Scrap Item generated against a Finished Good will also be added in the Stock Entry when delivering that Finished Good.","Si cette option est activée, l'article de rebut généré par rapport à un produit fini sera également ajouté dans l'entrée de stock lors de la livraison de ce produit fini.",erpnext/selling/doctype/selling_settings/selling_settings.json
erpnext,P0,missing,Ignore Pricing Rule is enabled. Cannot apply coupon code.,Ignorer la règle de tarification est activé. Impossible d'appliquer le code promo.,erpnext/selling/page/point_of_sale/pos_payment.js:335
erpnext,P0,missing,Include Closed Orders,Inclure les commandes clôturées,erpnext/buying/report/purchase_order_trends/purchase_order_trends.js:8 erpnext/selling/report/sales_order_trends/sales_order_trends.js:8
erpnext,P0,missing,Incoterm,Incoterm,erpnext/accounts/doctype/purchase_invoice/purchase_invoice.json erpnext/accounts/doctype/sales_invoice/sales_invoice.json erpnext/buying/doctype/purchase_order/purchase_order.json erpnext/buying/doctype/request_for_quotation/request_for_quotation.json erpnext/buying/doctype/supplier_quotation/supplier_quotation.json erpnext/selling/doctype/quotation/quotation.json erpnext/selling/doctype/sales_order/sales_order.json erpnext/setup/doctype/incoterm/incoterm.json erpnext/stock/doctype/delivery_note/delivery_note.json erpnext/stock/doctype/purchase_receipt/purchase_receipt.json erpnext/stock/doctype/shipment/shipment.json
erpnext,P0,missing,Inter Company Purchase Order,Bon de commande inter-sociétés,erpnext/selling/doctype/sales_order/sales_order.js:1137
erpnext,P0,missing,Internal Customer for company {0} already exists,Le client interne de la société {0} existe déjà,erpnext/selling/doctype/customer/customer.py:224
erpnext,P0,missing,Internal Purchase Order,Bon de commande interne,erpnext/selling/doctype/sales_order/sales_order.js:1136
erpnext,P0,missing,Invalid Delivery Date,Date de livraison invalide,erpnext/selling/doctype/sales_order/sales_order.py:405
erpnext,P0,missing,Invalid Discount,Remise invalide,erpnext/selling/page/point_of_sale/pos_item_cart.js:414
erpnext,P0,missing,Invalid Group By,Groupe par invalide,erpnext/selling/report/lost_quotations/lost_quotations.py:65
erpnext,P0,missing,Invalid Return,Retour invalide,erpnext/selling/page/point_of_sale/pos_past_order_summary.js:198
erpnext,P0,missing,Is Alternative,est une alternative,erpnext/selling/doctype/quotation/quotation.js:315 erpnext/selling/doctype/quotation_item/quotation_item.json
erpnext,P0,missing,Item Cart,Panier d'articles,erpnext/selling/page/point_of_sale/pos_item_cart.js:46
erpnext,P0,missing,Item Wise Tax Details,Détails de la taxe sur les articles,erpnext/accounts/doctype/pos_invoice/pos_invoice.json erpnext/accounts/doctype/purchase_invoice/purchase_invoice.json erpnext/accounts/doctype/sales_invoice/sales_invoice.json erpnext/buying/doctype/purchase_order/purchase_order.json erpnext/buying/doctype/supplier_quotation/supplier_quotation.json erpnext/selling/doctype/quotation/quotation.json erpnext/selling/doctype/sales_order/sales_order.json erpnext/stock/doctype/delivery_note/delivery_note.json erpnext/stock/doctype/purchase_receipt/purchase_receipt.json
erpnext,P0,missing,Item is removed since no serial / batch no selected.,L'article est supprimé car aucun numéro de série/lot n'est sélectionné.,erpnext/selling/page/point_of_sale/pos_item_details.js:110
erpnext,P0,missing,Item {0} has no Serial No. Only serialized items can have delivery based on Serial No,L'article {0} n'a pas de numéro de série. Seuls les articles sérialisés peuvent être livrés en fonction du numéro de série.,erpnext/selling/doctype/sales_order/sales_order.py:778
erpnext,P0,missing,Items to Reserve,Articles à réserver,erpnext/public/js/stock_reservation.js:72 erpnext/selling/doctype/sales_order/sales_order.js:327 erpnext/subcontracting/doctype/subcontracting_order/subcontracting_order.js:226
erpnext,P0,missing,Last Scanned Warehouse,Dernier entrepôt analysé,erpnext/accounts/doctype/pos_invoice/pos_invoice.json erpnext/accounts/doctype/purchase_invoice/purchase_invoice.json erpnext/accounts/doctype/sales_invoice/sales_invoice.json erpnext/buying/doctype/purchase_order/purchase_order.json erpnext/selling/doctype/quotation/quotation.json erpnext/selling/doctype/sales_order/sales_order.json erpnext/stock/doctype/delivery_note/delivery_note.json erpnext/stock/doctype/material_request/material_request.json erpnext/stock/doctype/purchase_receipt/purchase_receipt.json erpnext/stock/doctype/stock_entry/stock_entry.json erpnext/stock/doctype/stock_reconciliation/stock_reconciliation.json
erpnext,P0,missing,Last transacted,Dernière transaction,erpnext/selling/page/point_of_sale/pos_item_cart.js:1025
erpnext,P0,missing,Learn Sales Management,Apprendre la gestion des ventes,erpnext/selling/workspace/selling/selling.json
erpnext,P0,missing,Link with Supplier,Lien avec le fournisseur,erpnext/selling/doctype/customer/customer.js:201
erpnext,P0,missing,Linking Failed,Échec de la liaison,erpnext/buying/doctype/supplier/supplier.js:220 erpnext/selling/doctype/customer/customer.js:279
erpnext,P0,missing,Linking to Supplier Failed. Please try again.,Échec de la liaison avec le fournisseur. Veuillez réessayer.,erpnext/selling/doctype/customer/customer.js:278
erpnext,P0,missing,Lost Quotations,Citations perdues,erpnext/selling/report/lost_quotations/lost_quotations.json erpnext/selling/report/lost_quotations/lost_quotations.py:31
erpnext,P0,missing,Lost Quotations %,% de devis perdus,erpnext/selling/report/lost_quotations/lost_quotations.py:37
erpnext,P0,missing,Lost Value,Valeur perdue,erpnext/selling/report/lost_quotations/lost_quotations.py:43
erpnext,P0,missing,Lost Value %,% de valeur perdue,erpnext/selling/report/lost_quotations/lost_quotations.py:49
erpnext,P0,missing,Mention if non-standard Receivable account,Mentionner si compte clients non standard,erpnext/selling/doctype/customer/customer.json
erpnext,P0,missing,Multiple Loyalty Programs found for Customer {}. Please select manually.,Plusieurs programmes de fidélité trouvés pour le client {}. Veuillez sélectionner manuellement.,erpnext/selling/doctype/customer/customer.py:393
erpnext,P0,missing,Named Place,Lieu nommé,erpnext/accounts/doctype/purchase_invoice/purchase_invoice.json erpnext/accounts/doctype/sales_invoice/sales_invoice.json erpnext/buying/doctype/purchase_order/purchase_order.json erpnext/buying/doctype/request_for_quotation/request_for_quotation.json erpnext/buying/doctype/supplier_quotation/supplier_quotation.json erpnext/selling/doctype/quotation/quotation.json erpnext/selling/doctype/sales_order/sales_order.json erpnext/stock/doctype/delivery_note/delivery_note.json erpnext/stock/doctype/purchase_receipt/purchase_receipt.json
erpnext,P0,missing,New Invoice,Nouvelle facture,erpnext/selling/page/point_of_sale/pos_controller.js:259
erpnext,P0,missing,No items in cart,Aucun article dans le panier,erpnext/selling/page/point_of_sale/pos_item_cart.js:76
erpnext,P0,missing,No of Deliveries,Nombre de livraisons,erpnext/selling/doctype/sales_order/sales_order.js:600
erpnext,P0,missing,No recent transactions found,Aucune transaction récente trouvée,erpnext/selling/page/point_of_sale/pos_item_cart.js:1017
erpnext,P0,missing,Non-Zeros,Non nuls,erpnext/selling/report/sales_analytics/sales_analytics.js:95
erpnext,P0,missing,Not Requested,Non demandé,erpnext/selling/doctype/sales_order/sales_order.json
erpnext,P0,missing,Only Value available for Payment Entry,Seule valeur disponible pour la saisie des paiements,erpnext/selling/report/sales_analytics/sales_analytics.py:57
erpnext,P0,missing,Opportunities by Campaign,Opportunités par campagne,erpnext/selling/page/sales_funnel/sales_funnel.js:49
erpnext,P0,missing,Opportunities by Medium,Opportunités par support,erpnext/selling/page/sales_funnel/sales_funnel.js:50
erpnext,P0,missing,Opportunities by Source,Opportunités par source,erpnext/selling/page/sales_funnel/sales_funnel.js:48
erpnext,P0,missing,Outdated POS Opening Entry,Entrée d'ouverture de point de vente obsolète,erpnext/accounts/doctype/sales_invoice/sales_invoice.py:1177 erpnext/selling/page/point_of_sale/pos_controller.js:208
erpnext,P0,missing,POS Closed,PDV fermé,erpnext/selling/page/point_of_sale/pos_controller.js:183
erpnext,P0,missing,POS Opening Entry Cancelled,Entrée d'ouverture de point de vente annulée,erpnext/selling/page/point_of_sale/pos_controller.js:183
erpnext,P0,missing,POS Opening Entry has been cancelled. Please refresh the page.,L'entrée d'ouverture du point de vente a été annulée. Veuillez actualiser la page.,erpnext/selling/page/point_of_sale/pos_controller.js:189
erpnext,P0,missing,POS has been closed at {0}. Please refresh the page.,Le point de vente a été fermé à {0}. Veuillez actualiser la page.,erpnext/selling/page/point_of_sale/pos_controller.js:187
erpnext,P0,missing,POS invoice {0} created successfully,Facture POS {0} créée avec succès,erpnext/selling/page/point_of_sale/pos_controller.js:491
erpnext,P0,missing,Parent Item {0} must not be a Fixed Asset,L'élément parent {0} ne doit pas être une immobilisation,erpnext/selling/doctype/product_bundle/product_bundle.py:81
erpnext,P0,missing,Partnership,Partenariat,erpnext/buying/doctype/supplier/supplier.json erpnext/selling/doctype/customer/customer.json
erpnext,P0,missing,Payment Terms Status for Sales Order,Statut des conditions de paiement pour la commande client,erpnext/selling/report/payment_terms_status_for_sales_order/payment_terms_status_for_sales_order.json
erpnext,P0,missing,Payment of {0} received successfully.,Paiement de {0} reçu avec succès.,erpnext/accounts/doctype/pos_invoice/pos_invoice.js:466 erpnext/selling/page/point_of_sale/pos_payment.js:366
erpnext,P0,missing,Payment of {0} received successfully. Waiting for other requests to complete...,Paiement de {0} reçu avec succès. En attendant que d'autres demandes soient complétées...,erpnext/selling/page/point_of_sale/pos_payment.js:373
erpnext,P0,missing,Percentage you are allowed to sell beyond the Blanket Order quantity.,Pourcentage que vous êtes autorisé à vendre au-delà de la quantité de la commande globale.,erpnext/selling/doctype/selling_settings/selling_settings.json
erpnext,P0,missing,Please contact any of the following users to extend the credit limits for {0}: {1},Veuillez contacter l'un des utilisateurs suivants pour prolonger les limites de crédit pour {0} : {1},erpnext/selling/doctype/customer/customer.py:585
erpnext,P0,missing,Please contact your administrator to extend the credit limits for {0}.,Veuillez contacter votre administrateur pour prolonger les limites de crédit pour {0}.,erpnext/selling/doctype/customer/customer.py:578
erpnext,P0,missing,Please enter a valid number of deliveries,Veuillez saisir un nombre de livraisons valide,erpnext/selling/doctype/sales_order/sales_order.js:717
erpnext,P0,missing,Please enter a valid quantity,Veuillez entrer une quantité valide,erpnext/selling/doctype/sales_order/sales_order.js:658
erpnext,P0,missing,Please enter at least one delivery date and quantity,Veuillez saisir au moins une date de livraison et une quantité,erpnext/selling/doctype/sales_order/sales_order.js:652
erpnext,P0,missing,Please enter the first delivery date,Veuillez saisir la première date de livraison,erpnext/selling/doctype/sales_order/sales_order.js:713
erpnext,P0,missing,Please save the Sales Order before adding a delivery schedule.,Veuillez enregistrer la commande client avant d'ajouter un calendrier de livraison.,erpnext/selling/doctype/sales_order/sales_order.js:859
erpnext,P0,missing,Please select a frequency for delivery schedule,Veuillez sélectionner une fréquence pour le calendrier de livraison,erpnext/selling/doctype/sales_order/sales_order.js:709
erpnext,P0,missing,Please select atleast one item to continue,Veuillez sélectionner au moins un élément pour continuer,erpnext/selling/doctype/sales_order/sales_order.js:1288
erpnext,P0,missing,Please select items to reserve.,Veuillez sélectionner les articles à réserver.,erpnext/public/js/stock_reservation.js:212 erpnext/selling/doctype/sales_order/sales_order.js:419 erpnext/subcontracting/doctype/subcontracting_order/subcontracting_order.js:301
erpnext,P0,missing,Please select items to unreserve.,Veuillez sélectionner les articles à annuler la réservation.,erpnext/public/js/stock_reservation.js:290 erpnext/selling/doctype/sales_order/sales_order.js:523 erpnext/subcontracting/doctype/subcontracting_order/subcontracting_order.js:399
erpnext,P0,missing,Portal Users,Utilisateurs du portail,erpnext/buying/doctype/supplier/supplier.json erpnext/selling/doctype/customer/customer.json
erpnext,P0,missing,Price is not set for the item.,Le prix n'est pas fixé pour l'article.,erpnext/selling/page/point_of_sale/pos_controller.js:720
erpnext,P0,missing,Qty (Company),Qté (Entreprise),erpnext/accounts/doctype/sales_invoice_item/sales_invoice_item.json erpnext/selling/doctype/quotation_item/quotation_item.json erpnext/selling/doctype/sales_order_item/sales_order_item.json erpnext/stock/doctype/delivery_note_item/delivery_note_item.json erpnext/stock/doctype/pick_list_item/pick_list_item.json
erpnext,P0,missing,Qty (Warehouse),Qté (entrepôt),erpnext/accounts/doctype/sales_invoice_item/sales_invoice_item.json erpnext/selling/doctype/quotation_item/quotation_item.json erpnext/selling/doctype/sales_order_item/sales_order_item.json erpnext/stock/doctype/delivery_note_item/delivery_note_item.json erpnext/stock/doctype/pick_list_item/pick_list_item.json
erpnext,P0,missing,Quarter {0} {1},Trimestre {0} {1},erpnext/selling/report/sales_analytics/sales_analytics.py:437 erpnext/stock/report/stock_analytics/stock_analytics.py:116
erpnext,P0,missing,Quoted Amount,Montant cité,erpnext/selling/report/quotation_trends/quotation_trends.py:57
erpnext,P0,missing,Rate of Stock UOM,Taux de stock UdM,erpnext/accounts/doctype/purchase_invoice_item/purchase_invoice_item.json erpnext/accounts/doctype/sales_invoice_item/sales_invoice_item.json erpnext/buying/doctype/purchase_order_item/purchase_order_item.json erpnext/selling/doctype/quotation_item/quotation_item.json erpnext/selling/doctype/sales_order_item/sales_order_item.json erpnext/stock/doctype/delivery_note_item/delivery_note_item.json erpnext/stock/doctype/purchase_receipt_item/purchase_receipt_item.json
erpnext,P0,missing,Reason for hold:,Raison de la retenue :,erpnext/selling/doctype/sales_order/sales_order.js:1767
erpnext,P0,missing,Recent Orders,Commandes récentes,erpnext/selling/page/point_of_sale/pos_controller.js:260 erpnext/selling/page/point_of_sale/pos_controller.js:297 erpnext/selling/page/point_of_sale/pos_past_order_list.js:17
erpnext,P0,missing,Recent Transactions,Transactions récentes,erpnext/selling/page/point_of_sale/pos_item_cart.js:891
erpnext,P0,missing,Remaining Amount,Montant restant,erpnext/selling/page/point_of_sale/pos_payment.js:684
erpnext,P0,missing,Reserve Stock,Stock de réserve,erpnext/manufacturing/doctype/production_plan/production_plan.json erpnext/manufacturing/doctype/work_order/work_order.json erpnext/public/js/stock_reservation.js:15 erpnext/selling/doctype/sales_order/sales_order.js:397 erpnext/selling/doctype/sales_order/sales_order.json erpnext/selling/doctype/sales_order_item/sales_order_item.json erpnext/subcontracting/doctype/subcontracting_order/subcontracting_order.js:278 erpnext/subcontracting/doctype/subcontracting_order/subcontracting_order.json
erpnext,P0,missing,Returned,Retourné,erpnext/selling/page/point_of_sale/pos_past_order_summary.js:138 erpnext/stock/doctype/shipment/shipment.json erpnext/subcontracting/doctype/subcontracting_inward_order/subcontracting_inward_order.json
erpnext,P0,missing,Rounded Total (Company Currency),Total arrondi (devise de l'entreprise),erpnext/accounts/doctype/pos_invoice/pos_invoice.json erpnext/accounts/doctype/purchase_invoice/purchase_invoice.json erpnext/accounts/doctype/sales_invoice/sales_invoice.json erpnext/buying/doctype/purchase_order/purchase_order.json erpnext/buying/doctype/supplier_quotation/supplier_quotation.json erpnext/selling/doctype/quotation/quotation.json erpnext/selling/doctype/sales_order/sales_order.json erpnext/stock/doctype/delivery_note/delivery_note.json erpnext/stock/doctype/purchase_receipt/purchase_receipt.json
erpnext,P0,missing,Row #{0}: BOM not found for FG Item {1},Ligne n° {0} : Nomenclature introuvable pour l'article FG {1},erpnext/selling/doctype/sales_order/sales_order.py:288
erpnext,P0,missing,Row #{0}: Finished Good Item Qty can not be zero,Ligne n° {0} : La quantité d'articles finis ne peut pas être nulle.,erpnext/buying/doctype/purchase_order/purchase_order.py:400 erpnext/selling/doctype/sales_order/sales_order.py:291
erpnext,P0,missing,Row #{0}: Finished Good Item is not specified for service item {1},Ligne n° {0} : L'article fini n'est pas spécifié pour l'article de service {1},erpnext/buying/doctype/purchase_order/purchase_order.py:382 erpnext/selling/doctype/sales_order/sales_order.py:271
erpnext,P0,missing,Row #{0}: Finished Good Item {1} must be a sub-contracted item,Ligne n° {0} : L'article fini {1} doit être un article sous-traité,erpnext/buying/doctype/purchase_order/purchase_order.py:389 erpnext/selling/doctype/sales_order/sales_order.py:278
erpnext,P0,missing,Row #{0}: Quantity cannot be a non-positive number. Please increase the quantity or remove the Item {1},Ligne n°{0} : La quantité ne peut pas être un nombre non positif. Veuillez augmenter la quantité ou supprimer l'article {1},erpnext/selling/doctype/product_bundle/product_bundle.py:96
erpnext,P0,missing,SO Total Qty,donc quantité totale,erpnext/selling/report/sales_person_wise_transaction_summary/sales_person_wise_transaction_summary.py:107
erpnext,P0,missing,Sales Invoice {0} must be deleted before cancelling this Sales Order,La facture de vente {0} doit être supprimée avant d'annuler cette commande client.,erpnext/selling/doctype/sales_order/sales_order.py:576
erpnext,P0,missing,Sales Opportunities by Campaign,Opportunités de vente par campagne,erpnext/selling/page/sales_funnel/sales_funnel.js:150
erpnext,P0,missing,Sales Opportunities by Medium,Opportunités de vente par support,erpnext/selling/page/sales_funnel/sales_funnel.js:152
erpnext,P0,missing,Sales Opportunities by Source,Opportunités de vente par source,erpnext/selling/page/sales_funnel/sales_funnel.js:148
erpnext,P0,missing,Sales Order Schedule,Calendrier des commandes clients,erpnext/selling/doctype/sales_order_item/sales_order_item.json
erpnext,P0,missing,"Sales Order {0} already exists against Customer's Purchase Order {1}. To allow multiple Sales Orders, Enable {2} in {3}","La commande client {0} existe déjà par rapport à la commande client {1}. Pour autoriser plusieurs commandes client, activez {2} dans {3}",erpnext/selling/doctype/sales_order/sales_order.py:342
erpnext,P0,missing,Sales Partner Target Variance Based On Item Group,Écart cible du partenaire commercial en fonction du groupe d'articles,erpnext/selling/workspace/selling/selling.json
erpnext,P0,missing,Sales Pipeline by Stage,Pipeline de ventes par étape,erpnext/selling/page/sales_funnel/sales_funnel.js:154
erpnext,P0,missing,"Search by item code, serial number or barcode","Recherche par code article, numéro de série ou code-barres",erpnext/selling/page/point_of_sale/pos_item_selector.js:181
erpnext,P0,missing,Select Alternative Items for Sales Order,Sélectionner des articles alternatifs pour la commande client,erpnext/selling/doctype/quotation/quotation.js:333
erpnext,P0,missing,Select Finished Good,Sélectionnez Bien fini,erpnext/buying/doctype/purchase_order/purchase_order.js:240 erpnext/selling/doctype/sales_order/sales_order.js:818
erpnext,P0,missing,Select Items up to Delivery Date,Sélectionnez les articles jusqu'à la date de livraison,erpnext/selling/doctype/sales_order/sales_order_list.js:87
erpnext,P0,missing,Select a Payment Method.,Sélectionnez un mode de paiement.,erpnext/selling/page/point_of_sale/pos_payment.js:146
erpnext,P0,missing,Select an invoice to load summary data,Sélectionnez une facture pour charger les données récapitulatives,erpnext/selling/page/point_of_sale/pos_past_order_summary.js:19
erpnext,P0,missing,Select an item from each set to be used in the Sales Order.,Sélectionnez un article de chaque ensemble à utiliser dans la commande client.,erpnext/selling/doctype/quotation/quotation.js:348
erpnext,P0,missing,Serial numbers unavailable for Item {0} under warehouse {1}. Please try changing warehouse.,Numéros de série indisponibles pour l'article {0} sous l'entrepôt {1}. Veuillez essayer de changer d'entrepôt.,erpnext/selling/page/point_of_sale/pos_item_details.js:449
erpnext,P0,missing,Set Supplier,Définir le fournisseur,erpnext/selling/doctype/sales_order/sales_order.js:1594
erpnext,P0,missing,Set Warehouse,Définir l'entrepôt,erpnext/selling/doctype/sales_order/sales_order.js:256
erpnext,P0,missing,Settings for Selling Module,Paramètres du module de vente,erpnext/crm/doctype/crm_settings/crm_settings.json erpnext/selling/doctype/selling_settings/selling_settings.json
erpnext,P0,missing,Show Aggregate Value from Subsidiary Companies,Afficher la valeur globale des filiales,erpnext/selling/report/sales_analytics/sales_analytics.js:103
erpnext,P0,missing,Show only the Immediate Upcoming Term,Afficher uniquement le terme à venir immédiat,erpnext/selling/report/payment_terms_status_for_sales_order/payment_terms_status_for_sales_order.js:107
erpnext,P0,missing,Sold by,Vendu par,erpnext/selling/page/point_of_sale/pos_past_order_summary.js:86
erpnext,P0,missing,Stock Reservation Entry,Saisie de réservation de stock,erpnext/public/js/stock_reservation.js:309 erpnext/selling/doctype/sales_order/sales_order.js:467 erpnext/stock/doctype/stock_reservation_entry/stock_reservation_entry.json erpnext/stock/doctype/stock_reservation_entry/stock_reservation_entry.py:388 erpnext/stock/report/reserved_stock/reserved_stock.js:53 erpnext/stock/report/reserved_stock/reserved_stock.py:171 erpnext/subcontracting/doctype/subcontracting_order/subcontracting_order.js:343
erpnext,P0,missing,Stock Unreservation,Non-réservation de stock,erpnext/public/js/stock_reservation.js:230 erpnext/selling/doctype/sales_order/sales_order.js:451 erpnext/subcontracting/doctype/subcontracting_order/subcontracting_order.js:327
erpnext,P0,missing,Stock quantity not enough for Item Code: {0} under warehouse {1}. Available quantity {2} {3}.,Quantité en stock insuffisante pour le code article : {0} sous l'entrepôt {1}. Quantité disponible {2} {3}.,erpnext/selling/page/point_of_sale/pos_controller.js:859
erpnext,P0,missing,Subcontracted Quantity,Quantité sous-traitée,erpnext/buying/doctype/purchase_order_item/purchase_order_item.json erpnext/selling/doctype/sales_order_item/sales_order_item.json
erpnext,P0,missing,Subcontracting Inward,Sous-traitance interne,erpnext/selling/doctype/sales_order/sales_order_dashboard.py:33 erpnext/selling/doctype/selling_settings/selling_settings.json
erpnext,P0,missing,Subcontracting Inward Order,Commandes entrantes de sous-traitance,erpnext/manufacturing/doctype/work_order/work_order.json erpnext/selling/doctype/sales_order/sales_order.js:1005 erpnext/stock/doctype/stock_entry/stock_entry.json erpnext/stock/doctype/stock_reservation_entry/stock_reservation_entry.json erpnext/subcontracting/doctype/subcontracting_inward_order/subcontracting_inward_order.json erpnext/subcontracting/workspace/subcontracting/subcontracting.json
erpnext,P0,missing,Subcontracting Inward Settings,Sous-traitance des paramètres internes,erpnext/selling/doctype/selling_settings/selling_settings.json
erpnext,P0,missing,Successfully linked to Supplier,Lié avec succès au fournisseur,erpnext/selling/doctype/customer/customer.js:271
erpnext,P0,missing,Supplier Number,Numéro de fournisseur,erpnext/selling/doctype/supplier_number_at_customer/supplier_number_at_customer.json
erpnext,P0,missing,Supplier Number At Customer,Numéro de fournisseur chez le client,erpnext/selling/doctype/supplier_number_at_customer/supplier_number_at_customer.json
erpnext,P0,missing,Supplier Numbers,Numéros de fournisseur,erpnext/selling/doctype/customer/customer.json
erpnext,P0,missing,Supplier Required,Fournisseur requis,erpnext/selling/doctype/sales_order/sales_order.js:1676
erpnext,P0,missing,Supplier is required for all selected Items,Le fournisseur est requis pour tous les articles sélectionnés,erpnext/selling/doctype/sales_order/sales_order.js:1675
erpnext,P0,missing,Supplier numbers assigned by the customer,Numéros de fournisseur attribués par le client,erpnext/selling/doctype/customer/customer.json
erpnext,P0,missing,Tax Category,Catégorie de taxe,erpnext/accounts/custom/address.json erpnext/accounts/doctype/pos_invoice/pos_invoice.json erpnext/accounts/doctype/pos_profile/pos_profile.json erpnext/accounts/doctype/purchase_invoice/purchase_invoice.json erpnext/accounts/doctype/purchase_taxes_and_charges_template/purchase_taxes_and_charges_template.json erpnext/accounts/doctype/sales_invoice/sales_invoice.json erpnext/accounts/doctype/sales_taxes_and_charges_template/sales_taxes_and_charges_template.json erpnext/accounts/doctype/tax_category/tax_category.json erpnext/accounts/doctype/tax_rule/tax_rule.json erpnext/accounts/workspace/accounting/accounting.json erpnext/buying/doctype/purchase_order/purchase_order.json erpnext/buying/doctype/supplier/supplier.json erpnext/buying/doctype/supplier_quotation/supplier_quotation.json erpnext/selling/doctype/customer/customer.json erpnext/selling/doctype/quotation/quotation.json erpnext/selling/doctype/sales_order/sales_order.json erpnext/stock/doctype/delivery_note/delivery_note.json erpnext/stock/doctype/item_tax/item_tax.json erpnext/stock/doctype/purchase_receipt/purchase_receipt.json
erpnext,P0,missing,Taxes,Impôts,erpnext/accounts/doctype/pos_closing_entry/closing_voucher_details.html:60 erpnext/accounts/doctype/pos_closing_entry/pos_closing_entry.json erpnext/accounts/doctype/subscription/subscription.json erpnext/accounts/doctype/tax_category/tax_category_dashboard.py:12 erpnext/accounts/report/sales_payment_summary/sales_payment_summary.py:26 erpnext/accounts/report/sales_payment_summary/sales_payment_summary.py:42 erpnext/selling/doctype/sales_order/sales_order.json erpnext/setup/doctype/item_group/item_group.json erpnext/stock/doctype/item/item.json
erpnext,P0,missing,Terms,Termes,erpnext/accounts/doctype/pos_invoice/pos_invoice.json erpnext/accounts/doctype/purchase_invoice/purchase_invoice.json erpnext/accounts/doctype/sales_invoice/sales_invoice.json erpnext/buying/doctype/purchase_order/purchase_order.json erpnext/buying/doctype/request_for_quotation/request_for_quotation.json erpnext/buying/doctype/supplier_quotation/supplier_quotation.json erpnext/manufacturing/doctype/blanket_order/blanket_order.json erpnext/selling/doctype/quotation/quotation.json erpnext/selling/doctype/sales_order/sales_order.json erpnext/stock/doctype/delivery_note/delivery_note.json erpnext/stock/doctype/material_request/material_request.json erpnext/stock/doctype/purchase_receipt/purchase_receipt.json
erpnext,P0,missing,Terms & Conditions,Conditions générales,erpnext/buying/doctype/purchase_order/purchase_order.json erpnext/selling/doctype/sales_order/sales_order.json
erpnext,P0,missing,The current POS opening entry is outdated. Please close it and create a new one.,L’entrée actuelle d’ouverture du point de vente est obsolète. Veuillez le fermer et en créer un nouveau.,erpnext/selling/page/point_of_sale/pos_controller.js:209
erpnext,P0,missing,This Sales Order has been fully subcontracted.,Cette commande client a été entièrement sous-traitée.,erpnext/selling/doctype/sales_order/sales_order.py:2006
erpnext,P0,missing,This item filter has already been applied for the {0},Ce filtre d'articles a déjà été appliqué pour le {0},erpnext/selling/doctype/party_specific_item/party_specific_item.py:35
erpnext,P0,missing,Time Taken to Deliver,Temps nécessaire pour livrer,erpnext/selling/report/sales_order_analysis/sales_order_analysis.py:324
erpnext,P0,missing,To Due Date,À la date d'échéance,erpnext/selling/report/payment_terms_status_for_sales_order/payment_terms_status_for_sales_order.js:83
erpnext,P0,missing,To Pay,Payer,erpnext/buying/doctype/purchase_order/purchase_order_list.js:22 erpnext/selling/doctype/sales_order/sales_order.json erpnext/selling/doctype/sales_order/sales_order_list.js:25
erpnext,P0,missing,Total Items,Total des articles,erpnext/selling/page/point_of_sale/pos_item_cart.js:92
erpnext,P0,missing,Total Only,Total seulement,erpnext/selling/report/sales_analytics/sales_analytics.js:96
erpnext,P0,missing,Total Picked Quantity {0} is more than ordered qty {1}. You can set the Over Picking Allowance in Stock Settings.,La quantité totale prélevée {0} est supérieure à la quantité commandée {1}. Vous pouvez définir l'allocation de surcueillette dans les paramètres de stock.,erpnext/selling/doctype/sales_order/sales_order.py:712
erpnext,P0,missing,Total Sales Amount,Montant total des ventes,erpnext/selling/report/item_wise_sales_history/item_wise_sales_history.py:256
erpnext,P0,missing,Total quantity in delivery schedule cannot be greater than the item quantity,La quantité totale dans le programme de livraison ne peut pas être supérieure à la quantité d'articles,erpnext/selling/doctype/sales_order/sales_order.js:665
erpnext,P0,missing,Transaction,Transaction,erpnext/accounts/doctype/bank_reconciliation_tool/bank_reconciliation_tool.py:463 erpnext/accounts/doctype/pricing_rule/pricing_rule.json erpnext/accounts/doctype/promotional_scheme/promotional_scheme.json erpnext/manufacturing/doctype/workstation/workstation_dashboard.py:10 erpnext/selling/doctype/selling_settings/selling_settings.json erpnext/setup/doctype/authorization_rule/authorization_rule.json erpnext/stock/doctype/repost_item_valuation/repost_item_valuation.json
erpnext,P0,missing,Unreserve Stock,Stock sans réserve,erpnext/public/js/stock_reservation.js:245 erpnext/selling/doctype/sales_order/sales_order.js:502 erpnext/subcontracting/doctype/subcontracting_order/subcontracting_order.js:378
erpnext,P0,missing,Update Additional Information,Mettre à jour les informations supplémentaires,erpnext/selling/page/point_of_sale/pos_payment.js:22
erpnext,P0,missing,Use Legacy (Client side) Reactivity,Utiliser la réactivité héritée (côté client),erpnext/selling/doctype/selling_settings/selling_settings.json
erpnext,P0,missing,Use Prices from Default Price List as Fallback,Utiliser les prix de la liste de prix par défaut comme solution de secours,erpnext/selling/doctype/selling_settings/selling_settings.json
erpnext,P0,missing,Variance ({}),Écart ({}),erpnext/selling/report/sales_partner_target_variance_based_on_item_group/item_group_wise_sales_target_variance.py:118
erpnext,P0,missing,Week {0} {1},Semaine {0} {1},erpnext/selling/report/sales_analytics/sales_analytics.py:433 erpnext/stock/report/stock_analytics/stock_analytics.py:112
erpnext,P0,missing,You have enabled {0} and {1} in {2}. This can lead to prices from the default price list being inserted into the transaction price list.,Vous avez activé {0} et {1} dans {2}. Cela peut conduire à l'insertion de prix de la liste de prix par défaut dans la liste de prix de transaction.,erpnext/selling/doctype/selling_settings/selling_settings.py:88
erpnext,P0,missing,You have unsaved changes. Do you want to save the invoice?,Vous avez des modifications non enregistrées. Voulez-vous enregistrer la facture?,erpnext/selling/page/point_of_sale/pos_controller.js:308
erpnext,P0,missing,discount applied,réduction appliquée,erpnext/selling/page/point_of_sale/pos_item_cart.js:450
erpnext,P0,missing,doc_type,type_doc,erpnext/selling/report/sales_person_commission_summary/sales_person_commission_summary.py:46 erpnext/selling/report/sales_person_wise_transaction_summary/sales_person_wise_transaction_summary.py:58
erpnext,P0,missing,doctype,type de document,erpnext/selling/report/sales_partner_commission_summary/sales_partner_commission_summary.py:25 erpnext/selling/report/sales_partner_transaction_summary/sales_partner_transaction_summary.py:25
erpnext,P0,missing,{}  To Deliver,{} Pour livrer,erpnext/selling/workspace/selling/selling.json
erpnext,P1,missing,  ,,erpnext/setup/doctype/email_digest/email_digest.json
erpnext,P1,missing,(Daily Yield * No of Units Produced) / 100,(Rendement journalier * Nombre d'unités produites) / 100,erpnext/stock/doctype/item_lead_time/item_lead_time.json
erpnext,P1,missing,(Good Units Produced / Total Units Produced) × 100,(Bonnes unités produites / Total des unités produites) × 100,erpnext/stock/doctype/item_lead_time/item_lead_time.json
erpnext,P1,missing,(Total Workstation Time / Manufacturing Time) * 60,(Durée totale du poste de travail / Temps de fabrication) * 60,erpnext/stock/doctype/item_lead_time/item_lead_time.json
erpnext,P1,missing,"<h4>Standard Terms and Conditions Example</h4>

<pre>Delivery Terms for Order number {{ name }}

-Order Date : {{ transaction_date }} 
-Expected Delivery Date : {{ delivery_date }}
</pre>

<h4>How to get fieldnames</h4>

<p>The fieldnames you can use in your email template are the fields in the document from which you are sending the email. You can find out the fields of any documents via Setup &gt; Customize Form View and selecting the document type (e.g. Sales Invoice)</p>

<h4>Templating</h4>

<p>Templates are compiled using the Jinja Templating Language. To learn more about Jinja, <a class=""strong"" href=""http://jinja.pocoo.org/docs/dev/templates/"">read this documentation.</a></p>","<h4>Exemple de conditions générales standard</h4>

<pre>Conditions de livraison pour le numéro de commande {{ name }}

-Date de commande : {{ transaction_date }} 
-Date de livraison prévue : {{ delivery_date }}
</pre>

<h4>Comment obtenir les noms de champs</h4>

<p>Les noms de champs que vous pouvez utiliser dans votre modèle d'e-mail sont les champs du document à partir duquel vous envoyez l'e-mail. Vous pouvez connaître les champs de n'importe quel document via Configuration &gt; Personnalisez la vue du formulaire et sélectionnez le type de document (par exemple, facture de vente) </p>

<h4>Modèles</h4>

Les modèles <p> sont compilés à l'aide du langage de modèles Jinja. Pour en savoir plus sur Jinja, <a class=""strong"" href=""http://jinja.pocoo.org/docs/dev/templates/"">lisez cette documentation.</a></p>",erpnext/setup/doctype/terms_and_conditions/terms_and_conditions.json
erpnext,P1,missing,"<p>In your <b>Email Template</b>, you can use the following special variables:
</p>
<ul>
        <li>
            <code>{{ update_password_link }}</code>: A link where your supplier can set a new password to log into your portal.
        </li>
        <li>
            <code>{{ portal_link }}</code>: A link to this RFQ in your supplier portal.
        </li>
        <li>
            <code>{{ supplier_name }}</code>: The company name of your supplier.
        </li>
        <li>
            <code>{{ contact.salutation }} {{ contact.last_name }}</code>: The contact person of your supplier.
        </li><li>
            <code>{{ user_fullname }}</code>: Your full name.
        </li>
    </ul>
<p></p>
<p>Apart from these, you can access all values in this RFQ, like <code>{{ message_for_supplier }}</code> or <code>{{ terms }}</code>.</p>","<p>Dans votre <b>Email Template</b>, vous pouvez utiliser les variables spéciales suivantes :
</p>
<ul>
        <li>
            <code>{{ update_password_link }}</code> : un lien permettant à votre fournisseur de définir un nouveau mot de passe pour se connecter à votre portail.
        </li>
        <li>
            <code>{{ portal_link }}</code> : Un lien vers cette demande de prix dans votre portail fournisseur.
        </li>
        <li>
            <code>{{ supplier_name }}</code> : Le nom de l'entreprise de votre fournisseur.
        </li>
        <li>
            <code>{{ contact.salutation }} {{ contact.last_name }}</code> : La personne de contact de votre fournisseur.
        </li><li>
            <code>{{ user_fullname }}</code> : Votre nom complet.
        </li>
    </ul>
<p></p>
<p>En dehors de celles-ci, vous pouvez accéder à toutes les valeurs de cet appel d'offres, comme <code>{{ message_for_supplier }}</code> ou <code>{{ terms }}</code>.</p>",erpnext/buying/doctype/request_for_quotation/request_for_quotation.json
erpnext,P1,missing,"<p>Price List Rate has not been set as editable in Selling Settings. In this scenario, setting <strong>Update Price List Based On</strong> to <strong>Price List Rate</strong> will prevent auto-updation of Item Price.</p>Are you sure you want to continue?","<p>Le tarif catalogue n'a pas été défini comme modifiable dans les paramètres de vente. Dans ce scénario, définir <strong>Mettre à jour la liste de prix basée sur</strong> sur <strong>Taux de liste de prix</strong> empêchera la mise à jour automatique du prix de l'article.</p>Êtes-vous sûr de vouloir continuer ?",erpnext/stock/doctype/stock_settings/stock_settings.js:69
erpnext,P1,missing,"<span class=""h4""><b>Masters &amp; Reports</b></span>","<span class=""h4""><b>Masters &amp; Rapports</b></span>",erpnext/stock/workspace/stock/stock.json
erpnext,P1,missing,"<span class=""h4""><b>Your Shortcuts
			
		
			
		
			
		</b></span>","<span class=""h4""><b>Vos raccourcis
			
		
			
		
			
		</b></span>",erpnext/setup/workspace/settings/settings.json
erpnext,P1,missing,"<table class=""table table-bordered table-condensed"">
<thead>
  <tr>
         <th class=""table-sr"" style=""width: 50%;"">Child Document</th>
         <th class=""table-sr"" style=""width: 50%;"">Non Child Document</th>
   </tr>
</thead>
<tbody>
<tr>
         <td>
                  <p> To access parent document field use parent.fieldname and to access child table document field use doc.fieldname </p>

         </td>
         <td>
                    <p>To access document field use doc.fieldname </p>
         </td>
</tr>
<tr>
        <td>
                   <p><b>Example: </b> parent.doctype == ""Stock Entry"" and doc.item_code == ""Test"" </p>

        </td>
         <td>
                   <p><b>Example: </b> doc.doctype == ""Stock Entry"" and doc.purpose == ""Manufacture""</p>    
          </td>
</tr>

</tbody>
</table>






","<table class=""table table-bordered table-condensed"">
<thead>
  <tr>
         <th class=""table-sr"" style=""width: 50%;"">Document enfant</th>
         <th class=""table-sr"" style=""width: 50%;"">Document non enfant</th>
   </tr>
</thead>
<tbody>
<tr>
         <td>
                  <p> Pour accéder au champ du document parent, utilisez parent.fieldname et pour accéder au champ du document de la table enfant, utilisez doc.fieldname </p>

         </td>
         <td>
                    <p>Pour accéder au champ du document, utilisez doc.fieldname </p>
         </td>
</tr>
<tr>
        <td>
                   <p><b>Exemple : </b> parent.doctype == ""Entrée en stock"" et doc.item_code == ""Test"" </p>

        </td>
         <td>
                   <p><b>Exemple : </b> doc.doctype == ""Entrée en stock"" et doc.Purpose == ""Fabrication""</p>    
          </td>
</tr>

</tbody>
</table>",erpnext/stock/doctype/inventory_dimension/inventory_dimension.json
erpnext,P1,untranslated_copy,A - B,A-B,erpnext/stock/report/stock_ledger_invariant_check/stock_ledger_invariant_check.py:213 erpnext/stock/report/stock_ledger_variance/stock_ledger_variance.py:116
erpnext,P1,missing,A Transaction Deletion Document: {0} is triggered for {0},Un document de suppression de transaction : {0} est déclenché pour {0},erpnext/setup/doctype/company/company.py:1078
erpnext,P1,missing,A naming series conflict occurred while creating serial numbers. Please change the naming series for the item {0}.,Un conflit de séries de noms s'est produit lors de la création des numéros de série. Veuillez modifier la série de noms pour l'élément {0}.,erpnext/stock/serial_batch_bundle.py:1440
erpnext,P1,untranslated_copy,A-,UN-,erpnext/setup/doctype/employee/employee.json
erpnext,P1,untranslated_copy,AB+,AB+,erpnext/setup/doctype/employee/employee.json
erpnext,P1,untranslated_copy,AB-,AB-,erpnext/setup/doctype/employee/employee.json
erpnext,P1,missing,AMC Expiry (Serial),Expiration AMC (série),erpnext/stock/report/serial_no_and_batch_traceability/serial_no_and_batch_traceability.py:548
erpnext,P1,missing,"According to the BOM {0}, the Item '{1}' is missing in the stock entry.","D'après la nomenclature {0}, l'article '{1}' est manquant dans l'entrée de stock.",erpnext/stock/doctype/stock_entry/stock_entry.py:939
erpnext,P1,missing,Account {0} is disabled.,Le compte {0} est désactivé.,erpnext/setup/doctype/company/company.py:266
erpnext,P1,missing,Accounting Entry for LCV in Stock Entry {0},Écriture comptable du VUL en écriture de stock {0},erpnext/stock/doctype/stock_entry/stock_entry.py:1883 erpnext/stock/doctype/stock_entry/stock_entry.py:1903
erpnext,P1,missing,Accounting entries are frozen up to this date. Only users with the specified role can create or modify entries before this date.,Les écritures comptables sont gelées jusqu'à cette date. Seuls les utilisateurs disposant du rôle spécifié peuvent créer ou modifier des entrées avant cette date.,erpnext/setup/doctype/company/company.json
erpnext,P1,untranslated_copy,Acre,Acre,erpnext/setup/setup_wizard/data/uom_data.json
erpnext,P1,missing,Administrative Assistant,adjointe administrative,erpnext/setup/setup_wizard/data/designation.txt:2
erpnext,P1,missing,Administrative Officer,Agent administratif,erpnext/setup/setup_wizard/data/designation.txt:3
erpnext,P1,missing,Advance Voucher No,Bon d'avance Non,erpnext/accounts/doctype/journal_entry_account/journal_entry_account.json erpnext/accounts/doctype/payment_entry_reference/payment_entry_reference.json
erpnext,P1,missing,Advance Voucher Type,Type de bon d'avance,erpnext/accounts/doctype/journal_entry_account/journal_entry_account.json erpnext/accounts/doctype/payment_entry_reference/payment_entry_reference.json
erpnext,P1,missing,Advances,Avances,erpnext/accounts/doctype/pos_invoice/pos_invoice.json erpnext/accounts/doctype/purchase_invoice/purchase_invoice.json erpnext/accounts/doctype/sales_invoice/sales_invoice.json
erpnext,P1,missing,Advertisement,Publicité,erpnext/setup/setup_wizard/data/marketing_source.txt:3
erpnext,P1,missing,Advertising,Publicité,erpnext/setup/setup_wizard/data/industry_type.txt:2
erpnext,P1,missing,Against Customer Order {0},Contre la commande client {0},erpnext/accounts/doctype/sales_invoice/sales_invoice.py:1076
erpnext,P1,missing,Against Finished Good,Contre le bien fini,erpnext/stock/doctype/stock_entry_detail/stock_entry_detail.json
erpnext,P1,missing,Against Pick List,Contre la liste de sélection,erpnext/stock/doctype/delivery_note_item/delivery_note_item.json
erpnext,P1,untranslated_copy,Agriculture,Agriculture,erpnext/setup/setup_wizard/data/industry_type.txt:4
erpnext,P1,missing,All items have already been received,Tous les articles ont déjà été reçus,erpnext/stock/doctype/delivery_note/delivery_note.py:1208
erpnext,P1,missing,All items must be linked to a Sales Order or Subcontracting Inward Order for this Sales Invoice.,Tous les articles doivent être liés à une commande client ou à une commande entrante de sous-traitance pour cette facture de vente.,erpnext/accounts/doctype/sales_invoice/sales_invoice.py:1215
erpnext,P1,missing,All linked Sales Orders must be subcontracted.,Toutes les commandes client liées doivent être sous-traitées.,erpnext/accounts/doctype/sales_invoice/sales_invoice.py:1226
erpnext,P1,missing,Allocate Payment Request,Allouer une demande de paiement,erpnext/accounts/doctype/payment_entry/payment_entry.js:1711
erpnext,P1,missing,Allow Internal Transfers at Arm's Length Price,Autoriser les transferts internes à un prix de pleine concurrence,erpnext/stock/doctype/stock_settings/stock_settings.json
erpnext,P1,missing,Allow Partial Payment,Autoriser le paiement partiel,erpnext/accounts/doctype/pos_profile/pos_profile.json
erpnext,P1,missing,Allow Partial Reservation,Autoriser la réservation partielle,erpnext/stock/doctype/stock_settings/stock_settings.json
erpnext,P1,missing,Allow UOM with Conversion Rate Defined in Item,Autoriser l'UdM avec le taux de conversion défini dans l'article,erpnext/stock/doctype/stock_settings/stock_settings.json
erpnext,P1,missing,Allow User to Edit Discount,Autoriser l'utilisateur à modifier la remise,erpnext/accounts/doctype/pos_profile/pos_profile.json
erpnext,P1,missing,Allow User to Edit Rate,Autoriser l'utilisateur à modifier le taux,erpnext/accounts/doctype/pos_profile/pos_profile.json
erpnext,P1,missing,Allow Variant UOM to be different from Template UOM,Autoriser l'UdM de variante à être différente de l'UdM de modèle,erpnext/stock/doctype/item_variant_settings/item_variant_settings.json
erpnext,P1,missing,Allow existing Serial No to be Manufactured/Received again,Autoriser la fabrication/la réception du numéro de série existant,erpnext/stock/doctype/stock_settings/stock_settings.json
erpnext,P1,missing,Allow to Edit Stock UOM Qty for Purchase Documents,Autoriser la modification de la quantité UdM de stock pour les documents d'achat,erpnext/stock/doctype/stock_settings/stock_settings.json
erpnext,P1,missing,Allow to Edit Stock UOM Qty for Sales Documents,Autoriser la modification de la quantité UdM de stock pour les documents de vente,erpnext/stock/doctype/stock_settings/stock_settings.json
erpnext,P1,missing,Allow to Make Quality Inspection after Purchase / Delivery,Permettre de faire une inspection de qualité après l'achat/livraison,erpnext/stock/doctype/stock_settings/stock_settings.json
erpnext,P1,missing,Allows to keep aside a specific quantity of inventory for a particular order.,Permet de conserver une quantité spécifique de stock pour une commande particulière.,erpnext/stock/doctype/stock_settings/stock_settings.json
erpnext,P1,missing,Allows users to submit Purchase Orders with zero quantity. Useful when rates are fixed but the quantities are not. Eg. Rate Contracts.,Permet aux utilisateurs de soumettre des bons de commande avec une quantité nulle. Utile lorsque les tarifs sont fixes mais que les quantités ne le sont pas. Par exemple. Contrats tarifaires.,erpnext/buying/doctype/buying_settings/buying_settings.json
erpnext,P1,missing,Allows users to submit Request for Quotations with zero quantity. Useful when rates are fixed but the quantities are not. Eg. Rate Contracts.,Permet aux utilisateurs de soumettre des demandes de devis avec une quantité nulle. Utile lorsque les tarifs sont fixes mais que les quantités ne le sont pas. Par exemple. Contrats tarifaires.,erpnext/buying/doctype/buying_settings/buying_settings.json
erpnext,P1,missing,Allows users to submit Supplier Quotations with zero quantity. Useful when rates are fixed but the quantities are not. Eg. Rate Contracts.,Permet aux utilisateurs de soumettre des devis fournisseurs avec une quantité nulle. Utile lorsque les tarifs sont fixes mais que les quantités ne le sont pas. Par exemple. Contrats tarifaires.,erpnext/buying/doctype/buying_settings/buying_settings.json
erpnext,P1,missing,Also you can't switch back to FIFO after setting the valuation method to Moving Average for this item.,"De plus, vous ne pouvez pas revenir au FIFO après avoir défini la méthode d'évaluation sur Moyenne mobile pour cet article.",erpnext/stock/doctype/item/item.js:20
erpnext,P1,missing,Amount Difference with Purchase Invoice,Différence de montant avec la facture d'achat,erpnext/stock/doctype/purchase_receipt_item/purchase_receipt_item.json
erpnext,P1,missing,An Item Group is a way to classify items based on types.,Un groupe d'articles est un moyen de classer les éléments en fonction de leurs types.,erpnext/setup/doctype/item_group/item_group.json
erpnext,P1,missing,An error occurred for certain Items while creating Material Requests based on Re-order level. Please rectify these issues :,Une erreur s'est produite pour certains articles lors de la création de demandes de matériel basées sur le niveau de réapprovisionnement. Veuillez corriger ces problèmes :,erpnext/stock/reorder_item.py:386
erpnext,P1,missing,"Any one of following filters required: warehouse, Item Code, Item Group","L'un des filtres suivants est requis : entrepôt, code article, groupe d'articles.",erpnext/stock/report/fifo_queue_vs_qty_after_transaction_comparison/fifo_queue_vs_qty_after_transaction_comparison.py:37
erpnext,P1,missing,Apparel & Accessories,Vêtements et accessoires,erpnext/setup/setup_wizard/data/industry_type.txt:6
erpnext,P1,missing,Applied on each reading.,Appliqué à chaque lecture.,erpnext/stock/doctype/quality_inspection_reading/quality_inspection_reading.json
erpnext,P1,missing,Apply TDS,Appliquer TDS,erpnext/accounts/doctype/purchase_invoice_item/purchase_invoice_item.json erpnext/buying/doctype/purchase_order_item/purchase_order_item.json erpnext/stock/doctype/purchase_receipt_item/purchase_receipt_item.json
erpnext,P1,missing,Apply to All Inventory Documents,Appliquer à tous les documents d'inventaire,erpnext/stock/doctype/inventory_dimension/inventory_dimension.json
erpnext,P1,untranslated_copy,Are,Sont,erpnext/setup/setup_wizard/data/uom_data.json
erpnext,P1,missing,"As there are existing submitted transactions against item {0}, you can not change the value of {1}.","Comme il existe des transactions soumises pour l'article {0}, vous ne pouvez pas modifier la valeur de {1}.",erpnext/stock/doctype/item/item.py:987
erpnext,P1,missing,"As there are reserved stock, you cannot disable {0}.","Comme il y a du stock réservé, vous ne pouvez pas désactiver {0}.",erpnext/stock/doctype/stock_settings/stock_settings.py:203
erpnext,P1,missing,"As {0} is enabled, you can not enable {1}.","Comme {0} est activé, vous ne pouvez pas activer {1}.",erpnext/stock/doctype/stock_settings/stock_settings.py:177 erpnext/stock/doctype/stock_settings/stock_settings.py:189
erpnext,P1,missing,Asset returned,Actif restitué,erpnext/accounts/doctype/sales_invoice/sales_invoice.py:1445
erpnext,P1,missing,At least one warehouse is mandatory,Au moins un entrepôt est obligatoire,erpnext/stock/doctype/stock_entry/stock_entry.py:773
erpnext,P1,missing,"At row #{0}: you have selected the Difference Account {1}, which is a Cost of Goods Sold type account. Please select a different account","À la ligne #{0} : vous avez sélectionné le compte de différence {1}, qui est un compte de type Coût des marchandises vendues. Veuillez sélectionner un autre compte",erpnext/stock/doctype/stock_entry/stock_entry.py:697
erpnext,P1,missing,At row {0}: Batch No is mandatory for Item {1},À la ligne {0} : le numéro de lot est obligatoire pour l'article {1},erpnext/stock/doctype/serial_and_batch_bundle/serial_and_batch_bundle.py:1077
erpnext,P1,missing,At row {0}: Qty is mandatory for the batch {1},A la ligne {0} : La quantité est obligatoire pour le lot {1},erpnext/stock/doctype/serial_and_batch_bundle/serial_and_batch_bundle.py:1062
erpnext,P1,missing,At row {0}: Serial No is mandatory for Item {1},À la ligne {0} : le numéro de série est obligatoire pour l'article {1},erpnext/stock/doctype/serial_and_batch_bundle/serial_and_batch_bundle.py:1069
erpnext,P1,missing,Attribute value: {0} must appear only once,Valeur de l'attribut : {0} ne doit apparaître qu'une seule fois,erpnext/stock/doctype/item_attribute/item_attribute.py:108
erpnext,P1,missing,Auto Create Exchange Rate Revaluation,Créer automatiquement une réévaluation du taux de change,erpnext/setup/doctype/company/company.json
erpnext,P1,missing,Auto Create Purchase Receipt,Créer automatiquement un reçu d'achat,erpnext/buying/doctype/buying_settings/buying_settings.json
erpnext,P1,missing,Auto Create Serial and Batch Bundle For Outward,Création automatique d'un lot de séries et de lots pour l'envoi,erpnext/stock/doctype/stock_settings/stock_settings.json
erpnext,P1,missing,Auto Create Subcontracting Order,Création automatique d'une commande de sous-traitance,erpnext/buying/doctype/buying_settings/buying_settings.json
erpnext,P1,missing,Auto Created (Reorder),Créé automatiquement (réorganiser),erpnext/stock/doctype/material_request/material_request.json
erpnext,P1,missing,Auto Created Serial and Batch Bundle,Ensemble de séries et de lots créés automatiquement,erpnext/stock/doctype/stock_ledger_entry/stock_ledger_entry.json
erpnext,P1,missing,Auto Reserve Stock,Stock de réserve automatique,erpnext/stock/doctype/stock_settings/stock_settings.json
erpnext,P1,missing,Auto Reserve Stock for Sales Order on Purchase,Stock de réserve automatique pour la commande client lors de l'achat,erpnext/stock/doctype/stock_settings/stock_settings.json
erpnext,P1,missing,Auto write off precision loss while consolidation,Annulation automatique de la perte de précision lors de la consolidation,erpnext/accounts/doctype/pos_profile/pos_profile.json
erpnext,P1,missing,Automatically Add Filtered Item To Cart,Ajouter automatiquement un article filtré au panier,erpnext/accounts/doctype/pos_profile/pos_profile.json
erpnext,P1,missing,Available Qty For Consumption,Quantité disponible pour la consommation,erpnext/buying/doctype/purchase_receipt_item_supplied/purchase_receipt_item_supplied.json erpnext/subcontracting/doctype/subcontracting_receipt_supplied_item/subcontracting_receipt_supplied_item.json
erpnext,P1,missing,Available Qty at Company,Quantité disponible dans l'entreprise,erpnext/buying/doctype/purchase_order_item/purchase_order_item.json
erpnext,P1,missing,Available Qty at Target Warehouse,Quantité disponible à l'entrepôt cible,erpnext/buying/doctype/purchase_order_item/purchase_order_item.json
erpnext,P1,missing,Available Qty to Reserve,Quantité disponible à réserver,erpnext/stock/doctype/stock_reservation_entry/stock_reservation_entry.json erpnext/stock/report/reserved_stock/reserved_stock.py:138
erpnext,P1,missing,Available Serial No,Numéro de série disponible,erpnext/stock/report/available_serial_no/available_serial_no.json
erpnext,P1,missing,Average Order Values,Valeurs moyennes des commandes,erpnext/buying/workspace/buying/buying.json
erpnext,P1,missing,Avg Rate,Taux moyen,erpnext/stock/doctype/serial_and_batch_bundle/serial_and_batch_bundle.json
erpnext,P1,untranslated_copy,B-,B-,erpnext/setup/doctype/employee/employee.json
erpnext,P1,missing,Balance Qty (Stock),Quantité restante (stock),erpnext/stock/page/warehouse_capacity_summary/warehouse_capacity_summary.js:71
erpnext,P1,missing,Balance Stock Qty,Quantité de stock en solde,erpnext/stock/page/warehouse_capacity_summary/warehouse_capacity_summary_header.html:13
erpnext,P1,missing,Balance Stock Value,Valeur du stock de solde,erpnext/stock/doctype/stock_closing_balance/stock_closing_balance.json erpnext/stock/doctype/stock_ledger_entry/stock_ledger_entry.json
erpnext,P1,untranslated_copy,Barleycorn,Maïs d'orge,erpnext/setup/setup_wizard/data/uom_data.json
erpnext,P1,missing,"Based on your HR Policy, select your leave allocation period's start date","En fonction de votre politique RH, sélectionnez la date de début de votre période d'attribution de congés",erpnext/setup/doctype/holiday_list/holiday_list.js:55
erpnext,P1,missing,Batch No {0} is linked with Item {1} which has serial no. Please scan serial no instead.,Le numéro de lot {0} est lié à l'article {1} qui porte le numéro de série. Veuillez plutôt scanner le numéro de série.,erpnext/stock/utils.py:646
erpnext,P1,missing,"Batch No {0} is not present in the original {1} {2}, hence you can't return it against the {1} {2}","Le lot n° {0} n'est pas présent dans le {1} {2} d'origine, vous ne pouvez donc pas le retourner contre le {1} {2}",erpnext/stock/doctype/serial_and_batch_bundle/serial_and_batch_bundle.py:406
erpnext,P1,missing,Batch Qty updated successfully,Quantité de lots mise à jour avec succès,erpnext/stock/report/stock_qty_vs_batch_qty/stock_qty_vs_batch_qty.py:120
erpnext,P1,missing,Batch Qty updated to {0},Quantité de lot mise à jour à {0},erpnext/stock/doctype/batch/batch.py:177
erpnext,P1,missing,Batchwise Valuation,Valorisation par lots,erpnext/stock/report/fifo_queue_vs_qty_after_transaction_comparison/fifo_queue_vs_qty_after_transaction_comparison.py:164 erpnext/stock/report/stock_ledger_invariant_check/stock_ledger_invariant_check.py:183 erpnext/stock/report/stock_ledger_variance/stock_ledger_variance.py:86
erpnext,P1,missing,"Billed, Received & Returned","Facturé, reçu et retourné",erpnext/buying/doctype/purchase_order_item/purchase_order_item.json
erpnext,P1,missing,Bin Qty Recalculated,Qté du bac recalculée,erpnext/stock/doctype/bin/bin.js:16
erpnext,P1,missing,Biot,Biot,erpnext/setup/setup_wizard/data/uom_data.json
erpnext,P1,missing,Biotechnology,Biotechnologie,erpnext/setup/setup_wizard/data/industry_type.txt:9
erpnext,P1,missing,Book Advance Payments as Liability option is chosen. Paid From account changed from {0} to {1}.,L’option Conserver les paiements anticipés en tant que responsabilité est choisie. Le compte Payé depuis est passé de {0} à {1}.,erpnext/accounts/doctype/payment_entry/payment_entry.py:282
erpnext,P1,missing,Book Advance Payments in Separate Party Account,Enregistrer les paiements anticipés dans un compte séparé,erpnext/accounts/doctype/payment_entry/payment_entry.json erpnext/setup/doctype/company/company.json
erpnext,P1,missing,Booking stock value across multiple accounts will make it harder to track stock and account value.,La réservation de la valeur du stock sur plusieurs comptes rendra plus difficile le suivi de la valeur du stock et du compte.,erpnext/stock/doctype/warehouse/warehouse.py:146
erpnext,P1,missing,Both Payable Account: {0} and Advance Account: {1} must be of same currency for company: {2},Le compte payable : {0} et le compte d'avance : {1} doivent être dans la même devise pour la société : {2}.,erpnext/setup/doctype/supplier_group/supplier_group.py:57
erpnext,P1,missing,Both Receivable Account: {0} and Advance Account: {1} must be of same currency for company: {2},Le compte client : {0} et le compte d'avance : {1} doivent être dans la même devise pour la société : {2}.,erpnext/setup/doctype/customer_group/customer_group.py:62
erpnext,P1,missing,Broadcasting,Radiodiffusion,erpnext/setup/setup_wizard/data/industry_type.txt:10
erpnext,P1,missing,Brokerage,Courtage,erpnext/setup/setup_wizard/data/industry_type.txt:11
erpnext,P1,missing,Btu (It),Btu (Il),erpnext/setup/setup_wizard/data/uom_data.json
erpnext,P1,missing,Btu (Mean),Btu (moyenne),erpnext/setup/setup_wizard/data/uom_data.json
erpnext,P1,missing,Btu (Th),Btu (Th),erpnext/setup/setup_wizard/data/uom_data.json
erpnext,P1,missing,Btu/Hour,Btu/heure,erpnext/setup/setup_wizard/data/uom_data.json
erpnext,P1,missing,Btu/Minutes,Btu/minutes,erpnext/setup/setup_wizard/data/uom_data.json
erpnext,P1,missing,Btu/Seconds,Btu/secondes,erpnext/setup/setup_wizard/data/uom_data.json
erpnext,P1,missing,Buffer Time,Temps tampon,erpnext/stock/doctype/item_lead_time/item_lead_time.json
erpnext,P1,missing,Bushel (UK),Boisseau (Royaume-Uni),erpnext/setup/setup_wizard/data/uom_data.json
erpnext,P1,missing,Bushel (US Dry Level),Boisseau (niveau sec américain),erpnext/setup/setup_wizard/data/uom_data.json
erpnext,P1,missing,Business Development Manager,Responsable du développement commercial,erpnext/setup/setup_wizard/data/designation.txt:7
erpnext,P1,missing,Buying & Selling Settings,Paramètres d'achat et de vente,erpnext/setup/doctype/company/company.json
erpnext,P1,missing,"By default, the Supplier Name is set as per the Supplier Name entered. If you want Suppliers to be named by a <a href='https://docs.erpnext.com/docs/user/manual/en/setting-up/settings/naming-series' target='_blank'>Naming Series</a> choose the 'Naming Series' option.","Par défaut, le nom du fournisseur est défini selon le nom du fournisseur saisi. Si vous souhaitez que les fournisseurs soient nommés par une <a href='https://docs.erpnext.com/docs/user/manual/en/setting-up/settings/naming-series' target='_blank'>Naming Series</a>, choisissez l'option « Naming Series ».",erpnext/buying/doctype/buying_settings/buying_settings.js:13
erpnext,P1,missing,CODE-39,CODE-39,erpnext/stock/doctype/item_barcode/item_barcode.json
erpnext,P1,missing,COGS By Item Group,COGS par groupe d'articles,erpnext/stock/report/cogs_by_item_group/cogs_by_item_group.json
erpnext,P1,missing,COGS Debit,Débit COGS,erpnext/stock/report/cogs_by_item_group/cogs_by_item_group.py:44
erpnext,P1,untranslated_copy,CRM,GRC,erpnext/crm/workspace/crm/crm.json erpnext/setup/workspace/home/home.json
erpnext,P1,missing,Caballeria,Caballería,erpnext/setup/setup_wizard/data/uom_data.json
erpnext,P1,missing,Calibre,Calibre,erpnext/setup/setup_wizard/data/uom_data.json
erpnext,P1,missing,Calorie (It),Calorie (ça),erpnext/setup/setup_wizard/data/uom_data.json
erpnext,P1,missing,Calorie (Mean),Calorie (moyenne),erpnext/setup/setup_wizard/data/uom_data.json
erpnext,P1,missing,Calorie (Th),Calories (Th),erpnext/setup/setup_wizard/data/uom_data.json
erpnext,P1,missing,Calorie/Seconds,Calories/secondes,erpnext/setup/setup_wizard/data/uom_data.json
erpnext,P1,missing,"Can't change the valuation method, as there are transactions against some items which do not have its own valuation method","Impossible de modifier la méthode d'évaluation, car il existe des transactions sur certains éléments qui n'ont pas leur propre méthode d'évaluation.",erpnext/setup/doctype/company/company.py:198 erpnext/stock/doctype/stock_settings/stock_settings.py:144
erpnext,P1,missing,Cannot Change Inventory Account Setting,Impossible de modifier les paramètres du compte d'inventaire,erpnext/setup/doctype/company/company.py:217
erpnext,P1,missing,"Cannot amend {0} {1}, please create a new one instead.","Impossible de modifier {0} {1}, veuillez en créer un nouveau à la place.",erpnext/stock/doctype/stock_reservation_entry/stock_reservation_entry.py:226
erpnext,P1,missing,"Cannot cancel Stock Reservation Entry {0}, as it has used in the work order {1}. Please cancel the work order first or unreserved the stock","Impossible d'annuler l'entrée de réservation de stock {0}, car elle a été utilisée dans l'ordre de travail {1}. Veuillez d'abord annuler le bon de travail ou annuler la réservation du stock.",erpnext/stock/doctype/stock_reservation_entry/stock_reservation_entry.py:140
erpnext,P1,missing,Cannot cancel as processing of cancelled documents is pending.,Impossible d'annuler car le traitement des documents annulés est en attente.,erpnext/stock/doctype/repost_item_valuation/repost_item_valuation.py:246
erpnext,P1,missing,Cannot cancel the transaction. Reposting of item valuation on submission is not completed yet.,Impossible d'annuler la transaction. La republication de la valorisation de l'article lors de la soumission n'est pas encore terminée.,erpnext/stock/stock_ledger.py:209
erpnext,P1,missing,Cannot create Stock Reservation Entries for future dated Purchase Receipts.,Impossible de créer des entrées de réservation de stock pour les reçus d'achat à date ultérieure.,erpnext/stock/doctype/purchase_receipt/purchase_receipt.py:1013
erpnext,P1,missing,Cannot delete Exchange Gain/Loss row,Impossible de supprimer la ligne Gain/Perte d'échange,erpnext/accounts/doctype/payment_entry/payment_entry.js:1808
erpnext,P1,missing,"Cannot disable perpetual inventory, as there are existing Stock Ledger Entries for the company {0}. Please cancel the stock transactions first and try again.","Impossible de désactiver l'inventaire perpétuel, car il existe des écritures comptables de stock existantes pour la société {0}. Veuillez d'abord annuler les transactions boursières et réessayer.",erpnext/setup/doctype/company/company.py:552
erpnext,P1,missing,"Cannot enable Item-wise Inventory Account, as there are existing Stock Ledger Entries for the company {0} with Warehouse-wise Inventory Account. Please cancel the stock transactions first and try again.","Impossible d'activer le compte de stock par article, car il existe des écritures comptables de stock existantes pour la société {0} avec un compte de stock par entrepôt. Veuillez d'abord annuler les transactions boursières et réessayer.",erpnext/setup/doctype/company/company.py:214
erpnext,P1,missing,Cannot enqueue multi docs for one company. {0} is already queued/running for company: {1},Impossible de mettre en file d'attente plusieurs documents pour une seule entreprise. {0} est déjà en file d'attente/en cours d'exécution pour l'entreprise : {1},erpnext/setup/doctype/transaction_deletion_record/transaction_deletion_record.py:110
erpnext,P1,missing,Cannot make any transactions until the deletion job is completed,Impossible d'effectuer des transactions tant que le travail de suppression n'est pas terminé,erpnext/setup/doctype/transaction_deletion_record/transaction_deletion_record.py:516
erpnext,P1,missing,Cannot receive from customer against negative outstanding,Impossible de recevoir du client contre un impayé négatif,erpnext/accounts/doctype/payment_entry/payment_entry.py:353
erpnext,P1,missing,Cannot {0} from {1} without any negative outstanding invoice,Impossible de {0} à partir de {1} sans facture impayée négative,erpnext/accounts/doctype/payment_entry/payment_entry.py:1999
erpnext,P1,missing,Capacity (In Days),Capacité (en jours),erpnext/stock/doctype/item/item.json
erpnext,P1,missing,Capacity (Stock UOM),Capacité (UdM de stock),erpnext/stock/page/warehouse_capacity_summary/warehouse_capacity_summary.js:69
erpnext,P1,untranslated_copy,Carat,Carat,erpnext/setup/setup_wizard/data/uom_data.json
erpnext,P1,missing,Carriage Paid To,Port payé jusqu'à,erpnext/setup/doctype/incoterm/incoterms.csv:6
erpnext,P1,missing,Carriage and Insurance Paid to,Port payé et assurance jusqu'à,erpnext/setup/doctype/incoterm/incoterms.csv:7
erpnext,P1,missing,Carrier Service,Service de transporteur,erpnext/stock/doctype/shipment/shipment.json
erpnext,P1,missing,Categorize by Supplier,Classer par fournisseur,erpnext/buying/report/supplier_quotation_comparison/supplier_quotation_comparison.js:83 erpnext/buying/report/supplier_quotation_comparison/supplier_quotation_comparison.js:86
erpnext,P1,missing,Caution: This might alter frozen accounts.,Attention : Cela pourrait modifier les comptes gelés.,erpnext/stock/doctype/repost_item_valuation/repost_item_valuation.py:181
erpnext,P1,untranslated_copy,Celsius,Celsius,erpnext/setup/setup_wizard/data/uom_data.json
erpnext,P1,missing,Cental,Centrale,erpnext/setup/setup_wizard/data/uom_data.json
erpnext,P1,missing,Centiarea,Zone centiare,erpnext/setup/setup_wizard/data/uom_data.json
erpnext,P1,untranslated_copy,Centilitre,Centilitre,erpnext/setup/setup_wizard/data/uom_data.json
erpnext,P1,missing,Chain,Chaîne,erpnext/setup/setup_wizard/data/uom_data.json
erpnext,P1,missing,Change in Stock Value,Variation de la valeur des actions,erpnext/stock/doctype/serial_and_batch_entry/serial_and_batch_entry.json erpnext/stock/doctype/stock_closing_balance/stock_closing_balance.json erpnext/stock/doctype/stock_ledger_entry/stock_ledger_entry.json erpnext/stock/report/serial_and_batch_summary/serial_and_batch_summary.py:169
erpnext,P1,missing,"Changing the valuation method to Moving Average will affect new transactions. If backdated entries are added, earlier FIFO-based entries will be reposted, which may change closing balances.","Le changement de méthode d'évaluation en Moyenne mobile affectera les nouvelles transactions. Si des écritures antidatées sont ajoutées, les écritures FIFO antérieures seront republiées, ce qui peut modifier les soldes de clôture.",erpnext/stock/doctype/item/item.js:16
erpnext,P1,missing,Charge of type 'Actual' in row {0} cannot be included in Item Rate or Paid Amount,Les frais de type « Réel » à la ligne {0} ne peuvent pas être inclus dans le tarif de l'article ou le montant payé.,erpnext/accounts/doctype/payment_entry/payment_entry.py:2318 erpnext/controllers/accounts_controller.py:3240
erpnext,P1,missing,Charges are updated in Purchase Receipt against each item,Les frais sont mis à jour dans le reçu d'achat pour chaque article,erpnext/stock/doctype/landed_cost_voucher/landed_cost_voucher.js:9
erpnext,P1,missing,"Charges will be distributed proportionately based on item qty or amount, as per your selection","Les frais seront répartis proportionnellement en fonction de la quantité ou du montant de l'article, selon votre sélection.",erpnext/stock/doctype/landed_cost_voucher/landed_cost_voucher.js:9
erpnext,P1,missing,Check Availability in Warehouse,Vérifier la disponibilité dans l'entrepôt,erpnext/stock/doctype/item_reorder/item_reorder.json
erpnext,P1,missing,Chief Financial Officer,Directeur financier,erpnext/setup/setup_wizard/data/designation.txt:10
erpnext,P1,missing,Chief Operating Officer,Directeur des Opérations,erpnext/setup/setup_wizard/data/designation.txt:11
erpnext,P1,missing,Chief Technology Officer,Directeur de la technologie,erpnext/setup/setup_wizard/data/designation.txt:12
erpnext,P1,missing,Child Row Reference,Référence de la ligne enfant,erpnext/public/js/controllers/transaction.js:2827 erpnext/stock/doctype/quality_inspection/quality_inspection.json
erpnext,P1,missing,Classification of Customers by region,Classification des Clients par région,erpnext/setup/doctype/territory/territory.json
erpnext,P1,missing,Click on Add to Holidays. This will populate the holidays table with all the dates that fall on the selected weekly off. Repeat the process for populating the dates for all your weekly holidays,Cliquez sur Ajouter aux jours fériés. Cela remplira le tableau des jours fériés avec toutes les dates qui correspondent au congé hebdomadaire sélectionné. Répétez le processus pour renseigner les dates de tous vos jours fériés hebdomadaires,erpnext/setup/doctype/holiday_list/holiday_list.js:70
erpnext,P1,missing,Cold Calling,Appel à froid,erpnext/setup/setup_wizard/data/marketing_source.txt:4
erpnext,P1,missing,Commercial,Commercial,erpnext/setup/setup_wizard/operations/install_fixtures.py:178
erpnext,P1,missing,Common Code,Code commun,erpnext/edi/doctype/common_code/common_code.json erpnext/setup/doctype/uom/uom.json
erpnext,P1,missing,Company which internal customer represents,Entreprise représentée par le client interne,erpnext/accounts/doctype/sales_invoice/sales_invoice.json
erpnext,P1,missing,Company which internal customer represents.,Entreprise représentée par le client interne.,erpnext/stock/doctype/delivery_note/delivery_note.json
erpnext,P1,missing,Company {} does not exist yet. Taxes setup aborted.,La société {} n'existe pas encore. La configuration des taxes a été abandonnée.,erpnext/setup/setup_wizard/operations/taxes_setup.py:14
erpnext,P1,missing,Conditional Rule,Règle conditionnelle,erpnext/stock/doctype/inventory_dimension/inventory_dimension.json
erpnext,P1,missing,Conditional Rule Examples,Exemples de règles conditionnelles,erpnext/stock/doctype/inventory_dimension/inventory_dimension.json
erpnext,P1,missing,Consider Rejected Warehouses,Considérez les entrepôts rejetés,erpnext/stock/doctype/pick_list/pick_list.json
erpnext,P1,missing,Considered In Paid Amount,Considéré dans le montant payé,erpnext/accounts/doctype/advance_taxes_and_charges/advance_taxes_and_charges.json erpnext/accounts/doctype/purchase_taxes_and_charges/purchase_taxes_and_charges.json erpnext/accounts/doctype/sales_taxes_and_charges/sales_taxes_and_charges.json
erpnext,P1,untranslated_copy,Consultant,Consultant,erpnext/crm/doctype/lead/lead.json erpnext/setup/setup_wizard/data/designation.txt:8
erpnext,P1,missing,Consumed quantity of item {0} exceeds transferred quantity.,La quantité consommée de l'article {0} dépasse la quantité transférée.,erpnext/stock/doctype/stock_entry_type/stock_entry_type.py:118
erpnext,P1,missing,Consumer Products,Produits de consommation,erpnext/setup/setup_wizard/data/industry_type.txt:15
erpnext,P1,missing,Consumption Rate,Taux de consommation,erpnext/stock/report/stock_ledger_invariant_check/stock_ledger_invariant_check.py:198 erpnext/stock/report/stock_ledger_variance/stock_ledger_variance.py:101
erpnext,P1,missing,Convert to Item Based Reposting,Convertir en republication basée sur les articles,erpnext/stock/doctype/stock_reposting_settings/stock_reposting_settings.js:10
erpnext,P1,missing,Convert to Ledger,Convertir en grand livre,erpnext/stock/doctype/warehouse/warehouse.js:52
erpnext,P1,missing,Cost of Goods Sold Account in Items Table,Compte du coût des marchandises vendues dans le tableau des articles,erpnext/stock/doctype/stock_entry/stock_entry.py:700
erpnext,P1,missing,Cost to Company (CTC),Coût pour l'entreprise (CTC),erpnext/setup/doctype/employee/employee.json
erpnext,P1,missing,"Cost, Insurance and Freight","Coût, assurance et fret",erpnext/setup/doctype/incoterm/incoterms.csv:9
erpnext,P1,missing,Could not find path for ,Impossible de trouver le chemin pour,erpnext/buying/doctype/supplier_scorecard_variable/supplier_scorecard_variable.py:46 erpnext/buying/doctype/supplier_scorecard_variable/supplier_scorecard_variable.py:50
erpnext,P1,missing,Coulomb,Coulomb,erpnext/setup/setup_wizard/data/uom_data.json
erpnext,P1,missing,Create Delivery Note,Créer un bon de livraison,erpnext/stock/doctype/pick_list/pick_list.js:132
erpnext,P1,missing,Create Grouped Asset,Créer un actif groupé,erpnext/stock/doctype/item/item.json
erpnext,P1,missing,Create Reposting Entries,Créer des entrées de republication,erpnext/stock/report/stock_and_account_value_comparison/stock_and_account_value_comparison.js:44 erpnext/stock/report/stock_ledger_variance/stock_ledger_variance.js:92
erpnext,P1,missing,Create Reposting Entry,Créer une entrée de republication,erpnext/stock/report/stock_ledger_invariant_check/stock_ledger_invariant_check.js:58
erpnext,P1,missing,Create Stock Entry,Créer une entrée de stock,erpnext/stock/dashboard/item_dashboard.js:283 erpnext/stock/doctype/material_request/material_request.js:488 erpnext/stock/doctype/pick_list/pick_list.js:138
erpnext,P1,missing,Create a variant with the template image.,Créez une variante avec l'image du modèle.,erpnext/stock/doctype/item/item.js:713 erpnext/stock/doctype/item/item.js:865
erpnext,P1,missing,Created {0} scorecards for {1} between:,Création de tableaux de bord {0} pour {1} entre :,erpnext/buying/doctype/supplier_scorecard/supplier_scorecard.py:250
erpnext,P1,missing,Creating Packing Slip ...,Création du bon de livraison...,erpnext/stock/doctype/packing_slip/packing_slip.js:42
erpnext,P1,missing,Creating Subcontracting Order ...,Création d'un ordre de sous-traitance...,erpnext/buying/doctype/purchase_order/purchase_order.js:575
erpnext,P1,missing,"Credit Note will update it's own outstanding amount, even if 'Return Against' is specified.","La note de crédit mettra à jour son propre montant impayé, même si « Retour contre » est spécifié.",erpnext/accounts/doctype/sales_invoice/sales_invoice.json
erpnext,P1,missing,Criteria weights must add up to 100%,Les pondérations des critères doivent totaliser 100 %,erpnext/buying/doctype/supplier_scorecard/supplier_scorecard.py:89 erpnext/buying/doctype/supplier_scorecard_period/supplier_scorecard_period.py:55
erpnext,P1,missing,Cross Listing of Item in multiple groups,Liste croisée d'articles dans plusieurs groupes,erpnext/setup/doctype/website_item_group/website_item_group.json
erpnext,P1,missing,Cup,Tasse,erpnext/setup/setup_wizard/data/uom_data.json
erpnext,P1,missing,Current Index,Indice actuel,erpnext/stock/doctype/repost_item_valuation/repost_item_valuation.json
erpnext,P1,missing,Current Serial / Batch Bundle,Série/lot actuel,erpnext/stock/doctype/stock_reconciliation_item/stock_reconciliation_item.json
erpnext,P1,missing,Customer / Item / Item Group,Client / Article / Groupe d'articles,erpnext/setup/doctype/authorization_rule/authorization_rule.json
erpnext,P1,missing,Customer Number At Supplier,Numéro de client chez le fournisseur,erpnext/buying/doctype/customer_number_at_supplier/customer_number_at_supplier.json
erpnext,P1,missing,Customer Numbers,Numéros de clients,erpnext/buying/doctype/supplier/supplier.json
erpnext,P1,missing,Customer Provided Item Cost,Coût de l'article fourni par le client,erpnext/stock/doctype/stock_entry_detail/stock_entry_detail.json
erpnext,P1,missing,Customer Service Representative,Représentant du service à la clientèle,erpnext/setup/setup_wizard/data/designation.txt:13
erpnext,P1,missing,Customer's Vendor,Fournisseur du client,erpnext/setup/setup_wizard/data/marketing_source.txt:8
erpnext,P1,missing,Cycle/Second,Cycle/seconde,erpnext/setup/setup_wizard/data/uom_data.json
erpnext,P1,missing,D - E,D-E,erpnext/stock/report/fifo_queue_vs_qty_after_transaction_comparison/fifo_queue_vs_qty_after_transaction_comparison.py:204 erpnext/stock/report/stock_ledger_invariant_check/stock_ledger_invariant_check.py:243 erpnext/stock/report/stock_ledger_variance/stock_ledger_variance.py:146
erpnext,P1,missing,Daily Yield (%),Rendement journalier (%),erpnext/stock/doctype/item_lead_time/item_lead_time.json
erpnext,P1,missing,Date of Birth,Date de naissance,erpnext/setup/doctype/employee/employee.json
erpnext,P1,missing,Date of Joining,Date d'adhésion,erpnext/setup/doctype/employee/employee.json
erpnext,P1,missing,Default Advance Paid Account,Compte d'avance par défaut,erpnext/setup/doctype/company/company.json erpnext/setup/doctype/company/company.py:307
erpnext,P1,missing,Default Advance Received Account,Compte d'avance reçue par défaut,erpnext/setup/doctype/company/company.json erpnext/setup/doctype/company/company.py:296
erpnext,P1,missing,Default COGS Account,Compte COGS par défaut,erpnext/stock/doctype/item_default/item_default.json
erpnext,P1,missing,Default Discount Account,Compte de remise par défaut,erpnext/stock/doctype/item_default/item_default.json
erpnext,P1,missing,Default In-Transit Warehouse,Entrepôt en transit par défaut,erpnext/setup/doctype/company/company.json erpnext/stock/doctype/warehouse/warehouse.json
erpnext,P1,missing,Default Operating Cost Account,Compte de coûts d'exploitation par défaut,erpnext/setup/doctype/company/company.json
erpnext,P1,missing,Default Provisional Account,Compte provisoire par défaut,erpnext/setup/doctype/company/company.json
erpnext,P1,missing,Default Provisional Account (Service),Compte provisoire par défaut (service),erpnext/stock/doctype/item_default/item_default.json
erpnext,P1,missing,Default Sales Contact,Contact commercial par défaut,erpnext/setup/doctype/company/company.json
erpnext,P1,missing,Default Stock Valuation Method,Méthode de valorisation des stocks par défaut,erpnext/setup/doctype/company/company.json
erpnext,P1,missing,Default Unit of Measure for Item {0} cannot be changed directly because you have already made some transaction(s) with another UOM. You need to either cancel the linked documents or create a new Item.,"L'unité de mesure par défaut pour l'article {0} ne peut pas être modifiée directement car vous avez déjà effectué des transactions avec une autre UdM. Vous devez soit annuler les documents liés, soit créer un nouvel élément.",erpnext/stock/doctype/item/item.py:1270
erpnext,P1,missing,Default settings for your stock-related transactions,Paramètres par défaut pour vos transactions boursières,erpnext/stock/doctype/stock_settings/stock_settings.json
erpnext,P1,missing,"Default tax templates for sales, purchase and items are created.","Des modèles de taxes par défaut pour les ventes, les achats et les articles sont créés.",erpnext/setup/doctype/company/company.js:191
erpnext,P1,missing,Deferred Expense Account,Compte de dépenses reportées,erpnext/accounts/doctype/purchase_invoice_item/purchase_invoice_item.json erpnext/stock/doctype/item_default/item_default.json
erpnext,P1,missing,Delete Bins,Supprimer des bacs,erpnext/setup/doctype/transaction_deletion_record/transaction_deletion_record.json
erpnext,P1,missing,Delete Dimension,Supprimer une dimension,erpnext/stock/doctype/inventory_dimension/inventory_dimension.js:66
erpnext,P1,missing,Delete Leads and Addresses,Supprimer des prospects et des adresses,erpnext/setup/doctype/transaction_deletion_record/transaction_deletion_record.json
erpnext,P1,missing,Deleted Documents,Documents supprimés,erpnext/setup/workspace/settings/settings.json
erpnext,P1,missing,Delivered At Place,Livré sur place,erpnext/setup/doctype/incoterm/incoterms.csv:10
erpnext,P1,missing,Delivered At Place Unloaded,Livré sur place déchargé,erpnext/setup/doctype/incoterm/incoterms.csv:11
erpnext,P1,missing,Delivered Duty Paid,Rendu droits acquittés,erpnext/setup/doctype/incoterm/incoterms.csv:12
erpnext,P1,missing,Delivered Qty (in Stock UOM),Qté livrée (en stock UdM),erpnext/stock/doctype/pick_list_item/pick_list_item.json
erpnext,P1,missing,Delivery Note Packed Item,Bon de livraison Article emballé,erpnext/stock/doctype/packing_slip_item/packing_slip_item.json
erpnext,P1,missing,Delivery Notes should not be in draft state when submitting a Delivery Trip. The following Delivery Notes are still in draft state: {0}. Please submit them first.,Les bons de livraison ne doivent pas être à l’état de brouillon lors de la soumission d’un voyage de livraison. Les bons de livraison suivants sont encore à l’état de brouillon : {0}. Veuillez les soumettre d'abord.,erpnext/stock/doctype/delivery_trip/delivery_trip.py:91
erpnext,P1,missing,Demo Bank Account,Compte bancaire démo,erpnext/setup/setup_wizard/operations/install_fixtures.py:542
erpnext,P1,missing,Dependant SLE Voucher Detail No,Numéro de détail du bon SLE pour personnes à charge,erpnext/stock/doctype/stock_ledger_entry/stock_ledger_entry.json
erpnext,P1,missing,Diesel,Diesel,erpnext/setup/doctype/vehicle/vehicle.json
erpnext,P1,missing,Difference Account in Items Table,Compte de différence dans le tableau des articles,erpnext/stock/doctype/stock_entry/stock_entry.py:689
erpnext,P1,missing,"Difference Account must be a Asset/Liability type account (Temporary Opening), since this Stock Entry is an Opening Entry","Le compte de différence doit être un compte de type actif/passif (ouverture temporaire), puisque cette écriture de stock est une écriture d'ouverture.",erpnext/stock/doctype/stock_entry/stock_entry.py:678
erpnext,P1,missing,Difference In,Différence dans,erpnext/stock/report/stock_ledger_variance/stock_ledger_variance.js:49
erpnext,P1,missing,Difference Posting Date,Date de comptabilisation de la différence,erpnext/accounts/doctype/payment_reconciliation_allocation/payment_reconciliation_allocation.json erpnext/accounts/doctype/process_payment_reconciliation_log_allocations/process_payment_reconciliation_log_allocations.json erpnext/accounts/doctype/purchase_invoice_advance/purchase_invoice_advance.json erpnext/accounts/doctype/sales_invoice_advance/sales_invoice_advance.json
erpnext,P1,missing,Different 'Source Warehouse' and 'Target Warehouse' can be set for each row.,Différents « Entrepôt source » et « Entrepôt cible » peuvent être définis pour chaque ligne.,erpnext/stock/doctype/delivery_note/delivery_note.js:495
erpnext,P1,missing,Disabled Warehouse {0} cannot be used for this transaction.,L'entrepôt désactivé {0} ne peut pas être utilisé pour cette transaction.,erpnext/stock/utils.py:450
erpnext,P1,missing,Disables auto-fetching of existing quantity,Désactive la récupération automatique de la quantité existante,erpnext/stock/doctype/stock_reconciliation/stock_reconciliation.json
erpnext,P1,missing,Discard Changes and Load New Invoice,Annuler les modifications et charger une nouvelle facture,erpnext/accounts/doctype/pos_profile/pos_profile.json
erpnext,P1,missing,Discount Account,Compte de réduction,erpnext/accounts/doctype/sales_invoice/sales_invoice.json erpnext/accounts/doctype/sales_invoice_item/sales_invoice_item.json
erpnext,P1,missing,Discount of {} applied as per Payment Term,Remise de {} appliquée selon les conditions de paiement,erpnext/accounts/doctype/payment_entry/payment_entry.py:3419
erpnext,P1,missing,Discount on Price List Rate (%),Remise sur le tarif catalogue (%),erpnext/accounts/doctype/purchase_invoice_item/purchase_invoice_item.json erpnext/buying/doctype/purchase_order_item/purchase_order_item.json erpnext/buying/doctype/supplier_quotation_item/supplier_quotation_item.json erpnext/stock/doctype/purchase_receipt_item/purchase_receipt_item.json
erpnext,P1,missing,Dispatch Address Details,Détails de l'adresse d'expédition,erpnext/buying/doctype/purchase_order/purchase_order.json
erpnext,P1,missing,Dispatch Address Template,Modèle d'adresse d'expédition,erpnext/stock/doctype/purchase_receipt/purchase_receipt.json
erpnext,P1,missing,Distance,Distance,erpnext/stock/doctype/delivery_stop/delivery_stop.json
erpnext,P1,missing,Distance UOM,Distance UdM,erpnext/stock/doctype/delivery_trip/delivery_trip.json
erpnext,P1,missing,Distinct Item and Warehouse,Article et entrepôt distincts,erpnext/stock/doctype/repost_item_valuation/repost_item_valuation.json
erpnext,P1,missing,Distinct unit of an Item,Unité distincte d'un article,erpnext/stock/doctype/serial_no/serial_no.json
erpnext,P1,missing,Distribute Manually,Distribuer manuellement,erpnext/stock/doctype/landed_cost_voucher/landed_cost_voucher.json
erpnext,P1,missing,Do Not Update Serial / Batch on Creation of Auto Bundle,Ne pas mettre à jour la série/le lot lors de la création d'un bundle automatique,erpnext/stock/doctype/stock_settings/stock_settings.json
erpnext,P1,missing,Do Not Use Batch-wise Valuation,N'utilisez pas d'évaluation par lots,erpnext/stock/doctype/stock_settings/stock_settings.json
erpnext,P1,missing,Do you still want to enable negative inventory?,Souhaitez-vous toujours activer l'inventaire négatif ?,erpnext/stock/doctype/stock_settings/stock_settings.js:44
erpnext,P1,missing,Do you want to change valuation method?,Vous souhaitez changer de méthode de valorisation ?,erpnext/stock/doctype/item/item.js:24
erpnext,P1,missing,DocTypes should not be added manually to the 'Excluded DocTypes' table. You are only allowed to remove entries from it.,Les DocTypes ne doivent pas être ajoutés manuellement au tableau « DocTypes exclus ». Vous êtes uniquement autorisé à en supprimer des entrées.,erpnext/setup/doctype/transaction_deletion_record/transaction_deletion_record.py:78
erpnext,P1,missing,Documentation,Documentation,erpnext/setup/install.py:188
erpnext,P1,missing,Don't Create Loyalty Points,Ne créez pas de points de fidélité,erpnext/accounts/doctype/sales_invoice/sales_invoice.json
erpnext,P1,missing,Dont Recompute tax,Ne pas recalculer la taxe,erpnext/accounts/doctype/sales_taxes_and_charges/sales_taxes_and_charges.json
erpnext,P1,missing,Download PDF for Supplier,Télécharger le PDF pour le fournisseur,erpnext/buying/doctype/request_for_quotation/request_for_quotation.js:153
erpnext,P1,missing,Dram,Drachme,erpnext/setup/setup_wizard/data/uom_data.json
erpnext,P1,missing,"Due to stock closing entry {0}, you cannot repost item valuation before {1}","En raison de l'entrée de clôture des stocks {0}, vous ne pouvez pas republier la valorisation de l'article avant le {1}.",erpnext/stock/doctype/repost_item_valuation/repost_item_valuation.py:138
erpnext,P1,missing,Duplicate Customer Group,Groupe de clients en double,erpnext/accounts/doctype/pos_profile/pos_profile.py:170
erpnext,P1,missing,Duplicate Item Group,Groupe d'articles en double,erpnext/accounts/doctype/pos_profile/pos_profile.py:164
erpnext,P1,missing,Duplicate Serial Number Error,Erreur de numéro de série en double,erpnext/stock/serial_batch_bundle.py:1443
erpnext,P1,missing,Duplicate Stock Closing Entry,Écriture de clôture de stock en double,erpnext/stock/doctype/stock_closing_entry/stock_closing_entry.py:78
erpnext,P1,missing,Duplicate customer group found in the customer group table,Groupe de clients en double trouvé dans le tableau des groupes de clients,erpnext/accounts/doctype/pos_profile/pos_profile.py:169
erpnext,P1,missing,Dyne,Dyne,erpnext/setup/setup_wizard/data/uom_data.json
erpnext,P1,missing,EAN,EAN,erpnext/stock/doctype/item_barcode/item_barcode.json
erpnext,P1,missing,EAN-12,EAN-12,erpnext/stock/doctype/item_barcode/item_barcode.json
erpnext,P1,missing,EAN-8,EAN-8,erpnext/stock/doctype/item_barcode/item_barcode.json
erpnext,P1,missing,EMU Of Charge,UEM gratuitement,erpnext/setup/setup_wizard/data/uom_data.json
erpnext,P1,missing,EMU of current,UEM du courant,erpnext/setup/setup_wizard/data/uom_data.json
erpnext,P1,missing,Edit Capacity,Modifier la capacité,erpnext/stock/page/warehouse_capacity_summary/warehouse_capacity_summary.html:37
erpnext,P1,missing,Ells (UK),Ells (Royaume-Uni),erpnext/setup/setup_wizard/data/uom_data.json
erpnext,P1,missing,Email Digest Recipient,Destinataire du résumé d'e-mail,erpnext/setup/doctype/email_digest_recipient/email_digest_recipient.json
erpnext,P1,missing,Email Digest: {0},Résumé du courrier électronique : {0},erpnext/setup/doctype/email_digest/email_digest.js:15
erpnext,P1,missing,Email or Phone/Mobile of the Contact are mandatory to continue.,L'e-mail ou le téléphone/mobile du contact sont obligatoires pour continuer.,erpnext/stock/doctype/shipment/shipment.js:174
erpnext,P1,missing,Employee Exit,Sortie d'employé,erpnext/setup/doctype/employee/employee.json
erpnext,P1,missing,Employee Number,Numéro d'employé,erpnext/setup/doctype/employee/employee.json
erpnext,P1,missing,Ems(Pica),Ems(Pica),erpnext/setup/setup_wizard/data/uom_data.json
erpnext,P1,missing,Enable Allow Partial Reservation in the Stock Settings to reserve partial stock.,Activez Autoriser la réservation partielle dans les paramètres de stock pour réserver un stock partiel.,erpnext/stock/doctype/stock_reservation_entry/stock_reservation_entry.py:1720
erpnext,P1,missing,Enable Item-wise Inventory Account,Activer le compte d'inventaire par article,erpnext/setup/doctype/company/company.json
erpnext,P1,missing,Enable Parallel Reposting,Activer la republication parallèle,erpnext/stock/doctype/stock_reposting_settings/stock_reposting_settings.json
erpnext,P1,missing,Enable Stock Reservation,Activer la réservation de stock,erpnext/stock/doctype/stock_settings/stock_settings.json
erpnext,P1,missing,Enable it if users want to consider rejected materials to dispatch.,Activez-le si les utilisateurs souhaitent considérer les matériaux rejetés à expédier.,erpnext/stock/doctype/pick_list/pick_list.json
erpnext,P1,missing,Enabling this option will allow you to record - <br><br> 1. Advances Received in a <b>Liability Account</b> instead of the <b>Asset Account</b><br><br>2. Advances Paid in an <b>Asset Account</b> instead of the <b> Liability Account</b>,L'activation de cette option vous permettra d'enregistrer - <br><br> 1. Les avances reçues dans un <b>Compte de passif</b> au lieu du <b>Compte d'actif</b><br><br>2. Avances versées sur un <b>Compte d'actif</b> au lieu du <b> Compte de passif</b>,erpnext/setup/doctype/company/company.json
erpnext,P1,missing,Encashment Date,Date d'encaissement,erpnext/setup/doctype/employee/employee.json
erpnext,P1,missing,End Transit,Fin du transit,erpnext/stock/doctype/stock_entry/stock_entry.js:292
erpnext,P1,missing,"Enter First and Last name of Employee, based on Which Full Name will be updated. IN transactions, it will be Full Name which will be fetched.","Entrez le prénom et le nom de l'employé, en fonction du nom complet qui sera mis à jour. DANS les transactions, ce sera le nom complet qui sera récupéré.",erpnext/setup/doctype/employee/employee.js:108
erpnext,P1,missing,Enter a name for this Holiday List.,Entrez un nom pour cette liste de jours fériés.,erpnext/setup/doctype/holiday_list/holiday_list.js:50
erpnext,P1,missing,"Enter an Item Code, the name will be auto-filled the same as Item Code on clicking inside the Item Name field.","Entrez un code d'article, le nom sera automatiquement rempli de la même manière que le code d'article en cliquant dans le champ Nom d'article.",erpnext/stock/doctype/item/item.js:1034
erpnext,P1,missing,Enter the opening stock units.,Saisissez les unités de stock d'ouverture.,erpnext/stock/doctype/item/item.js:1060
erpnext,P1,missing,Entertainment & Leisure,Divertissement et loisirs,erpnext/setup/setup_wizard/data/industry_type.txt:22
erpnext,P1,missing,Erg,Erg,erpnext/setup/setup_wizard/data/uom_data.json
erpnext,P1,missing,Error while reposting item valuation,Erreur lors de la republication de la valorisation de l'article,erpnext/stock/doctype/repost_item_valuation/repost_item_valuation.py:516
erpnext,P1,missing,Errors Notification,Notification d'erreurs,erpnext/stock/doctype/stock_reposting_settings/stock_reposting_settings.json
erpnext,P1,missing,Ex Works,départ usine,erpnext/setup/doctype/incoterm/incoterms.csv:2
erpnext,P1,missing,Example of a linked document: {0},Exemple de document lié : {0},erpnext/stock/doctype/item/item.py:993
erpnext,P1,missing,"Example: ABCD.#####
If series is set and Serial No is not mentioned in transactions, then automatic serial number will be created based on this series. If you always want to explicitly mention Serial Nos for this item. leave this blank.","Exemple : ABCD.#####
Si la série est définie et que le numéro de série n'est pas mentionné dans les transactions, un numéro de série automatique sera créé sur la base de cette série. Si vous souhaitez toujours mentionner explicitement les numéros de série pour cet article. laissez ce champ vide.",erpnext/stock/doctype/item/item.json
erpnext,P1,missing,Example: Serial No {0} reserved in {1}.,Exemple : numéro de série {0} réservé en {1}.,erpnext/stock/stock_ledger.py:2311
erpnext,P1,missing,Exchange Gain / Loss,Gain / Perte de change,erpnext/setup/doctype/company/company.json
erpnext,P1,missing,Exchange Rate Revaluation Settings,Paramètres de réévaluation du taux de change,erpnext/setup/doctype/company/company.json
erpnext,P1,missing,Excluded DocTypes,Types de documents exclus,erpnext/setup/doctype/transaction_deletion_record/transaction_deletion_record.json
erpnext,P1,missing,Executive Assistant,Assistante de direction,erpnext/setup/setup_wizard/data/designation.txt:16
erpnext,P1,missing,Executive Search,Recherche de cadres,erpnext/setup/setup_wizard/data/industry_type.txt:23
erpnext,P1,missing,Exhibition,Exposition,erpnext/setup/setup_wizard/data/marketing_source.txt:5
erpnext,P1,missing,Existing Customer,Client existant,erpnext/setup/setup_wizard/data/marketing_source.txt:1
erpnext,P1,missing,Expected Balance Qty,Quantité restante attendue,erpnext/stock/report/incorrect_balance_qty_after_transaction/incorrect_balance_qty_after_transaction.py:119
erpnext,P1,missing,Expected Stock Value,Valeur attendue des actions,erpnext/stock/report/incorrect_stock_value_report/incorrect_stock_value_report.py:129
erpnext,P1,missing,Expires in a week or less,Expire dans une semaine ou moins,erpnext/buying/report/supplier_quotation_comparison/supplier_quotation_comparison.py:291
erpnext,P1,missing,Expires today or already expired,Expire aujourd'hui ou déjà expiré,erpnext/buying/report/supplier_quotation_comparison/supplier_quotation_comparison.py:295
erpnext,P1,missing,Expiry,Expiration,erpnext/stock/doctype/stock_settings/stock_settings.json
erpnext,P1,missing,FIFO Queue,File d'attente FIFO,erpnext/stock/doctype/stock_closing_balance/stock_closing_balance.json
erpnext,P1,missing,FIFO Queue vs Qty After Transaction Comparison,File d'attente FIFO et quantité après comparaison des transactions,erpnext/stock/report/fifo_queue_vs_qty_after_transaction_comparison/fifo_queue_vs_qty_after_transaction_comparison.json
erpnext,P1,missing,"FIFO Stock Queue (qty, rate)","File d'attente de stock FIFO (quantité, taux)",erpnext/stock/doctype/serial_and_batch_entry/serial_and_batch_entry.json erpnext/stock/doctype/stock_ledger_entry/stock_ledger_entry.json
erpnext,P1,missing,FIFO/LIFO Queue,File d'attente FIFO/LIFO,erpnext/stock/report/fifo_queue_vs_qty_after_transaction_comparison/fifo_queue_vs_qty_after_transaction_comparison.py:179 erpnext/stock/report/stock_ledger_invariant_check/stock_ledger_invariant_check.py:218 erpnext/stock/report/stock_ledger_variance/stock_ledger_variance.py:121
erpnext,P1,missing,Fahrenheit,Fahrenheit,erpnext/setup/setup_wizard/data/uom_data.json
erpnext,P1,missing,"Failed to erase demo data, please delete the demo company manually.","Échec de l'effacement des données de démonstration, veuillez supprimer manuellement la société de démonstration.",erpnext/setup/demo.py:54
erpnext,P1,missing,Failed to setup defaults for country {0}. Please contact support.,Échec de la configuration des paramètres par défaut pour le pays {0}. Veuillez contacter l'assistance.,erpnext/setup/doctype/company/company.py:862
erpnext,P1,missing,Faraday,Faraday,erpnext/setup/setup_wizard/data/uom_data.json
erpnext,P1,missing,Fathom,Brasse,erpnext/setup/setup_wizard/data/uom_data.json
erpnext,P1,missing,Fetch Value From,Récupérer la valeur de,erpnext/stock/doctype/inventory_dimension/inventory_dimension.json
erpnext,P1,missing,Finance Manager,Directeur Financier,erpnext/setup/setup_wizard/data/designation.txt:17
erpnext,P1,missing,Financial Services,Services financiers,erpnext/setup/setup_wizard/data/industry_type.txt:24
erpnext,P1,missing,Finished Good Quantity ,Fini Bonne quantité,erpnext/stock/doctype/stock_entry/stock_entry.json
erpnext,P1,missing,Finished Item {0} does not match with Work Order {1},L'article fini {0} ne correspond pas à l'ordre de travail {1},erpnext/stock/doctype/stock_entry/stock_entry.py:1594
erpnext,P1,missing,Fix SABB Entry,Correction de l'entrée SABB,erpnext/stock/report/incorrect_serial_and_batch_bundle/incorrect_serial_and_batch_bundle.js:28
erpnext,P1,missing,Fixed Asset Defaults,Défauts d’immobilisations,erpnext/setup/doctype/company/company.json
erpnext,P1,missing,Fixed Outgoing Email Account,Compte de messagerie sortant fixe,erpnext/buying/doctype/buying_settings/buying_settings.json
erpnext,P1,missing,Fluid Ounce (UK),Once liquide (Royaume-Uni),erpnext/setup/setup_wizard/data/uom_data.json
erpnext,P1,missing,Fluid Ounce (US),Once liquide (États-Unis),erpnext/setup/setup_wizard/data/uom_data.json
erpnext,P1,missing,"Food, Beverage & Tobacco","Alimentation, boissons et tabac",erpnext/setup/setup_wizard/data/industry_type.txt:25
erpnext,P1,missing,Foot,Pied,erpnext/setup/setup_wizard/data/uom_data.json
erpnext,P1,missing,Foot Of Water,Pied d'eau,erpnext/setup/setup_wizard/data/uom_data.json
erpnext,P1,missing,Foot/Minute,Pied/Minute,erpnext/setup/setup_wizard/data/uom_data.json
erpnext,P1,missing,Foot/Second,Pied/seconde,erpnext/setup/setup_wizard/data/uom_data.json
erpnext,P1,missing,"For item <b>{0}</b>, only <b>{1}</b> asset have been created or linked to <b>{2}</b>. Please create or link <b>{3}</b> more asset with the respective document.","Pour l'article <b>{0}</b>, seul l'actif <b>{1}</b> a été créé ou lié à <b>{2}</b>. Veuillez créer ou lier <b>{3}</b> plus d'actifs au document correspondant.",erpnext/stock/doctype/landed_cost_voucher/landed_cost_voucher.py:330
erpnext,P1,missing,For quantity {0} should not be greater than allowed quantity {1},La quantité {0} ne doit pas être supérieure à la quantité autorisée {1},erpnext/stock/doctype/stock_entry/stock_entry.py:1626
erpnext,P1,missing,For service item,Pour l'article de service,erpnext/setup/doctype/company/company.json
erpnext,P1,missing,"For the convenience of customers, these codes can be used in print formats like Invoices and Delivery Notes","Pour la commodité des clients, ces codes peuvent être utilisés dans des formats d'impression tels que les factures et les bons de livraison.",erpnext/stock/doctype/item_customer_detail/item_customer_detail.json
erpnext,P1,missing,"For the item {0}, the quantity should be {1} according to the BOM {2}.","Pour l'article {0}, la quantité doit être de {1} selon la nomenclature {2}.",erpnext/stock/doctype/stock_entry/stock_entry.py:930
erpnext,P1,missing,Formula Based Criteria,Critères basés sur une formule,erpnext/stock/doctype/item_quality_inspection_parameter/item_quality_inspection_parameter.json erpnext/stock/doctype/quality_inspection_reading/quality_inspection_reading.json
erpnext,P1,missing,Frappe School,École Frappe,erpnext/setup/install.py:200
erpnext,P1,missing,Free Alongside Ship,Gratuit le long du navire,erpnext/setup/doctype/incoterm/incoterms.csv:4
erpnext,P1,missing,Free Carrier,Transporteur gratuit,erpnext/setup/doctype/incoterm/incoterms.csv:3
erpnext,P1,missing,Free On Board,Gratuit à bord,erpnext/setup/doctype/incoterm/incoterms.csv:5
erpnext,P1,missing,From Voucher Detail No,À partir du numéro de détail du bon,erpnext/stock/doctype/stock_reservation_entry/stock_reservation_entry.json
erpnext,P1,missing,From Voucher No,À partir du numéro du bon,erpnext/stock/doctype/stock_reservation_entry/stock_reservation_entry.json erpnext/stock/report/reserved_stock/reserved_stock.js:103 erpnext/stock/report/reserved_stock/reserved_stock.py:164
erpnext,P1,missing,From Voucher Type,Du type de bon,erpnext/stock/doctype/stock_reservation_entry/stock_reservation_entry.json erpnext/stock/report/reserved_stock/reserved_stock.js:92 erpnext/stock/report/reserved_stock/reserved_stock.py:158
erpnext,P1,missing,From and To dates are required,Les dates de début et de fin sont obligatoires,erpnext/stock/report/itemwise_recommended_reorder_level/itemwise_recommended_reorder_level.py:166
erpnext,P1,missing,Furlong,Furlong,erpnext/setup/setup_wizard/data/uom_data.json
erpnext,P1,missing,G - D,G-D,erpnext/stock/report/stock_ledger_invariant_check/stock_ledger_invariant_check.py:258 erpnext/stock/report/stock_ledger_variance/stock_ledger_variance.py:161
erpnext,P1,missing,GL reposting index,Index de republication GL,erpnext/stock/doctype/repost_item_valuation/repost_item_valuation.json
erpnext,P1,missing,GS1,GS1,erpnext/stock/doctype/item_barcode/item_barcode.json
erpnext,P1,missing,GTIN,GTIN,erpnext/stock/doctype/item_barcode/item_barcode.json
erpnext,P1,missing,Gallon (UK),Gallon (Royaume-Uni),erpnext/setup/setup_wizard/data/uom_data.json
erpnext,P1,missing,Gallon Dry (US),Gallon sec (États-Unis),erpnext/setup/setup_wizard/data/uom_data.json
erpnext,P1,missing,Gallon Liquid (US),Gallon de liquide (États-Unis),erpnext/setup/setup_wizard/data/uom_data.json
erpnext,P1,missing,Gamma,Gamma,erpnext/setup/setup_wizard/data/uom_data.json
erpnext,P1,missing,Gauss,Gauss,erpnext/setup/setup_wizard/data/uom_data.json
erpnext,P1,missing,Generate E-Invoice,Générer une facture électronique,erpnext/accounts/doctype/sales_invoice/regional/italy.js:4
erpnext,P1,missing,Generate Stock Closing Entry,Générer une écriture de clôture de stock,erpnext/stock/doctype/stock_closing_entry/stock_closing_entry.js:12
erpnext,P1,missing,"Generate packing slips for packages to be delivered. Used to notify package number, package contents and its weight.","Générez des bons de livraison pour les colis à livrer. Utilisé pour indiquer le numéro du colis, le contenu du colis et son poids.",erpnext/stock/doctype/packing_slip/packing_slip.json
erpnext,P1,missing,Get Outstanding Orders,Obtenez des commandes en cours,erpnext/accounts/doctype/payment_entry/payment_entry.json
erpnext,P1,missing,Get Timesheets,Obtenir des feuilles de temps,erpnext/accounts/doctype/sales_invoice/sales_invoice.js:1099
erpnext,P1,missing,Get stops from,Obtenez des arrêts de,erpnext/stock/doctype/delivery_trip/delivery_trip.js:69
erpnext,P1,missing,Goods,Marchandises,erpnext/stock/doctype/shipment/shipment.json
erpnext,P1,missing,Grain,Grain,erpnext/setup/setup_wizard/data/uom_data.json
erpnext,P1,missing,Grain/Cubic Foot,Grain/pied cube,erpnext/setup/setup_wizard/data/uom_data.json
erpnext,P1,missing,Grain/Gallon (UK),Grain/gallon (Royaume-Uni),erpnext/setup/setup_wizard/data/uom_data.json
erpnext,P1,missing,Grain/Gallon (US),Grain/gallon (États-Unis),erpnext/setup/setup_wizard/data/uom_data.json
erpnext,P1,missing,Gram,Gramme,erpnext/setup/setup_wizard/data/uom_data.json
erpnext,P1,missing,Gram-Force,Gram-Force,erpnext/setup/setup_wizard/data/uom_data.json
erpnext,P1,missing,Gram/Cubic Centimeter,Gramme/Centimètre Cube,erpnext/setup/setup_wizard/data/uom_data.json
erpnext,P1,missing,Gram/Cubic Meter,Gramme/Mètre Cube,erpnext/setup/setup_wizard/data/uom_data.json
erpnext,P1,missing,Gram/Cubic Millimeter,Gramme/Millimètre Cube,erpnext/setup/setup_wizard/data/uom_data.json
erpnext,P1,missing,Gram/Litre,Gramme/Litre,erpnext/setup/setup_wizard/data/uom_data.json
erpnext,P1,missing,Grocery,Épicerie,erpnext/setup/setup_wizard/data/industry_type.txt:26
erpnext,P1,missing,Group Same Items,Regrouper les mêmes éléments,erpnext/stock/doctype/pick_list/pick_list.json
erpnext,P1,missing,H - F,H - F,erpnext/stock/report/stock_ledger_invariant_check/stock_ledger_invariant_check.py:268 erpnext/stock/report/stock_ledger_variance/stock_ledger_variance.py:171
erpnext,P1,missing,Hand,Main,erpnext/setup/setup_wizard/data/uom_data.json
erpnext,P1,missing,Has Corrective Cost,A un coût correctif,erpnext/stock/doctype/landed_cost_taxes_and_charges/landed_cost_taxes_and_charges.json
erpnext,P1,missing,Has Item Scanned,L'article a-t-il été analysé,erpnext/accounts/doctype/pos_invoice_item/pos_invoice_item.json erpnext/accounts/doctype/sales_invoice_item/sales_invoice_item.json erpnext/stock/doctype/delivery_note_item/delivery_note_item.json erpnext/stock/doctype/purchase_receipt_item/purchase_receipt_item.json erpnext/stock/doctype/stock_entry_detail/stock_entry_detail.json erpnext/stock/doctype/stock_reconciliation_item/stock_reconciliation_item.json
erpnext,P1,missing,Has Operating Cost,A un coût de fonctionnement,erpnext/stock/doctype/landed_cost_taxes_and_charges/landed_cost_taxes_and_charges.json
erpnext,P1,missing,Has Subcontracted,A sous-traité,erpnext/accounts/doctype/sales_invoice/sales_invoice.json
erpnext,P1,missing,Head of Marketing and Sales,Responsable du marketing et des ventes,erpnext/setup/setup_wizard/data/designation.txt:19
erpnext,P1,missing,Health Care,Soins de santé,erpnext/setup/setup_wizard/data/industry_type.txt:27
erpnext,P1,missing,Hectare,Hectare,erpnext/setup/setup_wizard/data/uom_data.json
erpnext,P1,missing,Hectogram/Litre,Hectogramme/Litre,erpnext/setup/setup_wizard/data/uom_data.json
erpnext,P1,missing,Hectometer,Hectomètre,erpnext/setup/setup_wizard/data/uom_data.json
erpnext,P1,missing,Hectopascal,Hectopascal,erpnext/setup/setup_wizard/data/uom_data.json
erpnext,P1,missing,Here are the options to proceed:,Voici les options pour procéder :,erpnext/stock/stock_ledger.py:2030
erpnext,P1,missing,"Here, you can select a senior of this Employee. Based on this, Organization Chart will be populated.","Ici, vous pouvez sélectionner un senior de cet employé. Sur cette base, l'organigramme sera rempli.",erpnext/setup/doctype/employee/employee.js:134
erpnext,P1,missing,"Here, your weekly offs are pre-populated based on the previous selections. You can add more rows to also add public and national holidays individually.","Ici, vos congés hebdomadaires sont pré-remplis en fonction des sélections précédentes. Vous pouvez ajouter d'autres lignes pour ajouter également les jours fériés publics et nationaux individuellement.",erpnext/setup/doctype/holiday_list/holiday_list.js:77
erpnext,P1,missing,Hertz,Hertz,erpnext/setup/setup_wizard/data/uom_data.json
erpnext,P1,missing,"Hi,","Salut,",erpnext/stock/doctype/repost_item_valuation/repost_item_valuation.py:518
erpnext,P1,missing,Hide Images,Masquer les images,erpnext/accounts/doctype/pos_profile/pos_profile.json
erpnext,P1,missing,Holiday Date {0} added multiple times,Date de vacances {0} ajoutée plusieurs fois,erpnext/setup/doctype/holiday_list/holiday_list.py:162
erpnext,P1,missing,Holidays,Vacances,erpnext/setup/doctype/holiday_list/holiday_list.json
erpnext,P1,missing,Horsepower,Puissance,erpnext/setup/setup_wizard/data/uom_data.json
erpnext,P1,missing,Horsepower-Hours,Puissance-heures,erpnext/setup/setup_wizard/data/uom_data.json
erpnext,P1,missing,Hour,Heure,erpnext/setup/setup_wizard/data/uom_data.json
erpnext,P1,missing,How often should Project be updated of Total Purchase Cost ?,À quelle fréquence le projet doit-il être mis à jour du coût total d’achat ?,erpnext/buying/doctype/buying_settings/buying_settings.json
erpnext,P1,missing,Hundredweight (UK),Cent poids (Royaume-Uni),erpnext/setup/setup_wizard/data/uom_data.json
erpnext,P1,missing,Hundredweight (US),Centième de poids (États-Unis),erpnext/setup/setup_wizard/data/uom_data.json
erpnext,P1,missing,I - J,Je - J,erpnext/stock/report/stock_ledger_invariant_check/stock_ledger_invariant_check.py:283 erpnext/stock/report/stock_ledger_variance/stock_ledger_variance.py:186
erpnext,P1,missing,I - K,Je - K,erpnext/stock/report/stock_ledger_invariant_check/stock_ledger_invariant_check.py:293 erpnext/stock/report/stock_ledger_variance/stock_ledger_variance.py:196
erpnext,P1,missing,IBAN,IBAN,erpnext/accounts/doctype/bank_account/bank_account.json erpnext/accounts/doctype/bank_guarantee/bank_guarantee.json erpnext/accounts/doctype/payment_request/payment_request.json erpnext/setup/doctype/employee/employee.json
erpnext,P1,missing,ISBN,ISBN,erpnext/stock/doctype/item_barcode/item_barcode.json
erpnext,P1,missing,ISBN-10,ISBN-10,erpnext/stock/doctype/item_barcode/item_barcode.json
erpnext,P1,missing,ISBN-13,ISBN-13,erpnext/stock/doctype/item_barcode/item_barcode.json
erpnext,P1,missing,ISSN,ISSN,erpnext/stock/doctype/item_barcode/item_barcode.json
erpnext,P1,missing,Iches Of Water,Iches d'eau,erpnext/setup/setup_wizard/data/uom_data.json
erpnext,P1,missing,Id,Identifiant,erpnext/manufacturing/report/job_card_summary/job_card_summary.py:128 erpnext/manufacturing/report/quality_inspection_summary/quality_inspection_summary.py:69 erpnext/manufacturing/report/work_order_consumed_materials/work_order_consumed_materials.py:115 erpnext/manufacturing/report/work_order_summary/work_order_summary.py:192 erpnext/stock/report/incorrect_balance_qty_after_transaction/incorrect_balance_qty_after_transaction.py:83 erpnext/stock/report/incorrect_serial_no_valuation/incorrect_serial_no_valuation.py:152
erpnext,P1,missing,"If <b>Enabled</b> - Reconciliation happens on the <b>Advance Payment posting date</b><br>
If <b>Disabled</b> - Reconciliation happens on oldest of 2 Dates: <b>Invoice Date</b> or the <b>Advance Payment posting date</b><br>
","Si <b>Enabled</b> - Le rapprochement a lieu à la <b>Date de comptabilisation du paiement anticipé</b><br>
Si <b>Désactivé</b> - Le rapprochement a lieu à la plus ancienne des 2 dates : <b>Date de facture</b> ou la <b>Date de comptabilisation du paiement anticipé</b><br>",erpnext/setup/doctype/company/company.json
erpnext,P1,missing,"If checked, Rejected Quantity will be included while making Purchase Invoice from Purchase Receipt.","Si cette case est cochée, la quantité rejetée sera incluse lors de l'établissement de la facture d'achat à partir du reçu d'achat.",erpnext/buying/doctype/buying_settings/buying_settings.json
erpnext,P1,missing,"If checked, the tax amount will be considered as already included in the Paid Amount in Payment Entry","Si coché, le montant de la taxe sera considéré comme déjà inclus dans le montant payé lors de la saisie du paiement.",erpnext/accounts/doctype/purchase_taxes_and_charges/purchase_taxes_and_charges.json erpnext/accounts/doctype/sales_taxes_and_charges/sales_taxes_and_charges.json
erpnext,P1,missing,If enabled then system won't override the picked qty / batches / serial numbers / warehouse.,"S'il est activé, le système ne remplacera pas la quantité/les lots/les numéros de série/l'entrepôt prélevés.",erpnext/stock/doctype/pick_list/pick_list.json
erpnext,P1,missing,"If enabled, a print of this document will be attached to each email","Si activé, une impression de ce document sera jointe à chaque e-mail",erpnext/buying/doctype/request_for_quotation/request_for_quotation.json
erpnext,P1,missing,"If enabled, all files attached to this document will be attached to each email","Si activé, tous les fichiers joints à ce document seront joints à chaque e-mail",erpnext/buying/doctype/request_for_quotation/request_for_quotation.json
erpnext,P1,missing,"If enabled, do not update serial / batch values in the stock transactions on creation of auto Serial 
 / Batch Bundle. ","Si activé, ne pas mettre à jour les valeurs de série/lot dans les transactions de stock lors de la création de série automatique. 
 / Lot par lots.",erpnext/stock/doctype/stock_settings/stock_settings.json
erpnext,P1,missing,"If enabled, the consolidated invoices will have rounded total disabled","Si activé, les factures consolidées auront un total arrondi désactivé",erpnext/accounts/doctype/pos_profile/pos_profile.json
erpnext,P1,missing,"If enabled, the item rate won't adjust to the valuation rate during internal transfers, but accounting will still use the valuation rate.","S'il est activé, le taux article ne s'ajustera pas au taux de valorisation lors des transferts internes, mais la comptabilité utilisera toujours le taux de valorisation.",erpnext/stock/doctype/stock_settings/stock_settings.json
erpnext,P1,missing,"If enabled, the source and target warehouse in the Material Transfer Stock Entry must be different else an error will be thrown. If inventory dimensions are present, same source and target warehouse can be allowed but atleast any one of the inventory dimension fields must be different.","Si cette option est activée, les entrepôts source et cible dans l'entrée de stock de transfert de matériel doivent être différents, sinon une erreur sera générée. Si des dimensions de stock sont présentes, les mêmes entrepôts source et cible peuvent être autorisés, mais au moins l'un des champs de dimension de stock doit être différent.",erpnext/stock/doctype/stock_settings/stock_settings.json
erpnext,P1,missing,"If enabled, the system will allow selecting UOMs in sales and purchase transactions only if the conversion rate is set in the item master.","Si cette option est activée, le système autorisera la sélection des UdM dans les transactions de vente et d'achat uniquement si le taux de conversion est défini dans la fiche article.",erpnext/stock/doctype/stock_settings/stock_settings.json
erpnext,P1,missing,"If enabled, the system will generate an accounting entry for materials rejected in the Purchase Receipt.","Si cette option est activée, le système générera une écriture comptable pour les matériaux rejetés dans le reçu d'achat.",erpnext/buying/doctype/buying_settings/buying_settings.json
erpnext,P1,missing,"If enabled, the system will use the inventory account set in the Item Master or Item Group or Brand. Otherwise, it will use the inventory account set in the Warehouse.","Si cette option est activée, le système utilisera le compte d'inventaire défini dans le fichier article, le groupe d'articles ou la marque. Sinon, il utilisera le compte de stock défini dans l'entrepôt.",erpnext/setup/doctype/company/company.json
erpnext,P1,missing,"If enabled, the system will use the moving average valuation method to calculate the valuation rate for the batched items and will not consider the individual batch-wise incoming rate.","Si cette option est activée, le système utilisera la méthode de valorisation par moyenne mobile pour calculer le taux de valorisation des articles par lots et ne prendra pas en compte le taux entrant individuel par lot.",erpnext/stock/doctype/stock_settings/stock_settings.json
erpnext,P1,missing,"If not, you can Cancel / Submit this entry","Sinon, vous pouvez Annuler / Soumettre cette entrée",erpnext/stock/stock_ledger.py:2040
erpnext,P1,missing,"If set, the system does not use the user's Email or the standard outgoing Email account for sending request for quotations.","S'il est défini, le système n'utilise pas l'e-mail de l'utilisateur ni le compte de messagerie sortant standard pour envoyer des demandes de devis.",erpnext/buying/doctype/buying_settings/buying_settings.json
erpnext,P1,missing,"If the reorder check is set at the Group warehouse level, the available quantity becomes the sum of the projected quantities of all its child warehouses.","Si le contrôle de réapprovisionnement est paramétré au niveau de l'entrepôt du Groupe, la quantité disponible devient la somme des quantités projetées de tous ses entrepôts enfants.",erpnext/stock/doctype/material_request_item/material_request_item.json
erpnext,P1,missing,If this is undesirable please cancel the corresponding Payment Entry.,"Si cela n’est pas souhaitable, veuillez annuler l’entrée de paiement correspondante.",erpnext/accounts/doctype/payment_entry/payment_entry.py:740
erpnext,P1,missing,"If yes, then this warehouse will be used to store rejected materials","Si oui, cet entrepôt sera utilisé pour stocker les matériaux rejetés",erpnext/stock/doctype/warehouse/warehouse.json
erpnext,P1,missing,"If you are maintaining stock of this Item in your Inventory, ERPNext will make a stock ledger entry for each transaction of this item.","Si vous maintenez un stock de cet article dans votre inventaire, ERPNext effectuera une écriture comptable de stock pour chaque transaction de cet article.",erpnext/stock/doctype/item/item.js:1046
erpnext,P1,missing,Ignore Closing Balance,Ignorer le solde de clôture,erpnext/stock/report/stock_balance/stock_balance.js:125
erpnext,P1,missing,Ignore Default Payment Terms Template,Ignorer le modèle de conditions de paiement par défaut,erpnext/accounts/doctype/purchase_invoice/purchase_invoice.json erpnext/accounts/doctype/sales_invoice/sales_invoice.json
erpnext,P1,missing,Ignore Empty Stock,Ignorer le stock vide,erpnext/stock/doctype/stock_reconciliation/stock_reconciliation.js:143
erpnext,P1,missing,Implementation Partner,Partenaire de mise en œuvre,erpnext/setup/setup_wizard/data/sales_partner_type.txt:6
erpnext,P1,missing,Import Data,Importer des données,erpnext/setup/workspace/home/home.json erpnext/setup/workspace/settings/settings.json
erpnext,P1,missing,Import Using CSV file,Importer à l'aide d'un fichier CSV,erpnext/public/js/utils/serial_no_batch_selector.js:217 erpnext/stock/doctype/serial_and_batch_bundle/serial_and_batch_bundle.js:84
erpnext,P1,missing,In Process,En cours,erpnext/crm/doctype/lead/lead.json erpnext/manufacturing/doctype/production_plan/production_plan.json erpnext/manufacturing/doctype/work_order/work_order.json erpnext/stock/doctype/quality_inspection/quality_inspection.json
erpnext,P1,missing,In Transit Transfer,En transfert en transit,erpnext/stock/doctype/material_request/material_request.js:487
erpnext,P1,missing,In Transit Warehouse,Dans l'entrepôt de transit,erpnext/stock/doctype/material_request/material_request.js:456
erpnext,P1,missing,"In this section, you can define Company-wide transaction-related defaults for this Item. Eg. Default Warehouse, Default Price List, Supplier, etc.","Dans cette section, vous pouvez définir les valeurs par défaut liées aux transactions à l'échelle de l'entreprise pour cet article. Par exemple. Entrepôt par défaut, liste de prix par défaut, fournisseur, etc.",erpnext/stock/doctype/item/item.js:1079
erpnext,P1,missing,Inch,Pouce,erpnext/setup/setup_wizard/data/uom_data.json
erpnext,P1,missing,Inch Pound-Force,Pouce Livre-Force,erpnext/setup/setup_wizard/data/uom_data.json
erpnext,P1,missing,Inch/Minute,Pouce/minute,erpnext/setup/setup_wizard/data/uom_data.json
erpnext,P1,missing,Inch/Second,Pouce/seconde,erpnext/setup/setup_wizard/data/uom_data.json
erpnext,P1,missing,Inches Of Mercury,Pouces de mercure,erpnext/setup/setup_wizard/data/uom_data.json
erpnext,P1,missing,Include Expired Batches,Inclure les lots expirés,erpnext/stock/report/available_batch_report/available_batch_report.js:80
erpnext,P1,missing,Include Zero Stock Items,Inclure les articles sans stock,erpnext/stock/report/stock_balance/stock_balance.js:131
erpnext,P1,missing,Incoming Rate (Costing),Taux entrant (coût),erpnext/accounts/doctype/sales_invoice_item/sales_invoice_item.json
erpnext,P1,missing,Incompatible Setting Detected,Paramètre incompatible détecté,erpnext/stock/doctype/stock_settings/stock_settings.js:68
erpnext,P1,missing,Incorrect Check in (group) Warehouse for Reorder,Enregistrement incorrect dans l'entrepôt (groupe) pour réapprovisionnement,erpnext/stock/doctype/item/item.py:532
erpnext,P1,missing,Incorrect Component Quantity,Quantité de composants incorrecte,erpnext/stock/doctype/stock_entry/stock_entry.py:935
erpnext,P1,missing,Incorrect Invoice,Facture incorrecte,erpnext/stock/doctype/landed_cost_voucher/landed_cost_voucher.py:135
erpnext,P1,missing,Incorrect Payment Type,Type de paiement incorrect,erpnext/accounts/doctype/payment_entry/payment_entry.py:354
erpnext,P1,missing,Incorrect Reference Document (Purchase Receipt Item),Document de référence incorrect (article de reçu d'achat),erpnext/stock/doctype/landed_cost_voucher/landed_cost_voucher.py:108
erpnext,P1,missing,Incorrect Serial and Batch Bundle,Lot de séries et de lots incorrect,erpnext/stock/report/incorrect_serial_and_batch_bundle/incorrect_serial_and_batch_bundle.json
erpnext,P1,missing,Incorrect Stock Value Report,Rapport sur la valeur des stocks incorrect,erpnext/stock/report/incorrect_stock_value_report/incorrect_stock_value_report.json
erpnext,P1,missing,Incorrect Type of Transaction,Type de transaction incorrect,erpnext/stock/serial_batch_bundle.py:136
erpnext,P1,missing,Individual Stock Ledger Entry cannot be cancelled.,L’écriture comptable de stock individuelle ne peut pas être annulée.,erpnext/stock/doctype/stock_ledger_entry/stock_ledger_entry.py:347
erpnext,P1,missing,Initialize Summary Table,Initialiser le tableau récapitulatif,erpnext/setup/doctype/transaction_deletion_record/transaction_deletion_record.json
erpnext,P1,missing,Insufficient Stock for Batch,Stock insuffisant pour le lot,erpnext/stock/stock_ledger.py:2217
erpnext,P1,missing,Inter Company Sales Order,Commande client intersociétés,erpnext/buying/doctype/purchase_order/purchase_order.js:486
erpnext,P1,missing,Interest and/or dunning fee,Intérêts et/ou frais de relance,erpnext/accounts/doctype/payment_entry/payment_entry.py:3053
erpnext,P1,missing,Internal,Interne,erpnext/setup/setup_wizard/operations/install_fixtures.py:300
erpnext,P1,missing,Internal Sales Order,Commande client interne,erpnext/buying/doctype/purchase_order/purchase_order.js:485
erpnext,P1,missing,Internal Supplier for company {0} already exists,Le fournisseur interne de la société {0} existe déjà,erpnext/buying/doctype/supplier/supplier.py:180
erpnext,P1,missing,Internal Transfers,Transferts internes,erpnext/accounts/doctype/sales_invoice/sales_invoice_dashboard.py:37
erpnext,P1,missing,Internet Publishing,Publication sur Internet,erpnext/setup/setup_wizard/data/industry_type.txt:28
erpnext,P1,missing,Invalid Allocated Amount,Montant alloué non valide,erpnext/accounts/doctype/payment_entry/payment_entry.py:394 erpnext/accounts/doctype/payment_request/payment_request.py:873
erpnext,P1,missing,Invalid Document,Document invalide,erpnext/stock/doctype/landed_cost_voucher/landed_cost_voucher.py:122
erpnext,P1,missing,Invalid Formula,Formule invalide,erpnext/stock/doctype/quality_inspection/quality_inspection.py:319 erpnext/stock/doctype/quality_inspection/quality_inspection.py:324
erpnext,P1,missing,Invalid Item Defaults,Valeurs par défaut des éléments non valides,erpnext/stock/doctype/item/item.py:1408
erpnext,P1,missing,Invalid Priority,Priorité invalide,erpnext/stock/doctype/putaway_rule/putaway_rule.py:61
erpnext,P1,missing,Invalid Purchase Invoice,Facture d'achat invalide,erpnext/accounts/doctype/payment_entry/payment_entry.py:701
erpnext,P1,missing,Invalid Query,Requête invalide,erpnext/stock/doctype/landed_cost_voucher/landed_cost_voucher.py:435
erpnext,P1,missing,Invalid Serial and Batch Bundle,Série et lot non valides,erpnext/stock/doctype/stock_entry/stock_entry.py:1669
erpnext,P1,missing,Invalid Source and Target Warehouse,Entrepôt source et cible non valides,erpnext/stock/doctype/stock_entry/stock_entry.py:969 erpnext/stock/doctype/stock_entry/stock_entry.py:991
erpnext,P1,missing,Invalid Warehouse,Entrepôt invalide,erpnext/stock/doctype/putaway_rule/putaway_rule.py:70 erpnext/stock/doctype/stock_reservation_entry/stock_reservation_entry.py:256
erpnext,P1,missing,Invalid search query,Requête de recherche invalide,erpnext/stock/doctype/landed_cost_voucher/landed_cost_voucher.py:435
erpnext,P1,missing,Inventory Account Currency,Devise du compte de stock,erpnext/stock/doctype/item_default/item_default.json
erpnext,P1,missing,Inventory Dimension,Dimension d'inventaire,erpnext/patches/v15_0/refactor_closing_stock_balance.py:43 erpnext/stock/doctype/inventory_dimension/inventory_dimension.json erpnext/stock/doctype/inventory_dimension/inventory_dimension.py:176
erpnext,P1,missing,Inventory Dimension Negative Stock,Dimension d'inventaire Stock négatif,erpnext/stock/doctype/stock_ledger_entry/stock_ledger_entry.py:160
erpnext,P1,missing,Inventory Dimension key,Clé de dimension d'inventaire,erpnext/stock/doctype/stock_closing_balance/stock_closing_balance.json
erpnext,P1,missing,Investment Banking,Banque d'investissement,erpnext/setup/setup_wizard/data/industry_type.txt:29
erpnext,P1,missing,Is Additional Transfer Entry,Est-ce qu'une entrée de transfert supplémentaire,erpnext/stock/doctype/stock_entry/stock_entry.json
erpnext,P1,missing,Is Adjustment Entry,Est-ce que l'entrée d'ajustement,erpnext/stock/doctype/stock_ledger_entry/stock_ledger_entry.json
erpnext,P1,missing,Is Cash or Non Trade Discount,Est-ce qu'il s'agit d'une remise en espèces ou non commerciale,erpnext/accounts/doctype/sales_invoice/sales_invoice.json
erpnext,P1,missing,Is Exchange Gain / Loss?,Est-ce un gain/une perte de change ?,erpnext/accounts/doctype/payment_entry_deduction/payment_entry_deduction.json
erpnext,P1,missing,Is Finished Item,Est un article fini,erpnext/stock/doctype/stock_entry_detail/stock_entry_detail.json
erpnext,P1,missing,Is Group Warehouse,Est un entrepôt de groupe,erpnext/stock/doctype/warehouse/warehouse.json
erpnext,P1,missing,Is Half Day,C'est une demi-journée,erpnext/setup/doctype/holiday/holiday.json erpnext/setup/doctype/holiday_list/holiday_list.json
erpnext,P1,missing,Is Old Subcontracting Flow,Est-ce qu'il s'agit d'un ancien flux de sous-traitance,erpnext/accounts/doctype/purchase_invoice/purchase_invoice.json erpnext/buying/doctype/purchase_order/purchase_order.json erpnext/stock/doctype/purchase_receipt/purchase_receipt.json
erpnext,P1,missing,Is Outward,Est vers l'extérieur,erpnext/stock/doctype/serial_and_batch_entry/serial_and_batch_entry.json
erpnext,P1,missing,Is Packed,Est emballé,erpnext/stock/doctype/serial_and_batch_bundle/serial_and_batch_bundle.json
erpnext,P1,missing,Is Rejected,est rejeté,erpnext/stock/doctype/serial_and_batch_bundle/serial_and_batch_bundle.json
erpnext,P1,missing,Is Rejected Warehouse,Est un entrepôt rejeté,erpnext/stock/doctype/warehouse/warehouse.json
erpnext,P1,missing,Is Scrap Item,Est un article de rebut,erpnext/stock/doctype/stock_entry_detail/stock_entry_detail.json erpnext/subcontracting/doctype/subcontracting_receipt_item/subcontracting_receipt_item.json
erpnext,P1,missing,Is Subcontracted Item,Est un article sous-traité,erpnext/stock/doctype/item/item.json
erpnext,P1,missing,Is created using POS,Est créé à l'aide du point de vente,erpnext/accounts/doctype/sales_invoice/sales_invoice.json
erpnext,P1,missing,It can take upto few hours for accurate stock values to be visible after merging items.,Cela peut prendre jusqu'à quelques heures pour que les valeurs de stock précises soient visibles après la fusion des articles.,erpnext/stock/doctype/item/item.py:589
erpnext,P1,missing,"It's not possible to distribute charges equally when total amount is zero, please set 'Distribute Charges Based On' as 'Quantity'",Il n'est pas possible de répartir les frais de manière égale lorsque le montant total est nul. Veuillez définir « Répartir les frais en fonction de » sur « Quantité ».,erpnext/stock/doctype/landed_cost_voucher/landed_cost_voucher.py:171
erpnext,P1,missing,Item Group wise Discount,Remise par groupe d'articles,erpnext/setup/doctype/authorization_rule/authorization_rule.json
erpnext,P1,missing,Item Information,Informations sur l'article,erpnext/stock/doctype/stock_reservation_entry/stock_reservation_entry.json
erpnext,P1,missing,Item Lead Time,Délai de livraison de l'article,erpnext/manufacturing/workspace/manufacturing/manufacturing.json erpnext/stock/doctype/item_lead_time/item_lead_time.json
erpnext,P1,missing,"Item Price appears multiple times based on Price List, Supplier/Customer, Currency, Item, Batch, UOM, Qty, and Dates.","Le prix de l'article apparaît plusieurs fois en fonction de la liste de prix, du fournisseur/client, de la devise, de l'article, du lot, de l'UdM, de la quantité et des dates.",erpnext/stock/doctype/item_price/item_price.py:140
erpnext,P1,missing,Item Warehouse based reposting has been enabled.,La republication basée sur l'entrepôt d'articles a été activée.,erpnext/stock/doctype/stock_reposting_settings/stock_reposting_settings.py:85
erpnext,P1,missing,Item and Warehouse,Article et entrepôt,erpnext/manufacturing/doctype/sales_forecast/sales_forecast.json erpnext/stock/doctype/repost_item_valuation/repost_item_valuation.json
erpnext,P1,missing,Item rate has been updated to zero as Allow Zero Valuation Rate is checked for item {0},Le taux de l'article a été mis à jour à zéro car l'option Autoriser le taux de valorisation nul est cochée pour l'article {0}.,erpnext/stock/doctype/stock_entry/stock_entry.py:1074
erpnext,P1,missing,Item valuation rate is recalculated considering landed cost voucher amount,Le taux de valorisation des articles est recalculé en tenant compte du montant du bon de livraison,erpnext/stock/doctype/landed_cost_voucher/landed_cost_voucher.js:9
erpnext,P1,missing,Item valuation reposting in progress. Report might show incorrect item valuation.,Réédition de la valorisation des articles en cours. Le rapport peut afficher une évaluation d'article incorrecte.,erpnext/stock/utils.py:559
erpnext,P1,missing,Item {0} is already reserved/delivered against Sales Order {1}.,L'article {0} est déjà réservé/livré contre la commande client {1}.,erpnext/stock/doctype/stock_reservation_entry/stock_reservation_entry.py:608
erpnext,P1,missing,Item {0} must be a Non-Stock Item,L'article {0} doit être un article non stocké,erpnext/stock/get_item_details.py:347
erpnext,P1,missing,Item {0} not found in 'Raw Materials Supplied' table in {1} {2},Article {0} introuvable dans le tableau « Matières premières fournies » dans {1} {2},erpnext/stock/doctype/stock_entry/stock_entry.py:1407
erpnext,P1,missing,Item {0} not found.,Article {0} introuvable.,erpnext/stock/doctype/item_price/item_price.py:56
erpnext,P1,missing,Item {} does not exist.,L'élément {} n'existe pas.,erpnext/stock/doctype/stock_reconciliation/stock_reconciliation.py:1434
erpnext,P1,missing,Item/Item Code required to get Item Tax Template.,Article/Code d'article requis pour obtenir le modèle de taxe sur l'article.,erpnext/stock/get_item_details.py:714
erpnext,P1,missing,Items & Pricing,Articles et prix,erpnext/buying/workspace/buying/buying.json
erpnext,P1,missing,Items Catalogue,Catalogue d'articles,erpnext/stock/workspace/stock/stock.json
erpnext,P1,missing,Items rate has been updated to zero as Allow Zero Valuation Rate is checked for the following items: {0},Le taux des articles a été mis à jour à zéro car Autoriser le taux de valorisation zéro est coché pour les articles suivants : {0},erpnext/stock/doctype/stock_entry/stock_entry.py:1070
erpnext,P1,missing,Items to Be Repost,Éléments à republier,erpnext/stock/doctype/repost_item_valuation/repost_item_valuation.json
erpnext,P1,missing,Items to Order and Receive,Articles à commander et à recevoir,erpnext/buying/workspace/buying/buying.json
erpnext,P1,missing,JAN,JAN,erpnext/stock/doctype/item_barcode/item_barcode.json
erpnext,P1,missing,Joining,Adhésion,erpnext/setup/doctype/employee/employee.json
erpnext,P1,missing,Joule,Joule,erpnext/setup/setup_wizard/data/uom_data.json
erpnext,P1,missing,Joule/Meter,Joule/mètre,erpnext/setup/setup_wizard/data/uom_data.json
erpnext,P1,missing,Kelvin,Kelvin,erpnext/setup/setup_wizard/data/uom_data.json
erpnext,P1,missing,Kg,Kilogrammes,erpnext/setup/setup_wizard/data/uom_data.json
erpnext,P1,missing,Kiloampere,Kiloampère,erpnext/setup/setup_wizard/data/uom_data.json
erpnext,P1,missing,Kilocalorie,Kilocalorie,erpnext/setup/setup_wizard/data/uom_data.json
erpnext,P1,missing,Kilocoulomb,Kilocoulomb,erpnext/setup/setup_wizard/data/uom_data.json
erpnext,P1,missing,Kilogram-Force,Kilogramme-Force,erpnext/setup/setup_wizard/data/uom_data.json
erpnext,P1,missing,Kilogram/Cubic Centimeter,Kilogramme/Centimètre Cube,erpnext/setup/setup_wizard/data/uom_data.json
erpnext,P1,missing,Kilogram/Cubic Meter,Kilogramme/mètre cube,erpnext/setup/setup_wizard/data/uom_data.json
erpnext,P1,missing,Kilogram/Litre,Kilogramme/Litre,erpnext/setup/setup_wizard/data/uom_data.json
erpnext,P1,missing,Kilohertz,Kilohertz,erpnext/setup/setup_wizard/data/uom_data.json
erpnext,P1,missing,Kilojoule,Kilojoule,erpnext/setup/setup_wizard/data/uom_data.json
erpnext,P1,missing,Kilometer,Kilomètre,erpnext/setup/setup_wizard/data/uom_data.json
erpnext,P1,missing,Kilometer/Hour,Kilomètre/heure,erpnext/setup/setup_wizard/data/uom_data.json
erpnext,P1,missing,Kilopascal,Kilopascal,erpnext/setup/setup_wizard/data/uom_data.json
erpnext,P1,missing,Kilopond,Kilopond,erpnext/setup/setup_wizard/data/uom_data.json
erpnext,P1,missing,Kilopound-Force,Kilopound-Force,erpnext/setup/setup_wizard/data/uom_data.json
erpnext,P1,missing,Kilowatt,Kilowatt,erpnext/setup/setup_wizard/data/uom_data.json
erpnext,P1,missing,Kilowatt-Hour,Kilowatt-heure,erpnext/setup/setup_wizard/data/uom_data.json
erpnext,P1,missing,Kip,Kip,erpnext/setup/setup_wizard/data/uom_data.json
erpnext,P1,missing,Knot,Noeud,erpnext/setup/setup_wizard/data/uom_data.json
erpnext,P1,missing,LIFO,LIFO,erpnext/setup/doctype/company/company.json erpnext/stock/doctype/item/item.json erpnext/stock/doctype/stock_settings/stock_settings.json
erpnext,P1,missing,Landed Cost,Coût au débarquement,erpnext/stock/doctype/landed_cost_voucher/landed_cost_voucher.json
erpnext,P1,missing,Landed Cost Id,ID du coût global,erpnext/stock/report/landed_cost_report/landed_cost_report.py:18
erpnext,P1,missing,Landed Cost Report,Rapport sur les coûts au débarquement,erpnext/stock/report/landed_cost_report/landed_cost_report.json
erpnext,P1,missing,Landed Cost Vendor Invoice,Facture fournisseur au prix d'approche,erpnext/stock/doctype/landed_cost_vendor_invoice/landed_cost_vendor_invoice.json
erpnext,P1,missing,"Last Name, Email or Phone/Mobile of the user are mandatory to continue.","Le nom de famille, l'e-mail ou le téléphone/mobile de l'utilisateur sont obligatoires pour continuer.",erpnext/stock/doctype/shipment/shipment.js:275
erpnext,P1,missing,Latitude,Latitude,erpnext/assets/doctype/location/location.json erpnext/stock/doctype/delivery_stop/delivery_stop.json
erpnext,P1,untranslated_copy,Lead,Plomb,erpnext/crm/doctype/crm_settings/crm_settings.json erpnext/crm/doctype/email_campaign/email_campaign.json erpnext/crm/doctype/lead/lead.json erpnext/crm/doctype/prospect_lead/prospect_lead.json erpnext/crm/report/lead_details/lead_details.js:33 erpnext/crm/report/lead_details/lead_details.py:18 erpnext/crm/report/prospects_engaged_but_not_converted/prospects_engaged_but_not_converted.js:8 erpnext/crm/report/prospects_engaged_but_not_converted/prospects_engaged_but_not_converted.py:28 erpnext/crm/workspace/crm/crm.json erpnext/public/js/communication.js:25 erpnext/setup/workspace/home/home.json erpnext/support/doctype/issue/issue.json
erpnext,P1,missing,Learn Inventory Management,Apprendre la gestion des stocks,erpnext/stock/workspace/stock/stock.json
erpnext,P1,missing,Learn Procurement,Apprendre l'approvisionnement,erpnext/buying/workspace/buying/buying.json
erpnext,P1,missing,Legal Entity / Subsidiary with a separate Chart of Accounts belonging to the Organization.,Entité juridique/filiale avec un plan comptable distinct appartenant à l'organisation.,erpnext/setup/doctype/company/company.json
erpnext,P1,missing,Lft,Gauche,erpnext/accounts/doctype/account/account.json erpnext/setup/doctype/company/company.json
erpnext,P1,missing,Limit timeslot for Stock Reposting,Limiter le créneau horaire pour la republication des stocks,erpnext/stock/doctype/stock_reposting_settings/stock_reposting_settings.json
erpnext,P1,missing,Limits don't apply on,Les limites ne s'appliquent pas,erpnext/stock/doctype/stock_reposting_settings/stock_reposting_settings.json
erpnext,P1,missing,Link with Customer,Lien avec le client,erpnext/buying/doctype/supplier/supplier.js:127
erpnext,P1,missing,Linked with submitted documents,Lié aux documents soumis,erpnext/stock/doctype/item/item.py:997
erpnext,P1,missing,Linking to Customer Failed. Please try again.,Échec de la liaison avec le client. Veuillez réessayer.,erpnext/buying/doctype/supplier/supplier.js:219
erpnext,P1,missing,Litre,Litre,erpnext/setup/setup_wizard/data/uom_data.json
erpnext,P1,missing,Litre-Atmosphere,Litre-Atmosphère,erpnext/setup/setup_wizard/data/uom_data.json
erpnext,P1,missing,Locked,Fermé,erpnext/stock/doctype/delivery_stop/delivery_stop.json
erpnext,P1,missing,Log the selling and buying rate of an Item,Enregistrez le taux de vente et d'achat d'un article,erpnext/stock/doctype/item_price/item_price.json
erpnext,P1,missing,Logo,Logo,erpnext/setup/doctype/sales_partner/sales_partner.json erpnext/stock/doctype/manufacturer/manufacturer.json
erpnext,P1,missing,Longitude,Longitude,erpnext/assets/doctype/location/location.json erpnext/stock/doctype/delivery_stop/delivery_stop.json
erpnext,P1,missing,MPS,MPS,erpnext/buying/doctype/purchase_order/purchase_order.json erpnext/manufacturing/doctype/sales_forecast/sales_forecast_dashboard.py:9 erpnext/manufacturing/doctype/work_order/work_order.json erpnext/manufacturing/report/material_requirements_planning_report/material_requirements_planning_report.js:51
erpnext,P1,missing,Make Lead Time,Faire un délai de livraison,erpnext/stock/doctype/item/item.js:584
erpnext,P1,missing,Make Return Entry,Effectuer une entrée de retour,erpnext/stock/doctype/purchase_receipt/purchase_receipt.js:327 erpnext/subcontracting/doctype/subcontracting_receipt/subcontracting_receipt.js:127
erpnext,P1,missing,Make {0} Variant,Créer une variante {0},erpnext/stock/doctype/item/item.js:692
erpnext,P1,missing,Make {0} Variants,Créer des variantes {0},erpnext/stock/doctype/item/item.js:694
erpnext,P1,missing,Manage,Gérer,erpnext/assets/doctype/asset/asset.js:100 erpnext/assets/doctype/asset/asset.js:108 erpnext/assets/doctype/asset/asset.js:116 erpnext/assets/doctype/asset/asset.js:124 erpnext/assets/doctype/asset/asset.js:132 erpnext/assets/doctype/asset/asset.js:146 erpnext/assets/doctype/asset/asset.js:156 erpnext/assets/doctype/asset/asset.js:166 erpnext/assets/doctype/asset/asset.js:182 erpnext/setup/doctype/company/company.js:161 erpnext/setup/doctype/company/company.js:172
erpnext,P1,missing,Manager,Directeur,erpnext/setup/setup_wizard/data/designation.txt:20
erpnext,P1,missing,Managing Director,Directeur général,erpnext/setup/setup_wizard/data/designation.txt:21
erpnext,P1,missing,Mandatory Accounting Dimension,Dimension comptable obligatoire,erpnext/accounts/doctype/pos_profile/pos_profile.py:100
erpnext,P1,missing,Mandatory Field,Champ obligatoire,erpnext/accounts/doctype/sales_invoice/sales_invoice.py:1805
erpnext,P1,missing,Mandatory Section,Section obligatoire,erpnext/stock/doctype/inventory_dimension/inventory_dimension.json
erpnext,P1,missing,Manual Inspection,Inspection manuelle,erpnext/stock/doctype/quality_inspection/quality_inspection.json erpnext/stock/doctype/quality_inspection_reading/quality_inspection_reading.json
erpnext,P1,missing,Manufacturers used in Items,Fabricants utilisés dans les articles,erpnext/stock/doctype/manufacturer/manufacturer.json
erpnext,P1,missing,Manufacturing Time,Temps de fabrication,erpnext/stock/doctype/item_lead_time/item_lead_time.json
erpnext,P1,missing,Marketing,Commercialisation,erpnext/setup/doctype/company/company.py:442
erpnext,P1,missing,Marketing Specialist,Spécialiste du marketing,erpnext/setup/setup_wizard/data/designation.txt:23
erpnext,P1,missing,Mass Mailing,Envoi de masse,erpnext/setup/setup_wizard/data/marketing_source.txt:7
erpnext,P1,missing,Material Returned from WIP,Matériel retourné par WIP,erpnext/stock/doctype/stock_entry/stock_entry_list.js:13
erpnext,P1,missing,Material Transfer (In Transit),Transfert de matériel (en transit),erpnext/stock/doctype/material_request/material_request.js:160
erpnext,P1,missing,Max Discount (%),Remise maximale (%),erpnext/stock/doctype/item/item.json
erpnext,P1,missing,Maximum Net Rate,Tarif net maximum,erpnext/stock/doctype/item_tax/item_tax.json
erpnext,P1,missing,Maximum Value,Valeur maximale,erpnext/stock/doctype/item_quality_inspection_parameter/item_quality_inspection_parameter.json erpnext/stock/doctype/quality_inspection_reading/quality_inspection_reading.json
erpnext,P1,missing,Megacoulomb,Mégacoulomb,erpnext/setup/setup_wizard/data/uom_data.json
erpnext,P1,missing,Megagram/Litre,Mégagramme/Litre,erpnext/setup/setup_wizard/data/uom_data.json
erpnext,P1,missing,Megahertz,Mégahertz,erpnext/setup/setup_wizard/data/uom_data.json
erpnext,P1,missing,Megajoule,Mégajoule,erpnext/setup/setup_wizard/data/uom_data.json
erpnext,P1,missing,Megawatt,Mégawatt,erpnext/setup/setup_wizard/data/uom_data.json
erpnext,P1,missing,Messaging CRM Campagin,Campagne CRM de messagerie,erpnext/setup/install.py:127
erpnext,P1,missing,Meter,Mètre,erpnext/setup/setup_wizard/data/uom_data.json
erpnext,P1,missing,Meter Of Water,Mètre d'eau,erpnext/setup/setup_wizard/data/uom_data.json
erpnext,P1,missing,Meter/Second,Mètre/seconde,erpnext/setup/setup_wizard/data/uom_data.json
erpnext,P1,missing,Microbar,Microbarre,erpnext/setup/setup_wizard/data/uom_data.json
erpnext,P1,missing,Microgram,Microgramme,erpnext/setup/setup_wizard/data/uom_data.json
erpnext,P1,missing,Microgram/Litre,Microgramme/Litre,erpnext/setup/setup_wizard/data/uom_data.json
erpnext,P1,missing,Micrometer,Micromètre,erpnext/setup/setup_wizard/data/uom_data.json
erpnext,P1,missing,Microsecond,Microseconde,erpnext/setup/setup_wizard/data/uom_data.json
erpnext,P1,missing,Mile,Mile,erpnext/setup/setup_wizard/data/uom_data.json
erpnext,P1,missing,Mile (Nautical),Mile (nautique),erpnext/setup/setup_wizard/data/uom_data.json
erpnext,P1,missing,Mile/Hour,Mile/heure,erpnext/setup/setup_wizard/data/uom_data.json
erpnext,P1,missing,Mile/Minute,Mille/minute,erpnext/setup/setup_wizard/data/uom_data.json
erpnext,P1,missing,Mile/Second,Mile/seconde,erpnext/setup/setup_wizard/data/uom_data.json
erpnext,P1,missing,Milibar,Milibar,erpnext/setup/setup_wizard/data/uom_data.json
erpnext,P1,missing,Milliampere,Milliampère,erpnext/setup/setup_wizard/data/uom_data.json
erpnext,P1,missing,Millicoulomb,Millicoulomb,erpnext/setup/setup_wizard/data/uom_data.json
erpnext,P1,missing,Milligram,Milligramme,erpnext/setup/setup_wizard/data/uom_data.json
erpnext,P1,missing,Milligram/Cubic Centimeter,Milligramme/Centimètre Cube,erpnext/setup/setup_wizard/data/uom_data.json
erpnext,P1,missing,Milligram/Cubic Meter,Milligramme/mètre cube,erpnext/setup/setup_wizard/data/uom_data.json
erpnext,P1,missing,Milligram/Cubic Millimeter,Milligramme/Millimètre Cube,erpnext/setup/setup_wizard/data/uom_data.json
erpnext,P1,missing,Milligram/Litre,Milligramme/Litre,erpnext/setup/setup_wizard/data/uom_data.json
erpnext,P1,missing,Millihertz,Millihertz,erpnext/setup/setup_wizard/data/uom_data.json
erpnext,P1,missing,Millilitre,Millilitre,erpnext/setup/setup_wizard/data/uom_data.json
erpnext,P1,missing,Millimeter,Millimètre,erpnext/setup/setup_wizard/data/uom_data.json
erpnext,P1,missing,Millimeter Of Mercury,Millimètre de Mercure,erpnext/setup/setup_wizard/data/uom_data.json
erpnext,P1,missing,Millimeter Of Water,Millimètre d'eau,erpnext/setup/setup_wizard/data/uom_data.json
erpnext,P1,missing,Millisecond,Milliseconde,erpnext/setup/setup_wizard/data/uom_data.json
erpnext,P1,missing,"Min Value: {0}, Max Value: {1}, in Increments of: {2}","Valeur minimale : {0}, valeur maximale : {1}, par incréments de : {2}",erpnext/stock/doctype/item/item.js:846
erpnext,P1,missing,Minimum Net Rate,Tarif net minimum,erpnext/stock/doctype/item_tax/item_tax.json
erpnext,P1,missing,Minimum Value,Valeur minimale,erpnext/stock/doctype/item_quality_inspection_parameter/item_quality_inspection_parameter.json erpnext/stock/doctype/quality_inspection_reading/quality_inspection_reading.json
erpnext,P1,missing,Minute,Minute,erpnext/quality_management/doctype/quality_meeting_minutes/quality_meeting_minutes.json erpnext/setup/setup_wizard/data/uom_data.json
erpnext,P1,missing,Missing,Manquant,erpnext/stock/doctype/stock_reconciliation/stock_reconciliation.py:1435
erpnext,P1,missing,Missing Asset,Actif manquant,erpnext/accounts/doctype/sales_invoice/sales_invoice.py:405
erpnext,P1,missing,Missing Default in Company,Défaut manquant dans l'entreprise,erpnext/accounts/doctype/payment_entry/payment_entry.py:1213
erpnext,P1,missing,Missing Filters,Filtres manquants,erpnext/stock/report/serial_no_and_batch_traceability/serial_no_and_batch_traceability.py:44
erpnext,P1,missing,Missing Finished Good,Manquant Fini Bon,erpnext/stock/doctype/stock_entry/stock_entry.py:1604
erpnext,P1,missing,Missing Formula,Formule manquante,erpnext/stock/doctype/quality_inspection/quality_inspection.py:304
erpnext,P1,missing,Missing Item,Article manquant,erpnext/stock/doctype/stock_entry/stock_entry.py:942
erpnext,P1,missing,Motion Picture & Video,Films et vidéos,erpnext/setup/setup_wizard/data/industry_type.txt:32
erpnext,P1,missing,Multiple POS Opening Entry,Entrée d'ouverture de plusieurs points de vente,erpnext/accounts/doctype/sales_invoice/sales_invoice.py:1170
erpnext,P1,missing,Multiple Warehouse Accounts,Plusieurs comptes d'entrepôt,erpnext/stock/doctype/warehouse/warehouse.py:152
erpnext,P1,missing,Multiple items cannot be marked as finished item,Plusieurs articles ne peuvent pas être marqués comme articles finis,erpnext/stock/doctype/stock_entry/stock_entry.py:1611
erpnext,P1,missing,Music,Musique,erpnext/setup/setup_wizard/data/industry_type.txt:33
erpnext,P1,missing,Naming Series is mandatory,La série de noms est obligatoire,erpnext/stock/doctype/serial_and_batch_bundle/serial_and_batch_bundle.py:94
erpnext,P1,missing,Nanocoulomb,Nanocoulomb,erpnext/setup/setup_wizard/data/uom_data.json
erpnext,P1,missing,Nanogram/Litre,Nanogramme/litre,erpnext/setup/setup_wizard/data/uom_data.json
erpnext,P1,missing,Nanohertz,Nanohertz,erpnext/setup/setup_wizard/data/uom_data.json
erpnext,P1,missing,Nanometer,Nanomètre,erpnext/setup/setup_wizard/data/uom_data.json
erpnext,P1,missing,Nanosecond,Nanoseconde,erpnext/setup/setup_wizard/data/uom_data.json
erpnext,P1,missing,Negative Stock Error,Erreur de stock négatif,erpnext/stock/serial_batch_bundle.py:1509
erpnext,P1,missing,Newspaper Publishers,Éditeurs de journaux,erpnext/setup/setup_wizard/data/industry_type.txt:34
erpnext,P1,missing,Newton,Newton,erpnext/setup/setup_wizard/data/uom_data.json
erpnext,P1,missing,No Stock Available Currently,Aucun stock disponible actuellement,erpnext/stock/dashboard/item_dashboard.js:154
erpnext,P1,missing,No additional fields available,Aucun champ supplémentaire disponible,erpnext/stock/doctype/item_variant_settings/item_variant_settings.js:46
erpnext,P1,missing,No available quantity to reserve for item {0} in warehouse {1},Aucune quantité disponible à réserver pour l'article {0} dans l'entrepôt {1},erpnext/stock/doctype/stock_reservation_entry/stock_reservation_entry.py:1360
erpnext,P1,missing,No of Months (Expense),Nombre de mois (dépense),erpnext/stock/doctype/item/item.json
erpnext,P1,missing,No of Months (Revenue),Nombre de mois (revenu),erpnext/stock/doctype/item/item.json
erpnext,P1,missing,No of Parallel Reposting (Per Item),Nombre de republications parallèles (par article),erpnext/stock/doctype/stock_reposting_settings/stock_reposting_settings.json
erpnext,P1,missing,No of Shift,N° de quart de travail,erpnext/stock/doctype/item_lead_time/item_lead_time.json
erpnext,P1,missing,No of Units Produced,Nombre d'unités produites,erpnext/stock/doctype/item_lead_time/item_lead_time.json
erpnext,P1,missing,No of Workstations,Nombre de postes de travail,erpnext/stock/doctype/item_lead_time/item_lead_time.json
erpnext,P1,missing,No open POS Opening Entry found for POS Profile {0}.,Aucune entrée d'ouverture de point de vente ouverte trouvée pour le profil de point de vente {0}.,erpnext/accounts/doctype/sales_invoice/sales_invoice.py:1164
erpnext,P1,missing,No outstanding {0} found for the {1} {2} which qualify the filters you have specified.,Aucun {0} en suspens trouvé pour le {1} {2} qui qualifie les filtres que vous avez spécifiés.,erpnext/accounts/doctype/payment_entry/payment_entry.py:2493
erpnext,P1,missing,No stock ledger entries were created. Please set the quantity or valuation rate for the items properly and try again.,Aucune écriture comptable de stock n'a été créée. Veuillez définir correctement la quantité ou le taux de valorisation des articles et réessayer.,erpnext/stock/doctype/stock_reconciliation/stock_reconciliation.py:786
erpnext,P1,missing,Not Initiated,Non initié,erpnext/buying/doctype/purchase_order/purchase_order.json
erpnext,P1,missing,Not authorized since {0} exceeds limits,Non autorisé car {0} dépasse les limites,erpnext/setup/doctype/authorization_control/authorization_control.py:59
erpnext,P1,missing,"Note: To merge the items, create a separate Stock Reconciliation for the old item {0}","Remarque : Pour fusionner les articles, créez un rapprochement de stock distinct pour l'ancien article {0}.",erpnext/stock/doctype/item/item.py:626
erpnext,P1,missing,Notify Reposting Error to Role,Notifier l'erreur de republication au rôle,erpnext/stock/doctype/stock_reposting_settings/stock_reposting_settings.json
erpnext,P1,missing,Numeric,Numérique,erpnext/stock/doctype/item_quality_inspection_parameter/item_quality_inspection_parameter.json erpnext/stock/doctype/quality_inspection_reading/quality_inspection_reading.json
erpnext,P1,missing,Numeric Inspection,Inspection numérique,erpnext/stock/doctype/quality_inspection_reading/quality_inspection_reading.json
erpnext,P1,missing,O+,O+,erpnext/setup/doctype/employee/employee.json
erpnext,P1,missing,O-,O-,erpnext/setup/doctype/employee/employee.json
erpnext,P1,missing,Offer Date,Date de l'offre,erpnext/setup/doctype/employee/employee.json
erpnext,P1,missing,Old Parent,Vieux parent,erpnext/accounts/doctype/account/account.json erpnext/assets/doctype/location/location.json erpnext/projects/doctype/task/task.json erpnext/setup/doctype/department/department.json erpnext/setup/doctype/employee/employee.json erpnext/setup/doctype/supplier_group/supplier_group.json erpnext/stock/doctype/warehouse/warehouse.json
erpnext,P1,missing,Oldest Of Invoice Or Advance,La plus ancienne facture ou avance,erpnext/setup/doctype/company/company.json
erpnext,P1,missing,On This Date,À cette date,erpnext/stock/report/available_batch_report/available_batch_report.js:16
erpnext,P1,missing,"On submission of the stock transaction, system will auto create the Serial and Batch Bundle based on the Serial No / Batch fields.","Lors de la soumission de la transaction boursière, le système créera automatiquement le lot de série et de lot en fonction des champs Numéro de série/Lot.",erpnext/stock/doctype/stock_settings/stock_settings.json
erpnext,P1,missing,Online Auctions,Enchères en ligne,erpnext/setup/setup_wizard/data/industry_type.txt:35
erpnext,P1,missing,Only 'Payment Entries' made against this advance account are supported.,Seules les « entrées de paiement » effectuées sur ce compte d'avance sont prises en charge.,erpnext/accounts/doctype/payment_reconciliation/payment_reconciliation.json erpnext/accounts/doctype/process_payment_reconciliation/process_payment_reconciliation.json erpnext/setup/doctype/company/company.json
erpnext,P1,missing,Only one {0} entry can be created against the Work Order {1},Une seule entrée {0} peut être créée pour l'ordre de travail {1},erpnext/stock/doctype/stock_entry/stock_entry.py:1166
erpnext,P1,missing,Only to be used for Subcontracting Inward.,À utiliser uniquement pour la sous-traitance interne.,erpnext/stock/doctype/warehouse/warehouse.json
erpnext,P1,missing,Open Sales Orders,Commandes client ouvertes,erpnext/stock/report/item_variant_details/item_variant_details.py:110
erpnext,P1,missing,Opening & Closing,Ouverture et fermeture,erpnext/accounts/doctype/pos_profile/pos_profile.json
erpnext,P1,missing,"Opening Invoice has rounding adjustment of {0}.<br><br> '{1}' account is required to post these values. Please set it in Company: {2}.<br><br> Or, '{3}' can be enabled to not post any rounding adjustment.",La facture d'ouverture comporte un ajustement d'arrondi de {0}.<br><br> Le compte « {1} » est requis pour valider ces valeurs. Veuillez le définir dans Entreprise : {2}.<br><br>. Vous pouvez également activer « {3} » pour ne publier aucun ajustement d'arrondi.,erpnext/accounts/doctype/purchase_invoice/purchase_invoice.py:1644 erpnext/accounts/doctype/sales_invoice/sales_invoice.py:1914
erpnext,P1,missing,Other Info,Autres informations,erpnext/assets/doctype/asset/asset.json erpnext/stock/doctype/stock_entry/stock_entry.json erpnext/subcontracting/doctype/subcontracting_inward_order/subcontracting_inward_order.json erpnext/subcontracting/doctype/subcontracting_order/subcontracting_order.json erpnext/subcontracting/doctype/subcontracting_receipt/subcontracting_receipt.json
erpnext,P1,missing,Ounce,Once,erpnext/setup/setup_wizard/data/uom_data.json
erpnext,P1,missing,Ounce-Force,Once-Force,erpnext/setup/setup_wizard/data/uom_data.json
erpnext,P1,missing,Ounce/Cubic Foot,Once/pied cube,erpnext/setup/setup_wizard/data/uom_data.json
erpnext,P1,missing,Ounce/Cubic Inch,Once/pouce cube,erpnext/setup/setup_wizard/data/uom_data.json
erpnext,P1,missing,Ounce/Gallon (UK),Once/Gallon (Royaume-Uni),erpnext/setup/setup_wizard/data/uom_data.json
erpnext,P1,missing,Ounce/Gallon (US),Once/Gallon (États-Unis),erpnext/setup/setup_wizard/data/uom_data.json
erpnext,P1,missing,Over Billing Allowance (%),Allocation de surfacturation (%),erpnext/accounts/doctype/accounts_settings/accounts_settings.json erpnext/stock/doctype/item/item.json
erpnext,P1,missing,Over Billing Allowance exceeded for Purchase Receipt Item {0} ({1}) by {2}%,Allocation de surfacturation dépassée de {2} % pour l'article du reçu d'achat {0} ({1}),erpnext/stock/doctype/purchase_receipt/purchase_receipt.py:1286
erpnext,P1,missing,Over Delivery/Receipt Allowance (%),Allocation de livraison/réception (%),erpnext/stock/doctype/item/item.json erpnext/stock/doctype/stock_settings/stock_settings.json
erpnext,P1,missing,Over Picking Allowance,Allocation de surcueillette,erpnext/stock/doctype/stock_settings/stock_settings.json
erpnext,P1,missing,Over Transfer Allowance (%),Surindemnité de transfert (%),erpnext/buying/doctype/buying_settings/buying_settings.json
erpnext,P1,missing,Owned,Possédé,erpnext/setup/doctype/employee/employee.json
erpnext,P1,missing,PIN,ÉPINGLE,erpnext/stock/doctype/warehouse/warehouse.json
erpnext,P1,missing,POS Opening Entry - {0} is outdated. Please close the POS and create a new POS Opening Entry.,L'entrée d'ouverture du point de vente - {0} est obsolète. Veuillez fermer le point de vente et créer une nouvelle entrée d'ouverture du point de vente.,erpnext/accounts/doctype/sales_invoice/sales_invoice.py:1178
erpnext,P1,missing,POS Opening Entry Missing,Entrée d'ouverture de point de vente manquante,erpnext/accounts/doctype/sales_invoice/sales_invoice.py:1163
erpnext,P1,missing,POS Profile - {0} has multiple open POS Opening Entries. Please close or cancel the existing entries before proceeding.,Profil POS – {0} a plusieurs entrées d’ouverture de point de vente ouvertes. Veuillez fermer ou annuler les entrées existantes avant de continuer.,erpnext/accounts/doctype/sales_invoice/sales_invoice.py:1171
erpnext,P1,missing,POS Profile is mandatory to mark this invoice as POS Transaction.,Le profil POS est obligatoire pour marquer cette facture comme transaction POS.,erpnext/accounts/doctype/sales_invoice/sales_invoice.py:1131
erpnext,P1,missing,POS Profile {0} cannot be disabled as there are ongoing POS sessions.,Le profil POS {0} ne peut pas être désactivé car des sessions POS sont en cours.,erpnext/accounts/doctype/pos_profile/pos_profile.py:113
erpnext,P1,missing,POS Profile {} contains Mode of Payment {}. Please remove them to disable this mode.,Le profil POS {} contient le mode de paiement {}. Veuillez les supprimer pour désactiver ce mode.,erpnext/accounts/doctype/mode_of_payment/mode_of_payment.py:63
erpnext,P1,missing,PZN,PZN,erpnext/stock/doctype/item_barcode/item_barcode.json
erpnext,P1,missing,Package No(s) already in use. Try from Package No {0},Numéro(s) de colis déjà utilisé(s). Essayez à partir du package n° {0},erpnext/stock/doctype/packing_slip/packing_slip.py:116
erpnext,P1,missing,Packaging Slip From Delivery Note,Bordereau d'emballage du bon de livraison,erpnext/stock/doctype/delivery_note/delivery_note_list.js:71
erpnext,P1,missing,Packed Qty,Quantité emballée,erpnext/stock/doctype/delivery_note_item/delivery_note_item.json erpnext/stock/doctype/packed_item/packed_item.json
erpnext,P1,missing,Paid Amount After Tax,Montant payé après impôt,erpnext/accounts/doctype/payment_entry/payment_entry.json
erpnext,P1,missing,Paid Amount After Tax (Company Currency),Montant payé après taxes (devise de l'entreprise),erpnext/accounts/doctype/payment_entry/payment_entry.json
erpnext,P1,missing,Paid From Account Type,Payé à partir du type de compte,erpnext/accounts/doctype/payment_entry/payment_entry.json
erpnext,P1,missing,Paid To Account Type,Type de compte payé,erpnext/accounts/doctype/payment_entry/payment_entry.json
erpnext,P1,missing,Pair,Paire,erpnext/setup/setup_wizard/data/uom_data.json
erpnext,P1,missing,Pallets,Palettes,erpnext/stock/doctype/shipment/shipment.json
erpnext,P1,missing,Parameter Group Name,Nom du groupe de paramètres,erpnext/stock/doctype/quality_inspection_parameter_group/quality_inspection_parameter_group.json
erpnext,P1,missing,Partial Payment in POS Transactions are not allowed.,Les paiements partiels dans les transactions POS ne sont pas autorisés.,erpnext/accounts/doctype/sales_invoice/sales_invoice.py:1150
erpnext,P1,missing,Partial Stock Reservation,Réservation de stock partielle,erpnext/stock/doctype/stock_reservation_entry/stock_reservation_entry.py:1723
erpnext,P1,missing,"Partial stock can be reserved. For example, If you have a Sales Order of 100 units and the Available Stock is 90 units then a Stock Reservation Entry will be created for 90 units. ","Un stock partiel peut être réservé. Par exemple, si vous avez une commande client de 100 unités et que le stock disponible est de 90 unités, une entrée de réservation de stock sera créée pour 90 unités.",erpnext/stock/doctype/stock_settings/stock_settings.json
erpnext,P1,missing,Partially Delivered,Partiellement livré,erpnext/stock/doctype/stock_reservation_entry/stock_reservation_entry.json
erpnext,P1,missing,Partially Reserved,Partiellement réservé,erpnext/stock/doctype/stock_reservation_entry/stock_reservation_entry.json
erpnext,P1,missing,Partially Used,Partiellement utilisé,erpnext/stock/doctype/stock_reservation_entry/stock_reservation_entry.json
erpnext,P1,missing,Partly Paid,Partiellement payé,erpnext/accounts/doctype/pos_invoice/pos_invoice.json erpnext/accounts/doctype/purchase_invoice/purchase_invoice.json erpnext/accounts/doctype/sales_invoice/sales_invoice.json
erpnext,P1,missing,Partly Paid and Discounted,Partiellement payé et réduit,erpnext/accounts/doctype/pos_invoice/pos_invoice.json erpnext/accounts/doctype/sales_invoice/sales_invoice.json
erpnext,P1,missing,Parts Per Million,Parties par million,erpnext/setup/setup_wizard/data/uom_data.json
erpnext,P1,missing,Party can only be one of {0},Le groupe ne peut être que l'un des {0},erpnext/accounts/doctype/payment_entry/payment_entry.js:456
erpnext,P1,missing,Pascal,Pascal,erpnext/setup/setup_wizard/data/uom_data.json
erpnext,P1,missing,Passport Details,Détails du passeport,erpnext/setup/doctype/employee/employee.json
erpnext,P1,missing,Payment Request Outstanding,Demande de paiement en attente,erpnext/accounts/doctype/payment_entry_reference/payment_entry_reference.json
erpnext,P1,missing,Payment Term Outstanding,Délai de paiement impayé,erpnext/accounts/doctype/payment_entry_reference/payment_entry_reference.json
erpnext,P1,missing,Payment term {0} not used in {1},Conditions de paiement {0} non utilisées en {1},erpnext/accounts/doctype/payment_entry/payment_entry.py:817
erpnext,P1,missing,Peck (UK),Peck (Royaume-Uni),erpnext/setup/setup_wizard/data/uom_data.json
erpnext,P1,missing,Peck (US),Peck (États-Unis),erpnext/setup/setup_wizard/data/uom_data.json
erpnext,P1,missing,Pending processing,En attente de traitement,erpnext/stock/doctype/repost_item_valuation/repost_item_valuation.py:248
erpnext,P1,missing,Pension Funds,Fonds de pension,erpnext/setup/setup_wizard/data/industry_type.txt:36
erpnext,P1,missing,Per Day,Par jour,erpnext/stock/doctype/item_lead_time/item_lead_time.json
erpnext,P1,missing,"Per Day
Shift Time (In Hours) * No of Workstations * No of Shift","Par jour
Durée du quart de travail (en heures) * Nombre de postes de travail * Nombre de quarts de travail",erpnext/stock/doctype/item_lead_time/item_lead_time.json
erpnext,P1,missing,Per Unit Time in Mins,Par unité de temps en minutes,erpnext/stock/doctype/item_lead_time/item_lead_time.json
erpnext,P1,missing,Percentage you are allowed to order beyond the Blanket Order quantity.,Pourcentage que vous êtes autorisé à commander au-delà de la quantité de la commande globale.,erpnext/buying/doctype/buying_settings/buying_settings.json
erpnext,P1,missing,Percentage you are allowed to transfer more against the quantity ordered. For example: If you have ordered 100 units. and your Allowance is 10% then you are allowed to transfer 110 units.,"Pourcentage que vous êtes autorisé à transférer davantage par rapport à la quantité commandée. Par exemple : Si vous avez commandé 100 unités. et votre allocation est de 10 %, vous êtes alors autorisé à transférer 110 unités.",erpnext/buying/doctype/buying_settings/buying_settings.json
erpnext,P1,missing,Personal Details,Détails personnels,erpnext/setup/doctype/employee/employee.json
erpnext,P1,missing,Pharmaceuticals,Médicaments,erpnext/setup/setup_wizard/data/industry_type.txt:37
erpnext,P1,missing,Pick Serial / Batch Based On,Choisir une série/un lot en fonction de,erpnext/stock/doctype/stock_settings/stock_settings.json
erpnext,P1,missing,Pickup,Ramasser,erpnext/stock/doctype/shipment/shipment.json
erpnext,P1,missing,Pickup Contact Person,Personne à contacter pour le ramassage,erpnext/stock/doctype/shipment/shipment.json
erpnext,P1,missing,Pickup Date,Date de ramassage,erpnext/stock/doctype/shipment/shipment.json
erpnext,P1,missing,Pickup Date cannot be before this day,La date de ramassage ne peut pas être antérieure à ce jour,erpnext/stock/doctype/shipment/shipment.js:398
erpnext,P1,missing,Pickup From,Ramassage à partir de,erpnext/stock/doctype/shipment/shipment.json
erpnext,P1,missing,Pickup To time should be greater than Pickup From time,L’heure de ramassage jusqu’à doit être supérieure à l’heure de ramassage à partir de,erpnext/stock/doctype/shipment/shipment.py:106
erpnext,P1,missing,Pickup Type,Type de ramassage,erpnext/stock/doctype/shipment/shipment.json
erpnext,P1,missing,Pickup from,Prise en charge à partir de,erpnext/stock/doctype/shipment/shipment.json
erpnext,P1,missing,Pickup to,Prise en charge à,erpnext/stock/doctype/shipment/shipment.json
erpnext,P1,missing,Pint (UK),Pinte (Royaume-Uni),erpnext/setup/setup_wizard/data/uom_data.json
erpnext,P1,missing,Pint (US),Pinte (États-Unis),erpnext/setup/setup_wizard/data/uom_data.json
erpnext,P1,missing,"Pint, Dry (US)","Pinte, sec (États-Unis)",erpnext/setup/setup_wizard/data/uom_data.json
erpnext,P1,missing,"Pint, Liquid (US)","Pinte, liquide (États-Unis)",erpnext/setup/setup_wizard/data/uom_data.json
erpnext,P1,missing,Please Specify Account,Veuillez préciser le compte,erpnext/accounts/doctype/payment_entry/payment_entry.js:1873
erpnext,P1,missing,Please add 'Supplier' role to user {0}.,Veuillez ajouter le rôle « Fournisseur » à l'utilisateur {0}.,erpnext/buying/doctype/supplier/supplier.py:126
erpnext,P1,missing,Please add Request for Quotation to the sidebar in Portal Settings.,Veuillez ajouter une demande de devis à la barre latérale dans les paramètres du portail.,erpnext/buying/doctype/request_for_quotation/request_for_quotation.py:185
erpnext,P1,missing,Please attach CSV file,Veuillez joindre un fichier CSV,erpnext/stock/doctype/serial_and_batch_bundle/serial_and_batch_bundle.js:128
erpnext,P1,missing,Please cancel and amend the Payment Entry,Veuillez annuler et modifier l'entrée de paiement,erpnext/accounts/doctype/sales_invoice/sales_invoice.py:3085
erpnext,P1,missing,Please cancel related transaction.,Veuillez annuler la transaction associée.,erpnext/accounts/doctype/gl_entry/gl_entry.py:328 erpnext/stock/doctype/stock_ledger_entry/stock_ledger_entry.py:348
erpnext,P1,missing,Please check the error message and take necessary actions to fix the error and then restart the reposting again.,"Veuillez vérifier le message d'erreur et prendre les mesures nécessaires pour corriger l'erreur, puis redémarrer la republication.",erpnext/stock/doctype/repost_item_valuation/repost_item_valuation.py:524
erpnext,P1,missing,Please contact any of the following users to {} this transaction.,Veuillez contacter l'un des utilisateurs suivants pour {} cette transaction.,erpnext/stock/doctype/stock_ledger_entry/stock_ledger_entry.py:342
erpnext,P1,missing,Please create Landed Cost Vouchers against Invoices that have 'Update Stock' enabled.,Veuillez créer des bons d'achat pour les factures sur lesquelles l'option « Mettre à jour le stock » est activée.,erpnext/stock/doctype/landed_cost_voucher/landed_cost_voucher.py:132
erpnext,P1,missing,"Please delete Product Bundle {0}, before merging {1} into {2}",Veuillez supprimer le pack de produits {0} avant de fusionner {1} dans {2}.,erpnext/stock/doctype/item/item.py:654
erpnext,P1,missing,Please enable Use Old Serial / Batch Fields to make_bundle,Veuillez activer Utiliser les anciens champs de série/lot pour make_bundle,erpnext/stock/doctype/pick_list/pick_list.py:282
erpnext,P1,missing,Please enable {0} in the {1}.,Veuillez activer {0} dans le {1}.,erpnext/stock/doctype/stock_reservation_entry/stock_reservation_entry.py:673
erpnext,P1,missing,Please ensure {} account is a Balance Sheet account.,Veuillez vous assurer que le compte {} est un compte de bilan.,erpnext/accounts/doctype/sales_invoice/sales_invoice.py:987
erpnext,P1,missing,Please ensure {} account {} is a Receivable account.,Veuillez vous assurer que {} le compte {} est un compte client.,erpnext/accounts/doctype/sales_invoice/sales_invoice.py:997
erpnext,P1,missing,Please enter serial nos,Veuillez entrer les numéros de série,erpnext/stock/doctype/serial_and_batch_bundle/serial_and_batch_bundle.js:132
erpnext,P1,missing,"Please first set Last Name, Email and Phone for the user","Veuillez d'abord définir le nom de famille, l'adresse e-mail et le téléphone de l'utilisateur.",erpnext/stock/doctype/shipment/shipment.js:277
erpnext,P1,missing,Please mention 'Weight UOM' along with Weight.,Veuillez mentionner « UdM de poids » ainsi que le poids.,erpnext/stock/doctype/item/item.js:597
erpnext,P1,missing,Please rectify and try again.,Veuillez rectifier et réessayer.,erpnext/stock/doctype/shipment/shipment.js:444
erpnext,P1,missing,Please select Serial/Batch Nos to reserve or change Reservation Based On to Qty.,Veuillez sélectionner les numéros de série/lot pour réserver ou modifier la réservation basée sur la quantité.,erpnext/stock/doctype/stock_reservation_entry/stock_reservation_entry.py:451
erpnext,P1,missing,Please select Subcontracting Order instead of Purchase Order {0},Veuillez sélectionner Commande de sous-traitance au lieu de Bon de commande {0},erpnext/stock/doctype/stock_entry/stock_entry.py:1528
erpnext,P1,missing,Please select a country,Veuillez sélectionner un pays,erpnext/setup/doctype/holiday_list/holiday_list.py:89
erpnext,P1,missing,Please select a row to create a Reposting Entry,Veuillez sélectionner une ligne pour créer une entrée de republication,erpnext/manufacturing/report/material_requirements_planning_report/material_requirements_planning_report.js:135 erpnext/stock/report/stock_ledger_invariant_check/stock_ledger_invariant_check.js:73
erpnext,P1,missing,"Please select at least one filter: Item Code, Batch, or Serial No.","Veuillez sélectionner au moins un filtre : code article, lot ou numéro de série.",erpnext/stock/report/serial_no_and_batch_traceability/serial_no_and_batch_traceability.py:43
erpnext,P1,missing,Please select at least one row to fix,Veuillez sélectionner au moins une ligne à corriger,erpnext/stock/report/incorrect_serial_and_batch_bundle/incorrect_serial_and_batch_bundle.js:33
erpnext,P1,missing,Please select at least one row with difference value,Veuillez sélectionner au moins une ligne avec une valeur de différence,erpnext/stock/report/stock_qty_vs_batch_qty/stock_qty_vs_batch_qty.js:50
erpnext,P1,missing,Please select either the Item or Warehouse or Warehouse Type filter to generate the report.,"Veuillez sélectionner le filtre Article, Entrepôt ou Type d'entrepôt pour générer le rapport.",erpnext/stock/report/batch_wise_balance_history/batch_wise_balance_history.py:30
erpnext,P1,missing,Please select only one row to create a Reposting Entry,Veuillez sélectionner une seule ligne pour créer une entrée de republication,erpnext/stock/report/stock_ledger_invariant_check/stock_ledger_invariant_check.js:75
erpnext,P1,missing,Please select rows to create Reposting Entries,Veuillez sélectionner des lignes pour créer des entrées de republication,erpnext/stock/report/stock_and_account_value_comparison/stock_and_account_value_comparison.js:59 erpnext/stock/report/stock_ledger_variance/stock_ledger_variance.js:107
erpnext,P1,missing,Please select the Warehouse first,Veuillez d'abord sélectionner l'entrepôt,erpnext/stock/doctype/item/item.js:316
erpnext,P1,missing,Please select the required filters,Veuillez sélectionner les filtres requis,erpnext/stock/report/batch_item_expiry_status/batch_item_expiry_status.py:21
erpnext,P1,missing,Please set Account for Change Amount,Veuillez définir le compte pour le montant du changement,erpnext/accounts/doctype/sales_invoice/sales_invoice.py:1805
erpnext,P1,missing,Please set Email/Phone for the contact,Veuillez définir l'adresse e-mail/téléphone pour le contact,erpnext/stock/doctype/shipment/shipment.js:176
erpnext,P1,missing,Please set {0} in Company {1} to account for Exchange Gain / Loss,Veuillez définir {0} dans la société {1} pour tenir compte du gain/perte de change.,erpnext/accounts/doctype/payment_entry/payment_entry.py:1210
erpnext,P1,missing,Please try again in an hour.,Veuillez réessayer dans une heure.,erpnext/stock/doctype/repost_item_valuation/repost_item_valuation.py:247
erpnext,P1,missing,Pond,Étang,erpnext/setup/setup_wizard/data/uom_data.json
erpnext,P1,missing,Pood,Poud,erpnext/setup/setup_wizard/data/uom_data.json
erpnext,P1,missing,Posting Datetime,Date et heure de publication,erpnext/stock/doctype/serial_and_batch_bundle/serial_and_batch_bundle.json erpnext/stock/doctype/serial_and_batch_entry/serial_and_batch_entry.json erpnext/stock/doctype/stock_closing_balance/stock_closing_balance.json erpnext/stock/doctype/stock_ledger_entry/stock_ledger_entry.json
erpnext,P1,missing,Pound,Livre,erpnext/setup/setup_wizard/data/uom_data.json
erpnext,P1,missing,Pound-Force,Livre-Force,erpnext/setup/setup_wizard/data/uom_data.json
erpnext,P1,missing,Pound/Cubic Foot,Livre/pied cube,erpnext/setup/setup_wizard/data/uom_data.json
erpnext,P1,missing,Pound/Cubic Inch,Livre/pouce cube,erpnext/setup/setup_wizard/data/uom_data.json
erpnext,P1,missing,Pound/Cubic Yard,Livre/verge cube,erpnext/setup/setup_wizard/data/uom_data.json
erpnext,P1,missing,Pound/Gallon (UK),Livre/Gallon (Royaume-Uni),erpnext/setup/setup_wizard/data/uom_data.json
erpnext,P1,missing,Pound/Gallon (US),Livre/gallon (États-Unis),erpnext/setup/setup_wizard/data/uom_data.json
erpnext,P1,missing,Poundal,Livre,erpnext/setup/setup_wizard/data/uom_data.json
erpnext,P1,missing,Preferred Contact Email,E-mail de contact préféré,erpnext/setup/doctype/employee/employee.json
erpnext,P1,missing,Preferred Email,E-mail préféré,erpnext/setup/doctype/employee/employee.json
erpnext,P1,missing,President,Président,erpnext/setup/setup_wizard/data/designation.txt:24
erpnext,P1,missing,Price ({0}),Prix ​​({0}),erpnext/buying/report/supplier_quotation_comparison/supplier_quotation_comparison.py:244
erpnext,P1,missing,Price List Defaults,Valeurs par défaut de la liste de prix,erpnext/stock/doctype/stock_settings/stock_settings.json
erpnext,P1,missing,Price Per Unit ({0}),Prix ​​par unité ({0}),erpnext/buying/report/supplier_quotation_comparison/supplier_quotation_comparison.py:251
erpnext,P1,missing,Print Receipt on Order Complete,Imprimer le reçu une fois la commande terminée,erpnext/accounts/doctype/pos_profile/pos_profile.json
erpnext,P1,missing,Print taxes with zero amount,Imprimer les taxes avec un montant nul,erpnext/setup/install.py:111
erpnext,P1,missing,Printed on {0},Imprimé le {0},erpnext/accounts/doctype/process_statement_of_accounts/process_statement_of_accounts_accounts_receivable.html:383 erpnext/accounts/report/accounts_receivable/accounts_receivable.html:291 erpnext/accounts/report/bank_reconciliation_statement/bank_reconciliation_statement.html:46 erpnext/accounts/report/financial_statements.html:76 erpnext/accounts/report/general_ledger/general_ledger.html:180 erpnext/buying/report/supplier_quotation_comparison/supplier_quotation_comparison.html:127
erpnext,P1,missing,Priority cannot be lesser than 1.,La priorité ne peut pas être inférieure à 1.,erpnext/stock/doctype/putaway_rule/putaway_rule.py:61
erpnext,P1,missing,Private Equity,Capital-investissement,erpnext/setup/setup_wizard/data/industry_type.txt:38
erpnext,P1,missing,Process Loss,Perte de processus,erpnext/manufacturing/doctype/bom/bom.json erpnext/stock/doctype/stock_entry/stock_entry.json
erpnext,P1,missing,Process Loss Qty,Quantité de perte de processus,erpnext/manufacturing/doctype/bom/bom.json erpnext/manufacturing/doctype/job_card/job_card.json erpnext/manufacturing/doctype/work_order/work_order.json erpnext/manufacturing/doctype/work_order_operation/work_order_operation.json erpnext/manufacturing/report/process_loss_report/process_loss_report.py:94 erpnext/stock/doctype/stock_entry/stock_entry.json erpnext/subcontracting/doctype/subcontracting_inward_order_item/subcontracting_inward_order_item.json
erpnext,P1,missing,Process in Single Transaction,Processus en une seule transaction,erpnext/setup/doctype/transaction_deletion_record/transaction_deletion_record.json
erpnext,P1,missing,Product Manager,Chef de produit,erpnext/setup/setup_wizard/data/designation.txt:25
erpnext,P1,missing,Production,Production,erpnext/manufacturing/doctype/workstation/workstation.json erpnext/manufacturing/workspace/manufacturing/manufacturing.json erpnext/setup/doctype/company/company.py:466
erpnext,P1,missing,Production Plan Sub Assembly Item,Article de sous-assemblage du plan de production,erpnext/buying/doctype/purchase_order_item/purchase_order_item.json erpnext/manufacturing/doctype/production_plan_sub_assembly_item/production_plan_sub_assembly_item.json erpnext/subcontracting/doctype/subcontracting_order_item/subcontracting_order_item.json
erpnext,P1,missing,Project Manager,Chef de projet,erpnext/setup/setup_wizard/data/designation.txt:26
erpnext,P1,missing,Projected On Hand,Projeté à portée de main,erpnext/stock/doctype/material_request_item/material_request_item.json
erpnext,P1,missing,Prompt Qty,Qté rapide,erpnext/stock/doctype/pick_list/pick_list.json
erpnext,P1,missing,Provisional Account,Compte provisoire,erpnext/setup/doctype/company/company.py:565
erpnext,P1,missing,Provisional Expense Account,Compte de dépenses provisoire,erpnext/stock/doctype/purchase_receipt_item/purchase_receipt_item.json
erpnext,P1,missing,Psi/1000 Feet,Psi/1000 pieds,erpnext/setup/setup_wizard/data/uom_data.json
erpnext,P1,missing,Publishing,Édition,erpnext/setup/setup_wizard/data/industry_type.txt:39
erpnext,P1,missing,Purchase Expense,Frais d'achat,erpnext/setup/doctype/company/company.json
erpnext,P1,missing,Purchase Expense Account,Compte de frais d'achat,erpnext/setup/doctype/company/company.json erpnext/stock/doctype/item_default/item_default.json
erpnext,P1,missing,Purchase Expense Contra Account,Compte de contrepartie des frais d'achat,erpnext/setup/doctype/company/company.json erpnext/stock/doctype/item_default/item_default.json
erpnext,P1,missing,Purchase Orders Count,Nombre de bons de commande,erpnext/buying/workspace/buying/buying.json
erpnext,P1,missing,Purchase Receipt (Draft) will be auto-created on submission of Subcontracting Receipt.,Le reçu d’achat (ébauche) sera créé automatiquement lors de la soumission du reçu de sous-traitance.,erpnext/buying/doctype/buying_settings/buying_settings.json
erpnext,P1,missing,Purchase Time,Temps d'achat,erpnext/stock/doctype/item_lead_time/item_lead_time.json
erpnext,P1,missing,Purchase Value,Valeur d'achat,erpnext/buying/report/purchase_order_trends/purchase_order_trends.py:57
erpnext,P1,missing,Purchase Voucher No,Bon d'achat Non,erpnext/stock/report/landed_cost_report/landed_cost_report.py:35
erpnext,P1,missing,Purchase Voucher Type,Type de bon d'achat,erpnext/stock/report/landed_cost_report/landed_cost_report.py:29
erpnext,P1,missing,Putaway Rule already exists for Item {0} in Warehouse {1}.,La règle de mise en stock existe déjà pour l'article {0} dans l'entrepôt {1}.,erpnext/stock/doctype/putaway_rule/putaway_rule.py:53
erpnext,P1,missing,Qty (in Stock UOM),Qté (en stock UdM),erpnext/stock/doctype/pick_list_item/pick_list_item.json
erpnext,P1,missing,Qty After Transaction,Quantité après transaction,erpnext/stock/doctype/stock_ledger_entry/stock_ledger_entry.json
erpnext,P1,missing,Qty Change,Changement de quantité,erpnext/stock/doctype/stock_closing_balance/stock_closing_balance.json erpnext/stock/doctype/stock_ledger_entry/stock_ledger_entry.json erpnext/stock/report/fifo_queue_vs_qty_after_transaction_comparison/fifo_queue_vs_qty_after_transaction_comparison.py:169 erpnext/stock/report/stock_ledger_invariant_check/stock_ledger_invariant_check.py:188 erpnext/stock/report/stock_ledger_variance/stock_ledger_variance.py:91
erpnext,P1,missing,Qty To Produce,Quantité à produire,erpnext/stock/doctype/batch/batch.json
erpnext,P1,missing,Qty as Per Stock UOM,Quantité selon l'UdM du stock,erpnext/stock/doctype/purchase_receipt_item/purchase_receipt_item.json
erpnext,P1,missing,Qty in Stock UOM,Qté en stock UdM,erpnext/buying/doctype/purchase_order_item/purchase_order_item.json erpnext/buying/report/requested_items_to_order_and_receive/requested_items_to_order_and_receive.py:231 erpnext/stock/doctype/delivery_note_item/delivery_note_item.json
erpnext,P1,missing,Qty of Finished Goods Item should be greater than 0.,La quantité d’articles finis doit être supérieure à 0.,erpnext/stock/doctype/pick_list/pick_list.py:624
erpnext,P1,missing,Qty to Be Consumed,Quantité à consommer,erpnext/buying/doctype/purchase_receipt_item_supplied/purchase_receipt_item_supplied.json
erpnext,P1,missing,Qualification,Qualification,erpnext/crm/doctype/lead/lead.json erpnext/setup/doctype/employee_education/employee_education.json erpnext/setup/setup_wizard/data/sales_stage.txt:2 erpnext/setup/setup_wizard/operations/install_fixtures.py:433
erpnext,P1,missing,Quality Inspection Parameter Group,Groupe de paramètres d'inspection de la qualité,erpnext/stock/doctype/quality_inspection_parameter_group/quality_inspection_parameter_group.json
erpnext,P1,missing,Quantity (A - B),Quantité (A - B),erpnext/stock/report/stock_ledger_variance/stock_ledger_variance.js:53
erpnext,P1,missing,Quantity cannot be greater than {0} for Item {1},La quantité ne peut pas être supérieure à {0} pour l'article {1},erpnext/stock/doctype/material_request/material_request.py:202
erpnext,P1,missing,"Quantity must be greater than zero, and less or equal to {0}",La quantité doit être supérieure à zéro et inférieure ou égale à {0},erpnext/stock/dashboard/item_dashboard.js:285
erpnext,P1,missing,Quart (UK),Quart (Royaume-Uni),erpnext/setup/setup_wizard/data/uom_data.json
erpnext,P1,missing,Quart Dry (US),Quart sec (États-Unis),erpnext/setup/setup_wizard/data/uom_data.json
erpnext,P1,missing,Quart Liquid (US),Quart de liquide (États-Unis),erpnext/setup/setup_wizard/data/uom_data.json
erpnext,P1,missing,Quintal,Quintal,erpnext/setup/setup_wizard/data/uom_data.json
erpnext,P1,missing,Quotation Number,Numéro de devis,erpnext/buying/doctype/supplier_quotation/supplier_quotation.json
erpnext,P1,missing,Rate Section,Section Tarifs,erpnext/stock/doctype/serial_and_batch_entry/serial_and_batch_entry.json
erpnext,P1,missing,Raw Material Voucher No,Numéro de bon de matière première,erpnext/stock/report/landed_cost_report/landed_cost_report.js:36
erpnext,P1,missing,Raw Material Voucher Type,Type de bon de matière première,erpnext/stock/report/landed_cost_report/landed_cost_report.js:30
erpnext,P1,missing,Raw materials consumed qty will be validated based on FG BOM required qty,La quantité de matières premières consommées sera validée en fonction de la quantité requise de la nomenclature FG.,erpnext/buying/doctype/buying_settings/buying_settings.json
erpnext,P1,missing,Reading 3,Lecture 3,erpnext/stock/doctype/quality_inspection_reading/quality_inspection_reading.json
erpnext,P1,missing,Reading 4,Lecture 4,erpnext/stock/doctype/quality_inspection_reading/quality_inspection_reading.json
erpnext,P1,missing,Reading 5,Lecture 5,erpnext/stock/doctype/quality_inspection_reading/quality_inspection_reading.json
erpnext,P1,missing,Reading Value,Valeur de lecture,erpnext/stock/doctype/quality_inspection_reading/quality_inspection_reading.json
erpnext,P1,missing,Real Estate,Immobilier,erpnext/setup/setup_wizard/data/industry_type.txt:40
erpnext,P1,missing,Recalculate Batch Qty,Recalculer la quantité de lots,erpnext/stock/doctype/batch/batch.js:26
erpnext,P1,missing,Recalculate Bin Qty,Recalculer la quantité de bac,erpnext/stock/doctype/bin/bin.js:10
erpnext,P1,missing,Recalculate Incoming/Outgoing Rate,Recalculer le taux entrant/sortant,erpnext/stock/doctype/stock_ledger_entry/stock_ledger_entry.json
erpnext,P1,missing,Receipt Items,Articles reçus,erpnext/stock/doctype/landed_cost_voucher/landed_cost_voucher.json
erpnext,P1,missing,Receive from Customer,Recevoir du client,erpnext/setup/setup_wizard/operations/install_fixtures.py:120 erpnext/stock/doctype/stock_entry/stock_entry.json erpnext/stock/doctype/stock_entry_type/stock_entry_type.json
erpnext,P1,missing,Received Amount After Tax,Montant reçu après impôt,erpnext/accounts/doctype/payment_entry/payment_entry.json
erpnext,P1,missing,Received Amount After Tax (Company Currency),Montant reçu après taxes (devise de l'entreprise),erpnext/accounts/doctype/payment_entry/payment_entry.json
erpnext,P1,missing,Received Amount cannot be greater than Paid Amount,Le montant reçu ne peut pas être supérieur au montant payé,erpnext/accounts/doctype/payment_entry/payment_entry.py:1046
erpnext,P1,missing,Received Qty in Stock UOM,Quantité reçue en stock UdM,erpnext/stock/doctype/purchase_receipt_item/purchase_receipt_item.json
erpnext,P1,missing,Reconcile All Serial Nos / Batches,Rapprocher tous les numéros de série/lots,erpnext/stock/doctype/stock_reconciliation_item/stock_reconciliation_item.json
erpnext,P1,missing,Reconcile Effect On,Réconcilier l'effet sur,erpnext/accounts/doctype/payment_entry_reference/payment_entry_reference.json
erpnext,P1,missing,Reconcile on Advance Payment Date,Rapprocher à la date de paiement anticipé,erpnext/accounts/doctype/payment_entry/payment_entry.json erpnext/setup/doctype/company/company.json
erpnext,P1,missing,Reconciliation Date,Date de rapprochement,erpnext/accounts/doctype/accounts_settings/accounts_settings.json erpnext/setup/doctype/company/company.json
erpnext,P1,missing,Reconciliation Takes Effect On,La réconciliation prend effet le,erpnext/setup/doctype/company/company.json
erpnext,P1,missing,Recreate Stock Ledgers,Recréer les registres de stocks,erpnext/stock/doctype/repost_item_valuation/repost_item_valuation.json
erpnext,P1,missing,Reference Exchange Rate,Taux de change de référence,erpnext/accounts/doctype/purchase_invoice_advance/purchase_invoice_advance.json erpnext/accounts/doctype/sales_invoice_advance/sales_invoice_advance.json
erpnext,P1,missing,Reference No,Numéro de référence,erpnext/accounts/doctype/sales_invoice_payment/sales_invoice_payment.json
erpnext,P1,missing,Reference for Reservation,Référence pour la réservation,erpnext/stock/doctype/serial_and_batch_entry/serial_and_batch_entry.json
erpnext,P1,missing,References to Sales Invoices are Incomplete,Les références aux factures de vente sont incomplètes,erpnext/stock/doctype/delivery_note/delivery_note.py:391
erpnext,P1,missing,References to Sales Orders are Incomplete,Les références aux commandes client sont incomplètes,erpnext/stock/doctype/delivery_note/delivery_note.py:386
erpnext,P1,missing,References {0} of type {1} had no outstanding amount left before submitting the Payment Entry. Now they have a negative outstanding amount.,Les références {0} de type {1} n’avaient plus de montant impayé avant de soumettre la saisie de paiement. Ils ont désormais un encours négatif.,erpnext/accounts/doctype/payment_entry/payment_entry.py:733
erpnext,P1,missing,Regenerate Stock Closing Entry,Régénérer l'écriture de clôture des stocks,erpnext/stock/doctype/stock_closing_entry/stock_closing_entry.js:27
erpnext,P1,missing,Rejected Serial and Batch Bundle,Lot de séries et de lots rejetés,erpnext/accounts/doctype/purchase_invoice_item/purchase_invoice_item.json erpnext/stock/doctype/purchase_receipt_item/purchase_receipt_item.json erpnext/subcontracting/doctype/subcontracting_receipt_item/subcontracting_receipt_item.json
erpnext,P1,missing,Relation,Relation,erpnext/setup/doctype/employee/employee.json
erpnext,P1,missing,Relieving Date,Date de relève,erpnext/setup/doctype/employee/employee.json
erpnext,P1,missing,Remove item if charges is not applicable to that item,Supprimer l'article si les frais ne sont pas applicables à cet article,erpnext/stock/doctype/landed_cost_voucher/landed_cost_voucher.js:9
erpnext,P1,missing,Rent,Louer,erpnext/manufacturing/doctype/workstation/test_workstation.py:80 erpnext/manufacturing/doctype/workstation/test_workstation.py:91 erpnext/manufacturing/doctype/workstation/test_workstation.py:118 erpnext/patches/v16_0/make_workstation_operating_components.py:49 erpnext/setup/setup_wizard/operations/install_fixtures.py:316
erpnext,P1,missing,Reporting Currency,Devise de présentation,erpnext/setup/doctype/company/company.json
erpnext,P1,missing,Repost Item Valuation,Republier l'évaluation de l'article,erpnext/stock/doctype/repost_item_valuation/repost_item_valuation.json
erpnext,P1,missing,Repost Item Valuation restarted for selected failed records.,Republier la valorisation des articles a redémarré pour les enregistrements ayant échoué sélectionnés.,erpnext/stock/doctype/repost_item_valuation/repost_item_valuation.py:337
erpnext,P1,missing,Repost Only Accounting Ledgers,Republier uniquement les grands livres comptables,erpnext/stock/doctype/repost_item_valuation/repost_item_valuation.json
erpnext,P1,missing,Reposting Completed {0}%,Republiage terminé {0}%,erpnext/stock/doctype/repost_item_valuation/repost_item_valuation.js:119
erpnext,P1,missing,Reposting Data File,Republier le fichier de données,erpnext/stock/doctype/repost_item_valuation/repost_item_valuation.json
erpnext,P1,missing,Reposting Info,Informations de republication,erpnext/stock/doctype/repost_item_valuation/repost_item_valuation.json
erpnext,P1,missing,Reposting Progress,Republier les progrès,erpnext/stock/doctype/repost_item_valuation/repost_item_valuation.js:127
erpnext,P1,missing,Reposting Reference,Référence de republication,erpnext/stock/doctype/repost_item_valuation/repost_item_valuation.json
erpnext,P1,missing,Reposting entries created: {0},Publication des entrées créées : {0},erpnext/stock/report/stock_and_account_value_comparison/stock_and_account_value_comparison.py:182 erpnext/stock/report/stock_ledger_invariant_check/stock_ledger_invariant_check.py:327
erpnext,P1,missing,Reposting has been started in the background.,La republication a été lancée en arrière-plan.,erpnext/stock/doctype/repost_item_valuation/repost_item_valuation.js:103
erpnext,P1,missing,Researcher,Chercheur,erpnext/setup/setup_wizard/data/designation.txt:27
erpnext,P1,missing,Reseller,Revendeur,erpnext/setup/setup_wizard/data/sales_partner_type.txt:7
erpnext,P1,missing,Reservation Based On,Réservation basée sur,erpnext/stock/doctype/stock_reservation_entry/stock_reservation_entry.json erpnext/stock/report/reserved_stock/reserved_stock.js:118
erpnext,P1,missing,"Reserved Qty ({0}) cannot be a fraction. To allow this, disable '{1}' in UOM {3}.","La quantité réservée ({0}) ne peut pas être une fraction. Pour permettre cela, désactivez « {1} » dans l'UdM {3}.",erpnext/stock/doctype/stock_reservation_entry/stock_reservation_entry.py:263
erpnext,P1,missing,Reserved Qty for Subcontract,Quantité réservée pour la sous-traitance,erpnext/stock/doctype/bin/bin.json
erpnext,P1,missing,Reserved Qty should be greater than Delivered Qty.,La quantité réservée doit être supérieure à la quantité livrée.,erpnext/stock/doctype/stock_reservation_entry/stock_reservation_entry.py:649
erpnext,P1,missing,Reserved Serial No.,Numéro de série réservé,erpnext/stock/stock_ledger.py:2317
erpnext,P1,missing,Reserved Stock for Batch,Stock réservé pour lot,erpnext/stock/stock_ledger.py:2346
erpnext,P1,missing,Reset Company Default Values,Réinitialiser les valeurs par défaut de l'entreprise,erpnext/setup/doctype/transaction_deletion_record/transaction_deletion_record.json
erpnext,P1,missing,Resignation Letter Date,Date de la lettre de démission,erpnext/setup/doctype/employee/employee.json
erpnext,P1,missing,Restart,Redémarrage,erpnext/stock/doctype/repost_item_valuation/repost_item_valuation.js:84
erpnext,P1,missing,Restart Failed Entries,Redémarrer les entrées ayant échoué,erpnext/stock/doctype/repost_item_valuation/repost_item_valuation_list.js:23
erpnext,P1,missing,Retail & Wholesale,Vente au détail et en gros,erpnext/setup/setup_wizard/data/industry_type.txt:41
erpnext,P1,missing,Retailer,Détaillant,erpnext/setup/setup_wizard/data/sales_partner_type.txt:5
erpnext,P1,missing,Return Against,Retour contre,erpnext/accounts/doctype/pos_invoice/pos_invoice.json erpnext/accounts/doctype/pos_invoice_reference/pos_invoice_reference.json erpnext/accounts/doctype/sales_invoice/sales_invoice.json erpnext/accounts/doctype/sales_invoice_reference/sales_invoice_reference.json
erpnext,P1,missing,Return Issued,Retour émis,erpnext/stock/doctype/delivery_note/delivery_note.json erpnext/stock/doctype/delivery_note/delivery_note_list.js:20 erpnext/stock/doctype/purchase_receipt/purchase_receipt.json erpnext/stock/doctype/purchase_receipt/purchase_receipt_list.js:19 erpnext/subcontracting/doctype/subcontracting_receipt/subcontracting_receipt.json
erpnext,P1,missing,Return Qty,Quantité de retour,erpnext/stock/doctype/purchase_receipt/purchase_receipt.js:326 erpnext/subcontracting/doctype/subcontracting_receipt/subcontracting_receipt.js:126
erpnext,P1,missing,Return Qty from Rejected Warehouse,Quantité retournée depuis l'entrepôt rejeté,erpnext/stock/doctype/purchase_receipt/purchase_receipt.js:302 erpnext/stock/doctype/purchase_receipt_item/purchase_receipt_item.json erpnext/subcontracting/doctype/subcontracting_receipt/subcontracting_receipt.js:102
erpnext,P1,missing,Return Raw Material to Customer,Retourner la matière première au client,erpnext/setup/setup_wizard/operations/install_fixtures.py:126 erpnext/stock/doctype/stock_entry/stock_entry.json erpnext/stock/doctype/stock_entry_type/stock_entry_type.json
erpnext,P1,missing,Return invoice of asset cancelled,Facture de retour du bien annulé,erpnext/accounts/doctype/sales_invoice/sales_invoice.py:1448
erpnext,P1,missing,Return of Components,Retour des composants,erpnext/buying/doctype/purchase_order/purchase_order.js:131 erpnext/subcontracting/doctype/subcontracting_order/subcontracting_order.js:480
erpnext,P1,missing,Returned Against,Renvoyé contre,erpnext/stock/doctype/serial_and_batch_bundle/serial_and_batch_bundle.json
erpnext,P1,missing,Returned Qty in Stock UOM,Quantité retournée en stock UdM,erpnext/stock/doctype/delivery_note_item/delivery_note_item.json erpnext/stock/doctype/purchase_receipt_item/purchase_receipt_item.json
erpnext,P1,missing,Rgt,Rgt,erpnext/accounts/doctype/account/account.json erpnext/setup/doctype/company/company.json
erpnext,P1,missing,Rod,Tige,erpnext/setup/setup_wizard/data/uom_data.json
erpnext,P1,missing,Roles Allowed to Set and Edit Frozen Account Entries,Rôles autorisés à définir et modifier les entrées de compte gelées,erpnext/setup/doctype/company/company.json
erpnext,P1,missing,Round Off for Opening,Arrondir pour l’ouverture,erpnext/accounts/doctype/account/account.json erpnext/setup/doctype/company/company.json
erpnext,P1,missing,Row # {0}:,Ligne n° {0} :,erpnext/stock/doctype/stock_reconciliation/stock_reconciliation.py:577
erpnext,P1,missing,Row # {0}: Please add Serial and Batch Bundle for Item {1},Ligne n° {0} : Veuillez ajouter une série et un lot pour l'article {1},erpnext/stock/doctype/stock_reconciliation/stock_reconciliation.py:186
erpnext,P1,missing,Row # {0}: Please enter quantity for Item {1} as it is not zero.,Ligne n° {0} : Veuillez saisir la quantité pour l'article {1} car elle n'est pas nulle.,erpnext/stock/doctype/stock_reconciliation/stock_reconciliation.py:205
erpnext,P1,missing,Row #{0}: A reorder entry already exists for warehouse {1} with reorder type {2}.,Ligne n° {0} : une entrée de commande existe déjà pour l'entrepôt {1} avec le type de commande {2}.,erpnext/stock/doctype/item/item.py:513
erpnext,P1,missing,Row #{0}: Acceptance Criteria Formula is incorrect.,Ligne n° {0} : La formule des critères d'acceptation est incorrecte.,erpnext/stock/doctype/quality_inspection/quality_inspection.py:323
erpnext,P1,missing,Row #{0}: Acceptance Criteria Formula is required.,Ligne #{0} : La formule des critères d'acceptation est requise.,erpnext/stock/doctype/quality_inspection/quality_inspection.py:303
erpnext,P1,missing,Row #{0}: Allocated Amount cannot be greater than Outstanding Amount of Payment Request {1},Ligne n° {0} : Le montant alloué ne peut pas être supérieur au montant impayé de la demande de paiement {1},erpnext/accounts/doctype/payment_entry/payment_entry.py:391
erpnext,P1,missing,Row #{0}: Allocated amount:{1} is greater than outstanding amount:{2} for Payment Term {3},Ligne n° {0} : Le montant alloué :{1} est supérieur au montant impayé :{2} pour la condition de paiement {3},erpnext/accounts/doctype/payment_entry/payment_entry.py:484
erpnext,P1,missing,"Row #{0}: Asset {1} cannot be sold, it is already {2}","Ligne #{0} : L'actif {1} ne peut pas être vendu, il est déjà {2}",erpnext/accounts/doctype/sales_invoice/sales_invoice.py:392
erpnext,P1,missing,Row #{0}: Asset {1} is already sold,Ligne n° {0} : l'actif {1} est déjà vendu,erpnext/accounts/doctype/sales_invoice/sales_invoice.py:397
erpnext,P1,missing,Row #{0}: BOM is not specified for subcontracting item {0},Ligne #{0} : La nomenclature n'est pas spécifiée pour l'article de sous-traitance {0},erpnext/buying/doctype/purchase_order/purchase_order.py:371
erpnext,P1,missing,Row #{0}: Batch No {1} is already selected.,Ligne #{0} : Le lot n°{1} est déjà sélectionné.,erpnext/stock/doctype/stock_reservation_entry/stock_reservation_entry.py:441
erpnext,P1,missing,Row #{0}: Cannot allocate more than {1} against payment term {2},Ligne n° {0} : Impossible d'attribuer plus de {1} à la condition de paiement {2},erpnext/accounts/doctype/payment_entry/payment_entry.py:863
erpnext,P1,missing,Row #{0}: Default BOM not found for FG Item {1},Ligne n° {0} : Nomenclature par défaut introuvable pour l'article FG {1},erpnext/buying/doctype/purchase_order/purchase_order.py:395
erpnext,P1,missing,Row #{0}: Finished Good must be {1},Ligne n° {0} : Le produit fini doit être {1},erpnext/stock/doctype/stock_entry/stock_entry.py:434
erpnext,P1,missing,Row #{0}: Item {1} does not exist,Ligne n° {0} : l'article {1} n'existe pas,erpnext/buying/utils.py:98
erpnext,P1,missing,Row #{0}: Only {1} available to reserve for the Item {2},Ligne n° {0} : Seulement {1} disponible pour réserver pour l'article {2},erpnext/stock/doctype/stock_reservation_entry/stock_reservation_entry.py:1710
erpnext,P1,missing,Row #{0}: Qty should be less than or equal to Available Qty to Reserve (Actual Qty - Reserved Qty) {1} for Iem {2} against Batch {3} in Warehouse {4}.,Ligne n° {0} : La quantité doit être inférieure ou égale à la quantité disponible à réserver (quantité réelle - quantité réservée) {1} pour l'article {2} par rapport au lot {3} dans l'entrepôt {4}.,erpnext/stock/doctype/stock_reservation_entry/stock_reservation_entry.py:429
erpnext,P1,missing,Row #{0}: Quantity to reserve for the Item {1} should be greater than 0.,Ligne #{0} : La quantité à réserver pour l'article {1} doit être supérieure à 0.,erpnext/stock/doctype/stock_reservation_entry/stock_reservation_entry.py:1695
erpnext,P1,missing,Row #{0}: Return Against is required for returning asset,Ligne n° {0} : Le retour contre est requis pour le retour de l'actif.,erpnext/accounts/doctype/sales_invoice/sales_invoice.py:400
erpnext,P1,missing,Row #{0}: Serial No {1} for Item {2} is not available in {3} {4} or might be reserved in another {5}.,Ligne n° {0} : le numéro de série {1} pour l'article {2} n'est pas disponible dans {3} {4} ou peut être réservé dans un autre {5}.,erpnext/stock/doctype/stock_reservation_entry/stock_reservation_entry.py:378
erpnext,P1,missing,Row #{0}: Serial No {1} is already selected.,Ligne #{0} : Le numéro de série {1} est déjà sélectionné.,erpnext/stock/doctype/stock_reservation_entry/stock_reservation_entry.py:394
erpnext,P1,missing,Row #{0}: Source and Target Warehouse cannot be the same for Material Transfer,Ligne n° {0} : L'entrepôt source et l'entrepôt cible ne peuvent pas être identiques pour le transfert de matières.,erpnext/stock/doctype/stock_entry/stock_entry.py:966
erpnext,P1,missing,"Row #{0}: Source, Target Warehouse and Inventory Dimensions cannot be the exact same for Material Transfer","Ligne n° {0} : Les dimensions source, entrepôt cible et stock ne peuvent pas être exactement les mêmes pour le transfert de matériaux.",erpnext/stock/doctype/stock_entry/stock_entry.py:988
erpnext,P1,missing,Row #{0}: Status is mandatory,Ligne #{0} : Le statut est obligatoire,erpnext/stock/doctype/quality_inspection/quality_inspection.py:205
erpnext,P1,missing,Row #{0}: Stock cannot be reserved for Item {1} against a disabled Batch {2}.,Ligne #{0} : Le stock ne peut pas être réservé pour l'article {1} par rapport à un lot {2} désactivé.,erpnext/stock/doctype/stock_reservation_entry/stock_reservation_entry.py:403
erpnext,P1,missing,Row #{0}: Stock cannot be reserved for a non-stock Item {1},Ligne #{0} : Le stock ne peut pas être réservé pour un article hors stock {1},erpnext/stock/doctype/stock_reservation_entry/stock_reservation_entry.py:1640
erpnext,P1,missing,Row #{0}: Stock cannot be reserved in group warehouse {1}.,Ligne #{0} : Le stock ne peut pas être réservé dans l'entrepôt de groupe {1}.,erpnext/stock/doctype/stock_reservation_entry/stock_reservation_entry.py:1653
erpnext,P1,missing,Row #{0}: Stock is already reserved for the Item {1}.,Ligne #{0} : Le stock est déjà réservé pour l'article {1}.,erpnext/stock/doctype/stock_reservation_entry/stock_reservation_entry.py:1667
erpnext,P1,missing,Row #{0}: Stock is reserved for item {1} in warehouse {2}.,Ligne #{0} : Le stock est réservé pour l'article {1} dans l'entrepôt {2}.,erpnext/stock/doctype/delivery_note/delivery_note.py:545
erpnext,P1,missing,Row #{0}: Stock not available to reserve for Item {1} against Batch {2} in Warehouse {3}.,Ligne n° {0} : Stock non disponible pour réserver pour l'article {1} par rapport au lot {2} dans l'entrepôt {3}.,erpnext/stock/doctype/stock_reservation_entry/stock_reservation_entry.py:413
erpnext,P1,missing,Row #{0}: Stock not available to reserve for the Item {1} in Warehouse {2}.,Ligne n° {0} : Stock non disponible pour la réservation pour l'article {1} dans l'entrepôt {2}.,erpnext/stock/doctype/stock_reservation_entry/stock_reservation_entry.py:1233 erpnext/stock/doctype/stock_reservation_entry/stock_reservation_entry.py:1681
erpnext,P1,missing,Row #{0}: Stock quantity {1} ({2}) for item {3} cannot exceed {4},Ligne n° {0} : La quantité en stock {1} ({2}) pour l'article {3} ne peut pas dépasser {4},erpnext/accounts/doctype/sales_invoice/sales_invoice.py:1244
erpnext,P1,missing,Row #{0}: The warehouse {1} is not a child warehouse of a group warehouse {2},Ligne #{0} : L'entrepôt {1} n'est pas un entrepôt enfant d'un entrepôt de groupe {2},erpnext/stock/doctype/item/item.py:529
erpnext,P1,missing,Row #{0}: You must select an Asset for Item {1}.,Ligne #{0} : Vous devez sélectionner un actif pour l'article {1}.,erpnext/accounts/doctype/sales_invoice/sales_invoice.py:404
erpnext,P1,missing,Row #{0}: {1} is not a valid reading field. Please refer to the field description.,Ligne #{0} : {1} n'est pas un champ de lecture valide. Veuillez vous référer à la description du champ.,erpnext/stock/doctype/quality_inspection/quality_inspection.py:316
erpnext,P1,missing,Row #{1}: Warehouse is mandatory for stock Item {0},Ligne #{1} : L'entrepôt est obligatoire pour l'article en stock {0},erpnext/buying/utils.py:106
erpnext,P1,missing,Row #{}: {} {} doesn't belong to Company {}. Please select valid {}.,Ligne n° {} : {} {} n'appartient pas à la société {}. Veuillez sélectionner un {} valide.,erpnext/stock/doctype/item/item.py:1401
erpnext,P1,missing,"Row {0} picked quantity is less than the required quantity, additional {1} {2} required.","La quantité prélevée dans la rangée {0} est inférieure à la quantité requise, {1} {2} supplémentaire est requis.",erpnext/stock/doctype/pick_list/pick_list.py:228
erpnext,P1,missing,Row {0}# Item {1} cannot be transferred more than {2} against {3} {4},Ligne {0}# L'article {1} ne peut pas être transféré plus de {2} vers {3} {4},erpnext/stock/doctype/stock_entry/stock_entry.py:1459
erpnext,P1,missing,Row {0}# Item {1} not found in 'Raw Materials Supplied' table in {2} {3},Ligne {0}# Article {1} introuvable dans le tableau « Matières premières fournies » dans {2} {3},erpnext/stock/doctype/stock_entry/stock_entry.py:1483
erpnext,P1,missing,"Row {0}: As {1} is enabled, raw materials cannot be added to {2} entry. Use {3} entry to consume raw materials.","Ligne {0} : Comme {1} est activé, les matières premières ne peuvent pas être ajoutées à l'entrée {2}. Utilisez l’entrée {3} pour consommer des matières premières.",erpnext/stock/doctype/stock_entry/stock_entry.py:1146
erpnext,P1,missing,Row {0}: Either Delivery Note Item or Packed Item reference is mandatory.,Ligne {0} : La référence de l'article du bon de livraison ou de l'article emballé est obligatoire.,erpnext/stock/doctype/packing_slip/packing_slip.py:128
erpnext,P1,missing,Row {0}: Packed Qty must be equal to {1} Qty.,Ligne {0} : La quantité emballée doit être égale à {1} Qté.,erpnext/stock/doctype/delivery_note/delivery_note.py:602
erpnext,P1,missing,Row {0}: Packing Slip is already created for Item {1}.,Ligne {0} : Le bon de livraison est déjà créé pour l'article {1}.,erpnext/stock/doctype/packing_slip/packing_slip.py:147
erpnext,P1,missing,Row {0}: Please provide a valid Delivery Note Item or Packed Item reference.,Ligne {0} : Veuillez fournir une référence d'article de bon de livraison ou d'article emballé valide.,erpnext/stock/doctype/packing_slip/packing_slip.py:141
erpnext,P1,missing,Row {0}: Purchase Invoice {1} has no stock impact.,Ligne {0} : La facture d'achat {1} n'a aucun impact sur le stock.,erpnext/stock/doctype/landed_cost_voucher/landed_cost_voucher.py:129
erpnext,P1,missing,Row {0}: Qty cannot be greater than {1} for the Item {2}.,Ligne {0} : la quantité ne peut pas être supérieure à {1} pour l'article {2}.,erpnext/stock/doctype/packing_slip/packing_slip.py:153
erpnext,P1,missing,Row {0}: Qty in Stock UOM can not be zero.,Ligne {0} : La quantité en stock UdM ne peut pas être nulle.,erpnext/stock/doctype/stock_entry/stock_entry.py:525
erpnext,P1,missing,Row {0}: Qty must be greater than 0.,Ligne {0} : la quantité doit être supérieure à 0.,erpnext/stock/doctype/packing_slip/packing_slip.py:124
erpnext,P1,missing,Row {0}: Transferred quantity cannot be greater than the requested quantity.,Ligne {0} : la quantité transférée ne peut pas être supérieure à la quantité demandée.,erpnext/stock/doctype/stock_entry/stock_entry.py:3243
erpnext,P1,missing,Row {0}: {2} Item {1} does not exist in {2} {3},Ligne {0} : {2} L'élément {1} n'existe pas dans {2} {3},erpnext/stock/doctype/landed_cost_voucher/landed_cost_voucher.py:102
erpnext,P1,missing,Running,En cours d'exécution,erpnext/accounts/doctype/process_payment_reconciliation/process_payment_reconciliation.json erpnext/accounts/doctype/process_payment_reconciliation_log/process_payment_reconciliation_log.json erpnext/accounts/doctype/process_period_closing_voucher/process_period_closing_voucher.json erpnext/accounts/doctype/process_period_closing_voucher_detail/process_period_closing_voucher_detail.json erpnext/setup/doctype/transaction_deletion_record/transaction_deletion_record.json
erpnext,P1,missing,SCIO Detail,Détail du SCIO,erpnext/accounts/doctype/sales_invoice_item/sales_invoice_item.json erpnext/stock/doctype/stock_entry_detail/stock_entry_detail.json
erpnext,P1,missing,SCO Supplied Item,Article fourni par SCO,erpnext/stock/doctype/stock_entry_detail/stock_entry_detail.json
erpnext,P1,missing,Salary Currency,Devise du salaire,erpnext/setup/doctype/employee/employee.json
erpnext,P1,missing,Sales Incoming Rate,Taux de ventes entrantes,erpnext/accounts/doctype/purchase_invoice_item/purchase_invoice_item.json erpnext/stock/doctype/purchase_receipt_item/purchase_receipt_item.json
erpnext,P1,missing,Sales Invoice Reference,Référence de la facture de vente,erpnext/accounts/doctype/sales_invoice_reference/sales_invoice_reference.json
erpnext,P1,missing,Sales Representative,Représentant des ventes,erpnext/setup/setup_wizard/data/designation.txt:28
erpnext,P1,missing,Same item and warehouse combination already entered.,Même combinaison article/entrepôt déjà saisie.,erpnext/stock/doctype/stock_reconciliation/stock_reconciliation.py:597
erpnext,P1,missing,Save Changes and Load New Invoice,Enregistrer les modifications et charger une nouvelle facture,erpnext/accounts/doctype/pos_profile/pos_profile.json
erpnext,P1,missing,Sazhen,Sazhen,erpnext/setup/setup_wizard/data/uom_data.json
erpnext,P1,missing,Scan Mode,Mode de numérisation,erpnext/stock/doctype/pick_list/pick_list.json erpnext/stock/doctype/stock_reconciliation/stock_reconciliation.json
erpnext,P1,missing,"Scan mode enabled, existing quantity will not be fetched.","Mode de numérisation activé, la quantité existante ne sera pas récupérée.",erpnext/stock/doctype/stock_reconciliation/stock_reconciliation.js:109
erpnext,P1,missing,Scheduling,Planification,erpnext/stock/doctype/stock_reposting_settings/stock_reposting_settings.json
erpnext,P1,missing,Score,Score,erpnext/buying/doctype/supplier_scorecard_scoring_criteria/supplier_scorecard_scoring_criteria.json
erpnext,P1,missing,"Scorecard variables can be used, as well as:
{total_score} (the total score from that period),
{period_number} (the number of periods to present day)
","Les variables du tableau de bord peuvent être utilisées, ainsi que :
{total_score} (le score total de cette période),
{period_number} (le nombre de périodes jusqu'à aujourd'hui)",erpnext/buying/doctype/supplier_scorecard/supplier_scorecard.json
erpnext,P1,missing,Second,Deuxième,erpnext/setup/setup_wizard/data/uom_data.json
erpnext,P1,missing,Secretary,Secrétaire,erpnext/setup/setup_wizard/data/designation.txt:29
erpnext,P1,missing,Securities & Commodity Exchanges,Bourses de valeurs mobilières et de matières premières,erpnext/setup/setup_wizard/data/industry_type.txt:42
erpnext,P1,missing,Segregate Serial / Batch Bundle,Séparer les lots de séries/lots,erpnext/stock/report/stock_ledger/stock_ledger.js:122
erpnext,P1,missing,Select Date of Birth. This will validate Employees age and prevent hiring of under-age staff.,Sélectionnez Date de naissance. Cela validera l’âge des employés et empêchera l’embauche de personnel mineur.,erpnext/setup/doctype/employee/employee.js:120
erpnext,P1,missing,"Select Date of joining. It will have impact on the first salary calculation, Leave allocation on pro-rata bases.","Sélectionnez Date d'adhésion. Cela aura un impact sur le premier calcul du salaire, l'allocation des congés au prorata.",erpnext/setup/doctype/employee/employee.js:127
erpnext,P1,missing,Select a Company this Employee belongs to.,Sélectionnez une entreprise à laquelle appartient cet employé.,erpnext/setup/doctype/employee/employee.js:115
erpnext,P1,missing,Select a Customer,Sélectionnez un client,erpnext/buying/doctype/supplier/supplier.js:190
erpnext,P1,missing,Select an Item Group.,Sélectionnez un groupe d'articles.,erpnext/stock/doctype/item/item.js:1041
erpnext,P1,missing,Select at least one value from each of the attributes.,Sélectionnez au moins une valeur pour chacun des attributs.,erpnext/stock/doctype/item/item.js:721
erpnext,P1,missing,Select your weekly off day,Sélectionnez votre jour de congé hebdomadaire,erpnext/setup/doctype/holiday_list/holiday_list.js:65
erpnext,P1,missing,Selected Serial and Batch Bundle entries have been fixed.,Les entrées de séries et de lots de lots sélectionnées ont été corrigées.,erpnext/stock/report/incorrect_serial_and_batch_bundle/incorrect_serial_and_batch_bundle.py:163
erpnext,P1,missing,Self delivery,Auto-livraison,erpnext/stock/doctype/shipment/shipment.json
erpnext,P1,missing,Send Attached Files,Envoyer les fichiers joints,erpnext/buying/doctype/request_for_quotation/request_for_quotation.json
erpnext,P1,missing,Send Document Print,Envoyer le document Imprimer,erpnext/buying/doctype/request_for_quotation/request_for_quotation.json
erpnext,P1,missing,Send regular summary reports via Email.,Envoyez des rapports de synthèse réguliers par e-mail.,erpnext/setup/doctype/email_digest/email_digest.json
erpnext,P1,missing,Serial & Batch Item,Article en série et par lots,erpnext/stock/doctype/stock_settings/stock_settings.json
erpnext,P1,missing,Serial & Batch Item Settings,Paramètres des articles en série et par lots,erpnext/stock/doctype/stock_settings/stock_settings.json
erpnext,P1,missing,Serial / Batch Bundle,Série / Lot,erpnext/stock/doctype/stock_reconciliation_item/stock_reconciliation_item.json erpnext/subcontracting/doctype/subcontracting_receipt_supplied_item/subcontracting_receipt_supplied_item.json
erpnext,P1,missing,Serial / Batch No,Numéro de série/lot,erpnext/stock/doctype/serial_and_batch_bundle/serial_and_batch_bundle.json
erpnext,P1,missing,Serial No (In/Out),Numéro de série (Entrée/Sortie),erpnext/stock/report/available_serial_no/available_serial_no.py:140
erpnext,P1,missing,Serial No Ledger,Numéro de série,erpnext/stock/report/serial_no_ledger/serial_no_ledger.json erpnext/stock/workspace/stock/stock.json
erpnext,P1,missing,Serial No Reserved,Numéro de série réservé,erpnext/stock/doctype/serial_and_batch_bundle/serial_and_batch_bundle.py:2317
erpnext,P1,missing,Serial No Series Overlap,Numéro de série Chevauchement des séries,erpnext/stock/doctype/item/item.py:426
erpnext,P1,missing,Serial No and Batch Selector cannot be use when Use Serial / Batch Fields is enabled.,Le numéro de série et le sélecteur de lots ne peuvent pas être utilisés lorsque l'option Utiliser les champs de série/lot est activée.,erpnext/stock/doctype/stock_settings/stock_settings.js:28
erpnext,P1,missing,Serial No and Batch Traceability,Numéro de série et traçabilité des lots,erpnext/stock/report/serial_no_and_batch_traceability/serial_no_and_batch_traceability.json erpnext/stock/workspace/stock/stock.json
erpnext,P1,missing,Serial No is mandatory,Le numéro de série est obligatoire,erpnext/stock/doctype/serial_and_batch_bundle/serial_and_batch_bundle.py:1072
erpnext,P1,missing,Serial No {0} does not exists,Le numéro de série {0} n'existe pas,erpnext/stock/doctype/serial_and_batch_bundle/serial_and_batch_bundle.py:3025
erpnext,P1,missing,Serial No {0} is already Delivered. You cannot use them again in Manufacture / Repack entry.,Le numéro de série {0} est déjà livré. Vous ne pouvez plus les utiliser dans l'entrée Fabrication / Repack.,erpnext/stock/doctype/serial_and_batch_bundle/serial_and_batch_bundle.py:327
erpnext,P1,missing,"Serial No {0} is not present in the {1} {2}, hence you can't return it against the {1} {2}","Le numéro de série {0} n'est pas présent dans le {1} {2}, vous ne pouvez donc pas le retourner contre le {1} {2}",erpnext/stock/doctype/serial_and_batch_bundle/serial_and_batch_bundle.py:399
erpnext,P1,missing,Serial Nos,Numéros de série,erpnext/public/js/utils/barcode_scanner.js:292 erpnext/public/js/utils/serial_no_batch_selector.js:16 erpnext/public/js/utils/serial_no_batch_selector.js:190 erpnext/stock/doctype/serial_and_batch_bundle/serial_and_batch_bundle.js:50
erpnext,P1,missing,Serial Nos are created successfully,Les numéros de série ont été créés avec succès,erpnext/stock/doctype/serial_and_batch_bundle/serial_and_batch_bundle.py:1636
erpnext,P1,missing,"Serial Nos are reserved in Stock Reservation Entries, you need to unreserve them before proceeding.","Les numéros de série sont réservés dans les entrées de réservation de stock, vous devez les annuler avant de continuer.",erpnext/stock/stock_ledger.py:2307
erpnext,P1,missing,Serial Nos {0} are already Delivered. You cannot use them again in Manufacture / Repack entry.,Les numéros de série {0} sont déjà livrés. Vous ne pouvez plus les utiliser dans l'entrée Fabrication / Repack.,erpnext/stock/doctype/serial_and_batch_bundle/serial_and_batch_bundle.py:333
erpnext,P1,missing,Serial and Batch,Série et lot,erpnext/stock/doctype/serial_and_batch_bundle/serial_and_batch_bundle.json erpnext/stock/doctype/stock_reservation_entry/stock_reservation_entry.json
erpnext,P1,missing,Serial and Batch Bundle created,Création d'un lot en série et par lots,erpnext/stock/doctype/serial_and_batch_bundle/serial_and_batch_bundle.py:1858
erpnext,P1,missing,Serial and Batch Bundle updated,Bundle série et lot mis à jour,erpnext/stock/doctype/serial_and_batch_bundle/serial_and_batch_bundle.py:1930
erpnext,P1,missing,Serial and Batch Bundle {0} is not submitted,L'ensemble de séries et de lots {0} n'est pas soumis,erpnext/stock/serial_batch_bundle.py:351
erpnext,P1,missing,Serial and Batch Entry,Entrée en série et par lots,erpnext/stock/doctype/serial_and_batch_entry/serial_and_batch_entry.json
erpnext,P1,missing,Serial and Batch No,Numéro de série et de lot,erpnext/stock/doctype/delivery_note_item/delivery_note_item.json erpnext/stock/doctype/purchase_receipt_item/purchase_receipt_item.json
erpnext,P1,missing,Serial and Batch Nos,Numéros de série et de lot,erpnext/stock/doctype/serial_and_batch_bundle/serial_and_batch_bundle.js:53
erpnext,P1,missing,Serial and Batch Nos will be auto-reserved based on <b>Pick Serial / Batch Based On</b>,Les numéros de série et de lot seront automatiquement réservés en fonction de <b>Pick Serial / Batch Based On</b>,erpnext/stock/doctype/stock_settings/stock_settings.json
erpnext,P1,missing,Serial and Batch Reservation,Réservation en série et par lots,erpnext/stock/doctype/stock_reservation_entry/stock_reservation_entry.json erpnext/stock/doctype/stock_settings/stock_settings.json
erpnext,P1,missing,Serial and Batch Summary,Résumé des séries et des lots,erpnext/stock/report/serial_and_batch_summary/serial_and_batch_summary.json
erpnext,P1,missing,Service Expense Account,Compte de frais de service,erpnext/setup/doctype/company/company.json erpnext/subcontracting/doctype/subcontracting_receipt_item/subcontracting_receipt_item.json
erpnext,P1,missing,Service Provider,Fournisseur de services,erpnext/accounts/doctype/currency_exchange_settings/currency_exchange_settings.json erpnext/stock/doctype/shipment/shipment.json
erpnext,P1,missing,Services,Services,erpnext/assets/doctype/asset_capitalization/asset_capitalization.json erpnext/setup/setup_wizard/operations/install_fixtures.py:52 erpnext/setup/setup_wizard/operations/install_fixtures.py:204
erpnext,P1,missing,Set Default Supplier,Définir le fournisseur par défaut,erpnext/buying/report/supplier_quotation_comparison/supplier_quotation_comparison.js:180
erpnext,P1,missing,Set From Warehouse,Définir à partir de l'entrepôt,erpnext/accounts/doctype/purchase_invoice/purchase_invoice.json erpnext/buying/doctype/purchase_order/purchase_order.json erpnext/stock/doctype/purchase_receipt/purchase_receipt.json
erpnext,P1,missing,Set Grand Total to Default Payment Method,Définir le total général comme mode de paiement par défaut,erpnext/accounts/doctype/pos_profile/pos_profile.json
erpnext,P1,missing,Set Landed Cost Based on Purchase Invoice Rate,Définir le coût au débarquement en fonction du taux de la facture d'achat,erpnext/buying/doctype/buying_settings/buying_settings.json
erpnext,P1,missing,Set Loyalty Program,Définir le programme de fidélité,erpnext/accounts/doctype/sales_invoice/sales_invoice.js:1163
erpnext,P1,missing,Set Serial and Batch Bundle Naming Based on Naming Series,Définir la dénomination des séries et des lots par lots en fonction de la série de dénomination,erpnext/stock/doctype/stock_settings/stock_settings.json
erpnext,P1,missing,Set Valuation Rate for Rejected Materials,Définir le taux de valorisation des matériaux rejetés,erpnext/buying/doctype/buying_settings/buying_settings.json
erpnext,P1,missing,Set by Item Tax Template,Définir par modèle de taxe sur l'article,erpnext/accounts/doctype/advance_taxes_and_charges/advance_taxes_and_charges.json erpnext/accounts/doctype/purchase_taxes_and_charges/purchase_taxes_and_charges.json erpnext/accounts/doctype/sales_taxes_and_charges/sales_taxes_and_charges.json
erpnext,P1,missing,Set default {0} account for non stock items,Définir le compte {0} par défaut pour les articles non en stock,erpnext/setup/doctype/company/company.py:564
erpnext,P1,missing,Set fieldname from which you want to fetch the data from the parent form.,Définissez le nom du champ à partir duquel vous souhaitez récupérer les données du formulaire parent.,erpnext/stock/doctype/inventory_dimension/inventory_dimension.json
erpnext,P1,missing,Set the status manually.,Définissez le statut manuellement.,erpnext/stock/doctype/quality_inspection_reading/quality_inspection_reading.json
erpnext,P1,missing,Shelf Life in Days,Durée de conservation en jours,erpnext/stock/doctype/batch/batch.py:215
erpnext,P1,missing,Shift Time (In Hours),Temps de travail (en heures),erpnext/stock/doctype/item_lead_time/item_lead_time.json
erpnext,P1,missing,Shipment,Expédition,erpnext/stock/doctype/delivery_note/delivery_note.js:246 erpnext/stock/doctype/shipment/shipment.json
erpnext,P1,missing,Shipment Amount,Montant de l'expédition,erpnext/stock/doctype/shipment/shipment.json
erpnext,P1,missing,Shipment Delivery Note,Bon de livraison,erpnext/stock/doctype/shipment/shipment.json erpnext/stock/doctype/shipment_delivery_note/shipment_delivery_note.json
erpnext,P1,missing,Shipment ID,Numéro d'expédition,erpnext/stock/doctype/shipment/shipment.json
erpnext,P1,missing,Shipment Information,Informations sur l'expédition,erpnext/stock/doctype/shipment/shipment.json
erpnext,P1,missing,Shipment Type,Type d'envoi,erpnext/stock/doctype/shipment/shipment.json
erpnext,P1,missing,Shipment details,Détails de l'expédition,erpnext/stock/doctype/shipment/shipment.json
erpnext,P1,missing,Shipping Address Template,Modèle d'adresse de livraison,erpnext/stock/doctype/purchase_receipt/purchase_receipt.json
erpnext,P1,missing,Show Dimension Wise Stock,Afficher le stock selon les dimensions,erpnext/stock/report/stock_balance/stock_balance.js:137
erpnext,P1,missing,Show Disabled Items,Afficher les éléments désactivés,erpnext/stock/report/stock_qty_vs_serial_no_count/stock_qty_vs_serial_no_count.js:29
erpnext,P1,missing,Show Disabled Warehouses,Afficher les entrepôts désactivés,erpnext/stock/report/warehouse_wise_stock_balance/warehouse_wise_stock_balance.js:16
erpnext,P1,missing,Show Item Name,Afficher le nom de l'élément,erpnext/stock/report/available_batch_report/available_batch_report.js:86
erpnext,P1,missing,Show Pay Button in Purchase Order Portal,Afficher le bouton de paiement dans le portail des bons de commande,erpnext/buying/doctype/buying_settings/buying_settings.json
erpnext,P1,missing,Show pending entries,Afficher les entrées en attente,erpnext/stock/utils.py:585
erpnext,P1,missing,Similar types of workstations where the same operations run in parallel.,Types de postes de travail similaires où les mêmes opérations s'exécutent en parallèle.,erpnext/stock/doctype/item_lead_time/item_lead_time.json
erpnext,P1,missing,"Simple Python formula applied on Reading fields.<br> Numeric eg. 1: <b>reading_1 &gt; 0.2 and reading_1 &lt; 0.5</b><br>
Numeric eg. 2: <b>mean &gt; 3.5</b> (mean of populated fields)<br>
Value based eg.:  <b>reading_value in (""A"", ""B"", ""C"")</b>","Formule Python simple appliquée aux champs de lecture.<br> Numérique, par exemple. 1 : <b>lecture_1 &gt; 0,2 et lecture_1 &lt; 0,5</b><br>
Numérique par exemple. 2 : <b>moyenne &gt; 3,5</b> (moyenne des champs renseignés)<br>
Basé sur la valeur, par exemple : <b>reading_value in (""A"", ""B"", ""C"")</b>",erpnext/stock/doctype/item_quality_inspection_parameter/item_quality_inspection_parameter.json erpnext/stock/doctype/quality_inspection_reading/quality_inspection_reading.json
erpnext,P1,missing,"Since there is a process loss of {0} units for the finished good {1}, you should reduce the quantity by {0} units for the finished good {1} in the Items Table.","Puisqu'il y a une perte de {0} unités pour le produit fini {1}, vous devez réduire la quantité de {0} unités pour le produit fini {1} dans le tableau des articles.",erpnext/stock/doctype/stock_entry/stock_entry.py:652
erpnext,P1,missing,"Since {0} are Serial No/Batch No items, you cannot enable 'Recreate Stock Ledgers' in Repost Item Valuation.","Étant donné que {0} sont des articles avec numéro de série/numéro de lot, vous ne pouvez pas activer « Recréer les registres de stock » dans la valorisation des articles.",erpnext/stock/doctype/repost_item_valuation/repost_item_valuation.py:105
erpnext,P1,missing,Slug/Cubic Foot,Limace/Pied Cube,erpnext/setup/setup_wizard/data/uom_data.json
erpnext,P1,missing,Soap & Detergent,Savon et Détergent,erpnext/setup/setup_wizard/data/industry_type.txt:44
erpnext,P1,missing,Software,Logiciel,erpnext/accounts/doctype/account/chart_of_accounts/verified/standard_chart_of_accounts.py:62 erpnext/accounts/doctype/account/chart_of_accounts/verified/standard_chart_of_accounts_with_account_number.py:107 erpnext/setup/setup_wizard/data/industry_type.txt:45
erpnext,P1,missing,Software Developer,Développeur de logiciels,erpnext/setup/setup_wizard/data/designation.txt:30
erpnext,P1,missing,Source Document,Document source,erpnext/stock/doctype/serial_no/serial_no.json
erpnext,P1,missing,Source Document No,Numéro du document source,erpnext/stock/report/serial_no_and_batch_traceability/serial_no_and_batch_traceability.py:488
erpnext,P1,missing,Source Exchange Rate,Taux de change source,erpnext/accounts/doctype/payment_entry/payment_entry.json
erpnext,P1,missing,Source Fieldname,Nom du champ source,erpnext/stock/doctype/inventory_dimension/inventory_dimension.json
erpnext,P1,missing,Source Warehouse Address Link,Lien vers l'adresse de l'entrepôt source,erpnext/stock/doctype/stock_entry/stock_entry.json
erpnext,P1,missing,Source Warehouse is mandatory for the Item {0}.,L'entrepôt source est obligatoire pour l'article {0}.,erpnext/stock/doctype/stock_reservation_entry/stock_reservation_entry.py:1163
erpnext,P1,missing,Specify Exchange Rate to convert one currency into another,Spécifiez le taux de change pour convertir une devise en une autre,erpnext/setup/doctype/currency_exchange/currency_exchange.json
erpnext,P1,missing,Splitting {0} {1} into {2} rows as per Payment Terms,Diviser {0} {1} en {2} lignes conformément aux conditions de paiement,erpnext/accounts/doctype/payment_entry/payment_entry.py:2519
erpnext,P1,missing,Sports,Sportif,erpnext/setup/setup_wizard/data/industry_type.txt:46
erpnext,P1,missing,Square Centimeter,Centimètre carré,erpnext/setup/setup_wizard/data/uom_data.json
erpnext,P1,missing,Square Foot,Pied carré,erpnext/setup/setup_wizard/data/uom_data.json
erpnext,P1,missing,Square Inch,Pouce carré,erpnext/setup/setup_wizard/data/uom_data.json
erpnext,P1,missing,Square Kilometer,Kilomètre carré,erpnext/setup/setup_wizard/data/uom_data.json
erpnext,P1,missing,Square Meter,Mètre carré,erpnext/setup/setup_wizard/data/uom_data.json
erpnext,P1,missing,Square Mile,Mille carré,erpnext/setup/setup_wizard/data/uom_data.json
erpnext,P1,missing,Square Yard,Cour carrée,erpnext/setup/setup_wizard/data/uom_data.json
erpnext,P1,missing,"Standard Terms and Conditions that can be added to Sales and Purchases. Examples: Validity of the offer, Payment Terms, Safety and Usage, etc.","Conditions générales standard qui peuvent être ajoutées aux ventes et aux achats. Exemples : Validité de l'offre, Conditions de paiement, Sécurité et Utilisation, etc.",erpnext/setup/doctype/terms_and_conditions/terms_and_conditions.json
erpnext,P1,missing,"Standard tax template that can be applied to all Sales Transactions. This template can contain a list of tax heads and also other expense/income heads like ""Shipping"", ""Insurance"", ""Handling"" etc.","Modèle de taxe standard pouvant être appliqué à toutes les transactions de vente. Ce modèle peut contenir une liste de rubriques fiscales ainsi que d'autres rubriques de dépenses/revenus comme « Expédition », « Assurance », « Manutention », etc.",erpnext/accounts/doctype/sales_taxes_and_charges_template/sales_taxes_and_charges_template.json
erpnext,P1,missing,Start Deletion,Commencer la suppression,erpnext/setup/doctype/transaction_deletion_record/transaction_deletion_record.js:21
erpnext,P1,missing,Start Reposting,Commencer à republier,erpnext/stock/doctype/repost_item_valuation/repost_item_valuation.js:99
erpnext,P1,missing,Status set to rejected as there are one or more rejected readings.,Statut défini sur rejeté car il y a une ou plusieurs lectures rejetées.,erpnext/stock/doctype/quality_inspection/quality_inspection.py:271
erpnext,P1,missing,Stock,Stock,erpnext/accounts/doctype/account/account.json erpnext/accounts/doctype/item_tax_template/item_tax_template_dashboard.py:11 erpnext/accounts/report/account_balance/account_balance.js:57 erpnext/manufacturing/doctype/bom/bom_dashboard.py:14 erpnext/setup/doctype/incoterm/incoterm.json erpnext/setup/workspace/home/home.json erpnext/stock/doctype/material_request/material_request_dashboard.py:17 erpnext/stock/workspace/stock/stock.json
erpnext,P1,missing,Stock Capacity,Capacité de stockage,erpnext/stock/page/warehouse_capacity_summary/warehouse_capacity_summary_header.html:10
erpnext,P1,missing,Stock Closing,Clôture des stocks,erpnext/stock/doctype/stock_settings/stock_settings.json
erpnext,P1,missing,Stock Closing Balance,Solde de clôture des stocks,erpnext/stock/doctype/stock_closing_balance/stock_closing_balance.json
erpnext,P1,missing,Stock Closing Entry,Écriture de clôture des stocks,erpnext/stock/doctype/stock_closing_balance/stock_closing_balance.json erpnext/stock/doctype/stock_closing_entry/stock_closing_entry.json
erpnext,P1,missing,Stock Closing Entry {0} already exists for the selected date range,L'entrée de clôture du stock {0} existe déjà pour la plage de dates sélectionnée.,erpnext/stock/doctype/stock_closing_entry/stock_closing_entry.py:77
erpnext,P1,missing,"Stock Closing Entry {0} has been queued for processing, system will take sometime to complete it.","L'entrée de clôture du stock {0} a été mise en file d'attente pour traitement, le système prendra un certain temps pour la terminer.",erpnext/stock/doctype/stock_closing_entry/stock_closing_entry.py:98
erpnext,P1,missing,Stock Closing Log,Journal de clôture des stocks,erpnext/stock/doctype/stock_closing_entry/stock_closing_entry_dashboard.py:9
erpnext,P1,missing,Stock Entries already created for Work Order {0}: {1},Entrées de stock déjà créées pour l'ordre de travail {0} : {1},erpnext/stock/doctype/stock_entry/stock_entry.py:864
erpnext,P1,missing,Stock Entry Item,Article d'entrée en stock,erpnext/stock/doctype/landed_cost_item/landed_cost_item.json
erpnext,P1,missing,Stock Frozen Up To,Stock gelé jusqu'à,erpnext/stock/doctype/stock_settings/stock_settings.json
erpnext,P1,missing,Stock Ledger Entries and GL Entries are reposted for the selected Purchase Receipts,Les écritures comptables de stock et les écritures GL sont republiées pour les réceptions d'achat sélectionnées.,erpnext/stock/doctype/landed_cost_voucher/landed_cost_voucher.js:9
erpnext,P1,missing,Stock Ledger Invariant Check,Contrôle invariant du grand livre des stocks,erpnext/stock/report/stock_ledger_invariant_check/stock_ledger_invariant_check.json
erpnext,P1,missing,Stock Ledger Variance,Écart du grand livre des stocks,erpnext/stock/report/stock_ledger_variance/stock_ledger_variance.json
erpnext,P1,missing,Stock Ledgers won’t be reposted.,Les registres de stocks ne seront pas republiés.,erpnext/stock/doctype/repost_item_valuation/repost_item_valuation.json
erpnext,P1,missing,Stock Movement,Mouvement des stocks,erpnext/stock/doctype/item/item_dashboard.py:34
erpnext,P1,missing,Stock Planning,Planification des stocks,erpnext/stock/doctype/stock_settings/stock_settings.json
erpnext,P1,missing,Stock Qty vs Batch Qty,Quantité en stock vs quantité en lots,erpnext/stock/report/stock_qty_vs_batch_qty/stock_qty_vs_batch_qty.json
erpnext,P1,missing,Stock Reposting Settings,Paramètres de republication des stocks,erpnext/stock/doctype/stock_reposting_settings/stock_reposting_settings.json
erpnext,P1,missing,Stock Reservation Entries Cancelled,Écritures de réservation de stock annulées,erpnext/stock/doctype/stock_reservation_entry/stock_reservation_entry.py:1824
erpnext,P1,missing,Stock Reservation Entries Created,Écritures de réservation de stock créées,erpnext/controllers/subcontracting_inward_controller.py:995 erpnext/manufacturing/doctype/production_plan/production_plan.py:2211 erpnext/manufacturing/doctype/work_order/work_order.py:2059 erpnext/stock/doctype/stock_reservation_entry/stock_reservation_entry.py:1776
erpnext,P1,missing,Stock Reservation Entry cannot be updated as it has been delivered.,L'entrée de réservation de stock ne peut pas être mise à jour car elle a été livrée.,erpnext/stock/doctype/stock_reservation_entry/stock_reservation_entry.py:571
erpnext,P1,missing,Stock Reservation Warehouse Mismatch,Incohérence entre les entrepôts de réservation de stock,erpnext/stock/doctype/delivery_note/delivery_note.py:555
erpnext,P1,missing,Stock Reservation can only be created against {0}.,La réservation de stock ne peut être créée que pour {0}.,erpnext/stock/doctype/stock_reservation_entry/stock_reservation_entry.py:683
erpnext,P1,missing,Stock UOM Quantity,Quantité UdM en stock,erpnext/stock/doctype/stock_settings/stock_settings.json
erpnext,P1,missing,Stock Validations,Validations des stocks,erpnext/stock/doctype/stock_settings/stock_settings.json
erpnext,P1,missing,Stock Value by Item Group,Valeur du stock par groupe d'articles,erpnext/stock/workspace/stock/stock.json
erpnext,P1,missing,Stock and Manufacturing,Stock et fabrication,erpnext/setup/doctype/company/company.json
erpnext,P1,missing,Stock cannot be reserved in group warehouse {0}.,Le stock ne peut pas être réservé dans l'entrepôt du groupe {0}.,erpnext/stock/doctype/stock_reservation_entry/stock_reservation_entry.py:255
erpnext,P1,missing,Stock cannot be reserved in the group warehouse {0}.,Le stock ne peut pas être réservé dans l'entrepôt du groupe {0}.,erpnext/stock/doctype/stock_reservation_entry/stock_reservation_entry.py:1588
erpnext,P1,missing,Stock cannot be updated against the following Delivery Notes: {0},Le stock ne peut pas être mis à jour par rapport aux bons de livraison suivants : {0},erpnext/accounts/doctype/sales_invoice/sales_invoice.py:1202
erpnext,P1,missing,Stock cannot be updated because the invoice contains a drop shipping item. Please disable 'Update Stock' or remove the drop shipping item.,Le stock ne peut pas être mis à jour car la facture contient un article en livraison directe. Veuillez désactiver « Mettre à jour le stock » ou supprimer l'article en livraison directe.,erpnext/accounts/doctype/sales_invoice/sales_invoice.py:1271
erpnext,P1,missing,Stock has been unreserved for work order {0}.,Le stock n'a pas été réservé pour l'ordre de travail {0}.,erpnext/stock/doctype/stock_reservation_entry/stock_reservation_entry.py:1130
erpnext,P1,missing,Stock not available for Item {0} in Warehouse {1}.,Stock non disponible pour l'article {0} dans l'entrepôt {1}.,erpnext/stock/doctype/stock_reservation_entry/stock_reservation_entry.py:359
erpnext,P1,missing,Stock will be reserved on submission of <b>Purchase Receipt</b> created against Material Request for Sales Order.,Le stock sera réservé sur présentation du <b>Reçu d'achat</b> créé avec la demande de matériel pour la commande client.,erpnext/stock/doctype/stock_settings/stock_settings.json
erpnext,P1,missing,Stock/Accounts can not be frozen as processing of backdated entries is going on. Please try again later.,Les stocks/comptes ne peuvent pas être gelés car le traitement des écritures antidatées est en cours. Veuillez réessayer plus tard.,erpnext/stock/utils.py:576
erpnext,P1,missing,Stone,Pierre,erpnext/setup/setup_wizard/data/uom_data.json
erpnext,P1,missing,Subcontract BOM,Nomenclature de sous-traitance,erpnext/stock/doctype/purchase_receipt_item/purchase_receipt_item.json
erpnext,P1,missing,Subcontract Order,Commande de sous-traitance,erpnext/buying/report/subcontract_order_summary/subcontract_order_summary.js:36 erpnext/buying/report/subcontract_order_summary/subcontract_order_summary.py:128 erpnext/buying/report/subcontracted_item_to_be_received/subcontracted_item_to_be_received.py:22 erpnext/buying/report/subcontracted_raw_materials_to_be_transferred/subcontracted_raw_materials_to_be_transferred.py:22
erpnext,P1,missing,Subcontract Order Summary,Récapitulatif des commandes de sous-traitance,erpnext/buying/report/subcontract_order_summary/subcontract_order_summary.json erpnext/manufacturing/workspace/manufacturing/manufacturing.json erpnext/subcontracting/workspace/subcontracting/subcontracting.json
erpnext,P1,missing,Subcontracted Purchase Order,Bon de commande sous-traité,erpnext/stock/doctype/material_request/material_request.js:212
erpnext,P1,missing,Subcontracting,Sous-traitance,erpnext/manufacturing/doctype/job_card/job_card_dashboard.py:10 erpnext/manufacturing/doctype/material_request_plan_item/material_request_plan_item.json erpnext/manufacturing/doctype/production_plan_sub_assembly_item/production_plan_sub_assembly_item.json erpnext/manufacturing/workspace/manufacturing/manufacturing.json erpnext/stock/doctype/material_request/material_request.json erpnext/subcontracting/workspace/subcontracting/subcontracting.json
erpnext,P1,missing,Subcontracting Delivery,Livraison en sous-traitance,erpnext/setup/setup_wizard/operations/install_fixtures.py:132 erpnext/stock/doctype/stock_entry/stock_entry.json erpnext/stock/doctype/stock_entry_type/stock_entry_type.json erpnext/subcontracting/doctype/subcontracting_inward_order/subcontracting_inward_order.js:158 erpnext/subcontracting/workspace/subcontracting/subcontracting.json
erpnext,P1,missing,Subcontracting Order,Commande de sous-traitance,erpnext/buying/doctype/purchase_order/purchase_order.js:441 erpnext/controllers/subcontracting_controller.py:1140 erpnext/manufacturing/workspace/manufacturing/manufacturing.json erpnext/stock/doctype/stock_entry/stock_entry.json erpnext/stock/doctype/stock_reservation_entry/stock_reservation_entry.json erpnext/subcontracting/doctype/subcontracting_order/subcontracting_order.json erpnext/subcontracting/doctype/subcontracting_receipt/subcontracting_receipt.js:140 erpnext/subcontracting/doctype/subcontracting_receipt_item/subcontracting_receipt_item.json erpnext/subcontracting/doctype/subcontracting_receipt_supplied_item/subcontracting_receipt_supplied_item.json
erpnext,P1,missing,Subcontracting Order (Draft) will be auto-created on submission of Purchase Order.,La commande de sous-traitance (ébauche) sera créée automatiquement lors de la soumission du bon de commande.,erpnext/buying/doctype/buying_settings/buying_settings.json
erpnext,P1,missing,Subcontracting Order {0} created.,Ordre de sous-traitance {0} créé.,erpnext/buying/doctype/purchase_order/purchase_order.py:968
erpnext,P1,missing,Subcontracting Receipt,Réception de sous-traitance,erpnext/manufacturing/workspace/manufacturing/manufacturing.json erpnext/stock/doctype/landed_cost_item/landed_cost_item.json erpnext/stock/doctype/landed_cost_purchase_receipt/landed_cost_purchase_receipt.json erpnext/stock/doctype/purchase_receipt/purchase_receipt.json erpnext/stock/doctype/quality_inspection/quality_inspection.json erpnext/subcontracting/doctype/subcontracting_order/subcontracting_order.js:530 erpnext/subcontracting/doctype/subcontracting_receipt/subcontracting_receipt.json erpnext/subcontracting/workspace/subcontracting/subcontracting.json
erpnext,P1,missing,Subcontracting Receipt Item,Article de réception de sous-traitance,erpnext/stock/doctype/purchase_receipt_item/purchase_receipt_item.json erpnext/subcontracting/doctype/subcontracting_receipt_item/subcontracting_receipt_item.json
erpnext,P1,missing,Subcontracting Return,Retour de sous-traitance,erpnext/setup/setup_wizard/operations/install_fixtures.py:138 erpnext/stock/doctype/stock_entry/stock_entry.json erpnext/stock/doctype/stock_entry_type/stock_entry_type.json
erpnext,P1,missing,Subdivision,Subdivision,erpnext/setup/doctype/holiday_list/holiday_list.json
erpnext,P1,missing,Submit Action Failed,Échec de l'action de soumission,erpnext/buying/doctype/purchase_order/purchase_order.py:964 erpnext/subcontracting/doctype/subcontracting_receipt/subcontracting_receipt.py:1048
erpnext,P1,missing,Submit ERR Journals?,Soumettre les journaux ERR ?,erpnext/setup/doctype/company/company.json
erpnext,P1,missing,Submit your Quotation,Soumettez votre devis,erpnext/buying/doctype/request_for_quotation/request_for_quotation.py:281
erpnext,P1,missing,"Successfully changed Stock UOM, please redefine conversion factors for new UOM.",L'UdM de stock a été modifiée avec succès. Veuillez redéfinir les facteurs de conversion pour la nouvelle UdM.,erpnext/stock/doctype/item/item.py:339
erpnext,P1,missing,Successfully linked to Customer,Lié avec succès au client,erpnext/buying/doctype/supplier/supplier.js:212
erpnext,P1,missing,Supplied Item,Article fourni,erpnext/buying/report/subcontract_order_summary/subcontract_order_summary.py:145
erpnext,P1,missing,Supplier Info,Informations sur le fournisseur,erpnext/stock/doctype/stock_entry/stock_entry.json
erpnext,P1,missing,Supplier Portal Users,Utilisateurs du portail des fournisseurs,erpnext/buying/doctype/supplier/supplier.json
erpnext,P1,missing,Supplier Reference,Référence du fournisseur,erpnext/setup/setup_wizard/data/marketing_source.txt:6
erpnext,P1,missing,Supplier of Goods or Services.,Fournisseur de biens ou de services.,erpnext/buying/doctype/supplier/supplier.json
erpnext,P1,missing,Table for Item that will be shown in Web Site,Tableau des éléments qui seront affichés sur le site Web,erpnext/stock/doctype/item_website_specification/item_website_specification.json
erpnext,P1,missing,Tablespoon (US),Cuillère à soupe (États-Unis),erpnext/setup/setup_wizard/data/uom_data.json
erpnext,P1,missing,Target Exchange Rate,Taux de change cible,erpnext/accounts/doctype/payment_entry/payment_entry.json
erpnext,P1,missing,Target Fieldname (Stock Ledger Entry),Nom du champ cible (écriture comptable des stocks),erpnext/stock/doctype/inventory_dimension/inventory_dimension.json
erpnext,P1,missing,Target Warehouse Address Link,Lien vers l'adresse de l'entrepôt cible,erpnext/stock/doctype/stock_entry/stock_entry.json
erpnext,P1,missing,Tax Withholding Net Total,Total net des retenues d'impôt,erpnext/accounts/doctype/purchase_invoice/purchase_invoice.json erpnext/buying/doctype/purchase_order/purchase_order.json erpnext/stock/doctype/purchase_receipt/purchase_receipt.json
erpnext,P1,missing,"Tax detail table fetched from item master as a string and stored in this field.
Used for Taxes and Charges","Tableau de détail des taxes extrait du fichier article sous forme de chaîne et stocké dans ce champ.
Utilisé pour les taxes et les frais",erpnext/accounts/doctype/purchase_invoice_item/purchase_invoice_item.json erpnext/buying/doctype/purchase_order_item/purchase_order_item.json erpnext/buying/doctype/supplier_quotation_item/supplier_quotation_item.json erpnext/stock/doctype/purchase_receipt_item/purchase_receipt_item.json
erpnext,P1,missing,Taxes row #{0}: {1} cannot be smaller than {2},Ligne de taxes n° {0} : {1} ne peut pas être inférieur à {2},erpnext/stock/doctype/item/item.py:352
erpnext,P1,missing,Teaspoon,Cuillère à café,erpnext/setup/setup_wizard/data/uom_data.json
erpnext,P1,missing,Technical Atmosphere,Ambiance technique,erpnext/setup/setup_wizard/data/uom_data.json
erpnext,P1,missing,Technology,Technologie,erpnext/setup/setup_wizard/data/industry_type.txt:47
erpnext,P1,missing,Telecommunications,Télécommunications,erpnext/setup/setup_wizard/data/industry_type.txt:48
erpnext,P1,missing,Television,Télévision,erpnext/setup/setup_wizard/data/industry_type.txt:49
erpnext,P1,missing,Template Item Selected,Élément de modèle sélectionné,erpnext/stock/get_item_details.py:338
erpnext,P1,missing,Terms Template,Modèle de conditions,erpnext/buying/doctype/supplier_quotation/supplier_quotation.json
erpnext,P1,missing,Tesla,Tesla,erpnext/setup/setup_wizard/data/uom_data.json
erpnext,P1,missing,"The Batch {0} has negative batch quantity {1}. To fix this, go to the batch and click on Recalculate Batch Qty. If the issue still persists, create an inward entry.","Le lot {0} a une quantité de lot négative {1}. Pour résoudre ce problème, accédez au lot et cliquez sur Recalculer la quantité du lot. Si le problème persiste, créez une entrée entrante.",erpnext/stock/serial_batch_bundle.py:1506
erpnext,P1,missing,The Process Loss Qty has reset as per job cards Process Loss Qty,La quantité de perte de processus a été réinitialisée conformément aux fiches de travail. Quantité de perte de processus,erpnext/stock/doctype/stock_entry/stock_entry.py:2513
erpnext,P1,missing,The Sales Person is linked with {0},Le vendeur est lié à {0},erpnext/setup/doctype/sales_person/sales_person.py:102
erpnext,P1,missing,The Serial No at Row #{0}: {1} is not available in warehouse {2}.,Le numéro de série à la ligne #{0} : {1} n'est pas disponible dans l'entrepôt {2}.,erpnext/stock/doctype/pick_list/pick_list.py:172
erpnext,P1,missing,The Serial No {0} is reserved against the {1} {2} and cannot be used for any other transaction.,Le numéro de série {0} est réservé au {1} {2} et ne peut être utilisé pour aucune autre transaction.,erpnext/stock/doctype/serial_and_batch_bundle/serial_and_batch_bundle.py:2314
erpnext,P1,missing,The Serial and Batch Bundle {0} is not valid for this transaction. The 'Type of Transaction' should be 'Outward' instead of 'Inward' in Serial and Batch Bundle {0},Le lot série et lot {0} n'est pas valide pour cette transaction. Le « Type de transaction » doit être « Sortant » au lieu de « Entrent » dans les lots en série et par lots {0},erpnext/stock/doctype/stock_entry/stock_entry.py:1666
erpnext,P1,missing,The Work Order is mandatory for Disassembly Order,Le bon de travail est obligatoire pour l’ordre de démontage,erpnext/stock/doctype/stock_entry/stock_entry.py:2166
erpnext,P1,missing,The field {0} in row {1} is not set,Le champ {0} de la ligne {1} n'est pas défini,erpnext/stock/doctype/delivery_note/delivery_note.py:405
erpnext,P1,missing,"The following Items, having Putaway Rules, could not be accomodated:","Les articles suivants, soumis à des règles de mise en stock, n'ont pas pu être pris en compte :",erpnext/stock/doctype/putaway_rule/putaway_rule.py:305
erpnext,P1,missing,"The following batches are expired, please restock them: <br> {0}","Les lots suivants sont expirés, veuillez les réapprovisionner : <br> {0}",erpnext/stock/doctype/pick_list/pick_list.py:270
erpnext,P1,missing,The items {0} and {1} are present in the following {2} :,Les items {0} et {1} sont présents dans le {2} suivant :,erpnext/stock/doctype/item/item.py:619
erpnext,P1,missing,"The percentage you are allowed to receive or deliver more against the quantity ordered. For example, if you have ordered 100 units, and your Allowance is 10%, then you are allowed to receive 110 units.","Le pourcentage que vous êtes autorisé à recevoir ou à livrer en plus par rapport à la quantité commandée. Par exemple, si vous avez commandé 100 unités et que votre allocation est de 10 %, vous êtes alors autorisé à recevoir 110 unités.",erpnext/stock/doctype/stock_settings/stock_settings.json
erpnext,P1,missing,"The percentage you are allowed to transfer more against the quantity ordered. For example, if you have ordered 100 units, and your Allowance is 10%, then you are allowed transfer 110 units.","Le pourcentage que vous êtes autorisé à transférer en plus par rapport à la quantité commandée. Par exemple, si vous avez commandé 100 unités et que votre allocation est de 10 %, vous êtes alors autorisé à transférer 110 unités.",erpnext/stock/doctype/stock_settings/stock_settings.json
erpnext,P1,missing,The reserved stock will be released. Are you certain you wish to proceed?,Le stock réservé sera libéré. Êtes-vous certain de vouloir continuer ?,erpnext/stock/doctype/pick_list/pick_list.js:159
erpnext,P1,missing,The serial and batch bundle {0} not linked to {1} {2},Le lot série et lot {0} n'est pas lié à {1} {2},erpnext/stock/doctype/serial_and_batch_bundle/serial_and_batch_bundle.py:146 erpnext/stock/doctype/serial_and_batch_bundle/serial_and_batch_bundle.py:158
erpnext,P1,missing,"The stock for the item {0} in the {1} warehouse was negative on the {2}. You should create a positive entry {3} before the date {4} and time {5} to post the correct valuation rate. For more details, please read the <a href='https://docs.erpnext.com/docs/user/manual/en/stock-adjustment-cogs-with-negative-stock'>documentation<a>.","Le stock de l'article {0} dans l'entrepôt {1} était négatif le {2}. Vous devez créer une écriture positive {3} avant la date {4} et l'heure {5} pour afficher le taux de valorisation correct. Pour plus de détails, veuillez lire la <a href='https://docs.erpnext.com/docs/user/manual/en/stock-adjustment-cogs-with-negative-stock'>documentation<a>.",erpnext/stock/stock_ledger.py:810
erpnext,P1,missing,"The task has been enqueued as a background job. In case there is any issue on processing in background, the system will add a comment about the error on this Stock Reconciliation and revert to the Submitted stage","La tâche a été mise en file d'attente en tant que travail d'arrière-plan. En cas de problème de traitement en arrière-plan, le système ajoutera un commentaire sur l'erreur sur ce rapprochement de stock et reviendra à l'étape Soumis.",erpnext/stock/doctype/stock_reconciliation/stock_reconciliation.py:1019
erpnext,P1,missing,The total Issue / Transfer quantity {0} in Material Request {1}  cannot be greater than allowed requested quantity {2} for Item {3},La quantité totale de sortie/transfert {0} dans la demande de matériel {1} ne peut pas être supérieure à la quantité demandée autorisée {2} pour l'article {3}.,erpnext/stock/doctype/material_request/material_request.py:338
erpnext,P1,missing,The total Issue / Transfer quantity {0} in Material Request {1} cannot be greater than requested quantity {2} for Item {3},La quantité totale de sortie/transfert {0} dans la demande de matériel {1} ne peut pas être supérieure à la quantité demandée {2} pour l'article {3}.,erpnext/stock/doctype/material_request/material_request.py:345
erpnext,P1,missing,The user cannot submit the Serial and Batch Bundle manually,L'utilisateur ne peut pas soumettre manuellement le lot de séries et de lots.,erpnext/stock/doctype/serial_and_batch_bundle/serial_and_batch_bundle.js:10
erpnext,P1,missing,"The users with this Role are allowed to create/modify a stock transaction, even though the transaction is frozen.","Les utilisateurs ayant ce rôle sont autorisés à créer/modifier une transaction boursière, même si la transaction est gelée.",erpnext/stock/doctype/stock_settings/stock_settings.json
erpnext,P1,missing,"The {0} prefix '{1}' already exists. Please change the Serial No Series, otherwise you will get a Duplicate Entry error.","Le préfixe {0} '{1}' existe déjà. Veuillez modifier le numéro de série, sinon vous obtiendrez une erreur d'entrée en double.",erpnext/stock/doctype/item/item.py:423
erpnext,P1,missing,The {0} {1} created successfully,Le {0} {1} créé avec succès,erpnext/stock/doctype/material_request/material_request.py:898
erpnext,P1,missing,There are no active Fiscal Years for which Demo Data can be generated.,Il n’existe aucun exercice actif pour lequel des données de démonstration peuvent être générées.,erpnext/setup/demo.py:108
erpnext,P1,missing,"There are two options to maintain valuation of stock. FIFO (first in - first out) and Moving Average. To understand this topic in detail please visit <a href='https://docs.erpnext.com/docs/v13/user/manual/en/stock/articles/item-valuation-fifo-and-moving-average' target='_blank'>Item Valuation, FIFO and Moving Average.</a>","Il existe deux options pour maintenir la valorisation des actions. FIFO (premier entré - premier sorti) et moyenne mobile. Pour comprendre ce sujet en détail, veuillez visiter <a href='https://docs.erpnext.com/docs/v13/user/manual/en/stock/articles/item-valuation-fifo-and-moving-average' target='_blank'>Valorisation des articles, FIFO et moyenne mobile.</a>",erpnext/stock/doctype/item/item.js:1065
erpnext,P1,missing,There aren't any item variants for the selected item,Il n'existe aucune variante d'article pour l'article sélectionné,erpnext/stock/report/item_variant_details/item_variant_details.py:25
erpnext,P1,missing,There must be atleast 1 Finished Good in this Stock Entry,Il doit y avoir au moins 1 produit fini dans cette entrée de stock,erpnext/stock/doctype/stock_entry/stock_entry.py:1603
erpnext,P1,missing,This Purchase Order has been fully subcontracted.,Ce bon de commande a été entièrement sous-traité.,erpnext/buying/doctype/purchase_order/purchase_order.py:977
erpnext,P1,missing,This field is used to set the 'Customer'.,Ce champ est utilisé pour définir le 'Client'.,erpnext/stock/doctype/delivery_note/delivery_note.js:487
erpnext,P1,missing,This is a preview of the email to be sent. A PDF of the document will automatically be attached with the email.,Ceci est un aperçu de l'e-mail à envoyer. Un PDF du document sera automatiquement joint à l'e-mail.,erpnext/buying/doctype/request_for_quotation/request_for_quotation.js:305
erpnext,P1,missing,This is considered dangerous from accounting point of view.,Ceci est considéré comme dangereux d’un point de vue comptable.,erpnext/stock/doctype/stock_settings/stock_settings.js:42
erpnext,P1,missing,"This is for raw material Items that'll be used to create finished goods. If the Item is an additional service like 'washing' that'll be used in the BOM, keep this unchecked.","Il s'agit des matières premières qui seront utilisées pour créer des produits finis. Si l'article est un service supplémentaire comme le « lavage » qui sera utilisé dans la nomenclature, laissez cette case décochée.",erpnext/stock/doctype/item/item.js:1053
erpnext,P1,missing,This option can be checked to edit the 'Posting Date' and 'Posting Time' fields.,Cette option peut être cochée pour modifier les champs « Date de publication » et « Heure de publication ».,erpnext/stock/doctype/delivery_note/delivery_note.js:500
erpnext,P1,missing,This schedule was created when Asset {0} was restored due to Sales Invoice {1} cancellation.,Ce calendrier a été créé lorsque l'actif {0} a été restauré en raison de l'annulation de la facture de vente {1}.,erpnext/accounts/doctype/sales_invoice/sales_invoice.py:1425
erpnext,P1,missing,This schedule was created when Asset {0} was returned through Sales Invoice {1}.,Ce calendrier a été créé lorsque l'actif {0} a été retourné via la facture de vente {1}.,erpnext/accounts/doctype/sales_invoice/sales_invoice.py:1421
erpnext,P1,missing,This schedule was created when Asset {0} was {1} through Sales Invoice {2}.,Ce calendrier a été créé lorsque l'actif {0} était {1} via la facture de vente {2}.,erpnext/accounts/doctype/sales_invoice/sales_invoice.py:1397
erpnext,P1,missing,"This table is used to set details about the 'Item', 'Qty', 'Basic Rate', etc.","Ce tableau est utilisé pour définir les détails sur « l'article », la « quantité », le « tarif de base », etc.",erpnext/stock/doctype/delivery_note/delivery_note.js:493
erpnext,P1,missing,This tool helps you to update or fix the quantity and valuation of stock in the system. It is typically used to synchronise the system values and what actually exists in your warehouses.,Cet outil vous aide à mettre à jour ou à corriger la quantité et la valorisation du stock dans le système. Il est généralement utilisé pour synchroniser les valeurs du système et ce qui existe réellement dans vos entrepôts.,erpnext/stock/doctype/stock_reconciliation/stock_reconciliation.json
erpnext,P1,missing,To apply condition on parent field use parent.field_name and to apply condition on child table use doc.field_name. Here field_name could be based on the actual column name of the respective field.,"Pour appliquer une condition sur le champ parent, utilisez parent.field_name et pour appliquer une condition sur la table enfant, utilisez doc.field_name. Ici, field_name pourrait être basé sur le nom de colonne réel du champ respectif.",erpnext/stock/doctype/inventory_dimension/inventory_dimension.json
erpnext,P1,missing,To be Delivered to Customer,À livrer au client,erpnext/buying/doctype/purchase_order_item/purchase_order_item.json
erpnext,P1,missing,To cancel a {} you need to cancel the POS Closing Entry {}.,"Pour annuler un {}, vous devez annuler l'entrée de clôture du point de vente {}.",erpnext/accounts/doctype/sales_invoice/sales_invoice.py:560
erpnext,P1,missing,To cancel this Sales Invoice you need to cancel the POS Closing Entry {}.,"Pour annuler cette facture de vente, vous devez annuler l'entrée de clôture du PDV {}.",erpnext/accounts/doctype/sales_invoice/sales_invoice.py:573
erpnext,P1,missing,Ton (Long)/Cubic Yard,Tonne (longue)/verge cube,erpnext/setup/setup_wizard/data/uom_data.json
erpnext,P1,missing,Ton (Short)/Cubic Yard,Tonne (courte)/verge cube,erpnext/setup/setup_wizard/data/uom_data.json
erpnext,P1,missing,Ton-Force (UK),Ton-Force (Royaume-Uni),erpnext/setup/setup_wizard/data/uom_data.json
erpnext,P1,missing,Ton-Force (US),Ton-Force (États-Unis),erpnext/setup/setup_wizard/data/uom_data.json
erpnext,P1,missing,Tonne,Tonne,erpnext/setup/setup_wizard/data/uom_data.json
erpnext,P1,missing,Tonne-Force(Metric),Tonne-force (métrique),erpnext/setup/setup_wizard/data/uom_data.json
erpnext,P1,missing,Tools,Outils,erpnext/buying/doctype/purchase_order/purchase_order.js:641 erpnext/buying/doctype/purchase_order/purchase_order.js:717 erpnext/buying/doctype/request_for_quotation/request_for_quotation.js:70 erpnext/buying/doctype/request_for_quotation/request_for_quotation.js:157 erpnext/buying/doctype/request_for_quotation/request_for_quotation.js:442 erpnext/buying/doctype/request_for_quotation/request_for_quotation.js:451 erpnext/buying/doctype/supplier_quotation/supplier_quotation.js:76 erpnext/buying/report/supplier_quotation_comparison/supplier_quotation_comparison.js:123 erpnext/manufacturing/workspace/manufacturing/manufacturing.json erpnext/setup/doctype/email_digest/email_digest.json erpnext/stock/workspace/stock/stock.json
erpnext,P1,missing,Torr,Torr,erpnext/setup/setup_wizard/data/uom_data.json
erpnext,P1,missing,Total Active Items,Total des articles actifs,erpnext/stock/workspace/stock/stock.json
erpnext,P1,missing,Total Billing Hours,Nombre total d'heures de facturation,erpnext/accounts/doctype/sales_invoice/sales_invoice.json
erpnext,P1,missing,Total Contribution Amount Against Invoices: {0},Montant total de la contribution sur les factures : {0},erpnext/setup/doctype/sales_person/sales_person.js:17
erpnext,P1,missing,Total Contribution Amount Against Orders: {0},Montant total de la contribution pour les commandes : {0},erpnext/setup/doctype/sales_person/sales_person.js:10
erpnext,P1,missing,Total Incoming Value (Receipt),Valeur totale entrante (reçu),erpnext/stock/doctype/stock_entry/stock_entry.json
erpnext,P1,missing,Total Landed Cost,Coût total au débarquement,erpnext/stock/report/landed_cost_report/landed_cost_report.py:24
erpnext,P1,missing,Total Landed Cost (Company Currency),Coût total au débarquement (devise de l'entreprise),erpnext/stock/doctype/landed_cost_voucher/landed_cost_voucher.json
erpnext,P1,missing,Total Outgoing Value (Consumption),Valeur sortante totale (consommation),erpnext/stock/doctype/stock_entry/stock_entry.json
erpnext,P1,missing,Total Purchase Amount,Montant total de l'achat,erpnext/buying/report/item_wise_purchase_history/item_wise_purchase_history.py:272 erpnext/buying/workspace/buying/buying.json
erpnext,P1,missing,Total Reposting Count,Nombre total de republications,erpnext/stock/doctype/repost_item_valuation/repost_item_valuation.json
erpnext,P1,missing,Total Stock Value,Valeur totale du stock,erpnext/stock/workspace/stock/stock.json
erpnext,P1,missing,Total Supplied Qty,Quantité totale fournie,erpnext/buying/doctype/purchase_order_item_supplied/purchase_order_item_supplied.json erpnext/subcontracting/doctype/subcontracting_order_supplied_item/subcontracting_order_supplied_item.json
erpnext,P1,missing,Total Value Difference (Incoming - Outgoing),Différence de valeur totale (entrante - sortante),erpnext/stock/doctype/stock_entry/stock_entry.json
erpnext,P1,missing,Total Vendor Invoices Cost (Company Currency),Coût total des factures fournisseur (devise de l'entreprise),erpnext/stock/doctype/landed_cost_voucher/landed_cost_voucher.json
erpnext,P1,missing,Total Warehouses,Total des entrepôts,erpnext/stock/workspace/stock/stock.json
erpnext,P1,missing,Total Weight (kg),Poids total (kg),erpnext/stock/doctype/shipment/shipment.json
erpnext,P1,missing,Total Workstation Time (In Hours),Durée totale du poste de travail (en heures),erpnext/stock/doctype/item_lead_time/item_lead_time.json
erpnext,P1,missing,Tracebility Direction,Direction de la traçabilité,erpnext/stock/report/serial_no_and_batch_traceability/serial_no_and_batch_traceability.js:53
erpnext,P1,missing,Tracking Status,Statut de suivi,erpnext/stock/doctype/shipment/shipment.json
erpnext,P1,missing,Tracking Status Info,Informations sur l'état du suivi,erpnext/stock/doctype/shipment/shipment.json
erpnext,P1,missing,Tracking URL,URL de suivi,erpnext/stock/doctype/shipment/shipment.json
erpnext,P1,missing,Transaction Deletion Document: {0} is running for this Company. {1},Document de suppression de transaction : {0} est en cours d'exécution pour cette société. {1},erpnext/setup/doctype/transaction_deletion_record/transaction_deletion_record.py:504
erpnext,P1,missing,Transaction Deletion Record,Enregistrement de suppression de transaction,erpnext/setup/doctype/transaction_deletion_record/transaction_deletion_record.json
erpnext,P1,missing,Transaction Deletion Record Item,Élément d'enregistrement de suppression de transaction,erpnext/setup/doctype/transaction_deletion_record_item/transaction_deletion_record_item.json
erpnext,P1,missing,Transaction Information,Informations sur les transactions,erpnext/stock/doctype/stock_reservation_entry/stock_reservation_entry.json
erpnext,P1,missing,Transactions,Transactions,erpnext/accounts/doctype/bank_account/bank_account.json erpnext/accounts/doctype/bank_reconciliation_tool/bank_reconciliation_tool.py:463 erpnext/accounts/doctype/purchase_taxes_and_charges_template/purchase_taxes_and_charges_template_dashboard.py:12 erpnext/accounts/doctype/sales_taxes_and_charges_template/sales_taxes_and_charges_template_dashboard.py:13 erpnext/manufacturing/doctype/job_card/job_card_dashboard.py:9 erpnext/manufacturing/doctype/production_plan/production_plan_dashboard.py:11 erpnext/manufacturing/doctype/work_order/work_order_dashboard.py:12 erpnext/subcontracting/doctype/subcontracting_inward_order/subcontracting_inward_order_dashboard.py:9
erpnext,P1,missing,Transactions using Sales Invoice in POS are disabled.,Les transactions utilisant la facture de vente dans le point de vente sont désactivées.,erpnext/accounts/doctype/sales_invoice/sales_invoice.py:1135
erpnext,P1,missing,Transit,Transit,erpnext/stock/doctype/warehouse/warehouse.json
erpnext,P1,missing,Transit Entry,Entrée en transit,erpnext/stock/doctype/stock_entry/stock_entry.js:479
erpnext,P1,missing,Transportation,Transport,erpnext/setup/setup_wizard/data/industry_type.txt:50
erpnext,P1,missing,Type of Transaction,Type de transaction,erpnext/stock/doctype/inventory_dimension/inventory_dimension.json erpnext/stock/doctype/serial_and_batch_bundle/serial_and_batch_bundle.json erpnext/stock/doctype/serial_and_batch_entry/serial_and_batch_entry.json
erpnext,P1,missing,UOM conversion factor required for UOM: {0} in Item: {1},Facteur de conversion UOM requis pour l'UOM : {0} dans l'article : {1},erpnext/stock/doctype/stock_entry/stock_entry.py:3628
erpnext,P1,missing,UOM {0} not found in Item {1},UdM {0} introuvable dans l'article {1},erpnext/stock/doctype/item_price/item_price.py:61
erpnext,P1,missing,UPC,CUP,erpnext/stock/doctype/item_barcode/item_barcode.json
erpnext,P1,missing,UPC-A,CUP-A,erpnext/stock/doctype/item_barcode/item_barcode.json
erpnext,P1,missing,Unable to find variable:,Impossible de trouver la variable :,erpnext/buying/doctype/supplier_scorecard_criteria/supplier_scorecard_criteria.py:98
erpnext,P1,missing,Unit,Unité,erpnext/setup/setup_wizard/data/uom_data.json
erpnext,P1,missing,Unrealized Profit / Loss account for intra-company transfers,Compte de profits/pertes latents pour les transferts intra-entreprise,erpnext/accounts/doctype/sales_invoice/sales_invoice.json
erpnext,P1,missing,Unset Matched Payment Request,Annuler la demande de paiement correspondant,erpnext/accounts/doctype/payment_entry/payment_entry.js:1706
erpnext,P1,missing,Update Batch Qty,Mettre à jour la quantité du lot,erpnext/stock/report/stock_qty_vs_batch_qty/stock_qty_vs_batch_qty.js:31
erpnext,P1,missing,Update Billed Amount in Delivery Note,Mettre à jour le montant facturé dans le bon de livraison,erpnext/accounts/doctype/pos_invoice/pos_invoice.json erpnext/accounts/doctype/sales_invoice/sales_invoice.json
erpnext,P1,missing,Update Outstanding for Self,Mise à jour exceptionnelle pour soi,erpnext/accounts/doctype/purchase_invoice/purchase_invoice.json erpnext/accounts/doctype/sales_invoice/sales_invoice.json erpnext/controllers/accounts_controller.py:196
erpnext,P1,missing,Update Price List Based On,Mettre à jour la liste de prix en fonction de,erpnext/stock/doctype/stock_settings/stock_settings.json
erpnext,P1,missing,Update frequency of Project,Fréquence de mise à jour du projet,erpnext/buying/doctype/buying_settings/buying_settings.json
erpnext,P1,missing,"Upon enabling this, the JV will be submitted for a different exchange rate.","Une fois cette opération activée, la JV sera soumise à un taux de change différent.",erpnext/setup/doctype/company/company.json
erpnext,P1,missing,"Upon submission of the Sales Order, Work Order, or Production Plan, the system will automatically reserve the stock.","Lors de la soumission du bon de commande, du bon de travail ou du plan de production, le système réservera automatiquement le stock.",erpnext/stock/doctype/stock_settings/stock_settings.json
erpnext,P1,missing,Use Batch-wise Valuation,Utiliser la valorisation par lots,erpnext/stock/doctype/batch/batch.json
erpnext,P1,missing,Use Company default Cost Center for Round off,Utiliser le centre de coûts par défaut de l'entreprise pour l'arrondi,erpnext/accounts/doctype/sales_invoice/sales_invoice.json
erpnext,P1,missing,Use Item based reposting,Utiliser la republication basée sur les éléments,erpnext/stock/doctype/stock_reposting_settings/stock_reposting_settings.json
erpnext,P1,missing,Use Serial / Batch Fields,Utiliser les champs série/lot,erpnext/stock/doctype/stock_settings/stock_settings.json
erpnext,P1,missing,Use Transaction Date Exchange Rate,Utiliser le taux de change à la date de transaction,erpnext/accounts/doctype/purchase_invoice/purchase_invoice.json erpnext/buying/doctype/buying_settings/buying_settings.json
erpnext,P1,missing,User Forum,Forum des utilisateurs,erpnext/setup/install.py:194
erpnext,P1,missing,User {0}: Removed Employee Self Service role as there is no mapped employee.,Utilisateur {0} : rôle libre-service des employés supprimé car il n'y a aucun employé mappé.,erpnext/setup/doctype/employee/employee.py:246
erpnext,P1,missing,User {0}: Removed Employee role as there is no mapped employee.,Utilisateur {0} : rôle d'employé supprimé car il n'y a aucun employé mappé.,erpnext/setup/doctype/employee/employee.py:241
erpnext,P1,missing,Users can enable the checkbox If they want to adjust the incoming rate (set using purchase receipt) based on the purchase invoice rate.,Les utilisateurs peuvent cocher la case s'ils souhaitent ajuster le tarif entrant (défini à l'aide du reçu d'achat) en fonction du tarif de la facture d'achat.,erpnext/buying/doctype/buying_settings/buying_settings.json
erpnext,P1,missing,Using negative stock disables FIFO/Moving average valuation when inventory is negative.,L’utilisation d’un stock négatif désactive l’évaluation FIFO/moyenne mobile lorsque le stock est négatif.,erpnext/stock/doctype/stock_settings/stock_settings.js:38
erpnext,P1,missing,Valid Up To,Valable jusqu'à,erpnext/accounts/doctype/coupon_code/coupon_code.json erpnext/accounts/doctype/pricing_rule/pricing_rule.json erpnext/accounts/doctype/promotional_scheme/promotional_scheme.json erpnext/regional/doctype/lower_deduction_certificate/lower_deduction_certificate.json erpnext/setup/doctype/employee/employee.json erpnext/stock/doctype/item_price/item_price.json
erpnext,P1,missing,Validate Consumed Qty (as per BOM),Valider la quantité consommée (selon la nomenclature),erpnext/buying/doctype/buying_settings/buying_settings.json
erpnext,P1,missing,Validate Material Transfer Warehouses,Valider les entrepôts de transfert de matériaux,erpnext/stock/doctype/stock_settings/stock_settings.json
erpnext,P1,missing,Validate Negative Stock,Valider le stock négatif,erpnext/stock/doctype/inventory_dimension/inventory_dimension.json
erpnext,P1,missing,Validate Stock on Save,Valider le stock lors de l'enregistrement,erpnext/accounts/doctype/pos_profile/pos_profile.json
erpnext,P1,missing,Valuation (I - K),Valorisation (I - K),erpnext/stock/report/stock_ledger_variance/stock_ledger_variance.js:63
erpnext,P1,missing,Valuation Field Type,Type de champ de valorisation,erpnext/stock/report/available_serial_no/available_serial_no.js:61 erpnext/stock/report/stock_balance/stock_balance.js:101 erpnext/stock/report/stock_ledger/stock_ledger.js:114
erpnext,P1,missing,Valuation Rate (In / Out),Taux de valorisation (Entrée/Sortie),erpnext/stock/report/incorrect_serial_no_valuation/incorrect_serial_no_valuation.py:197
erpnext,P1,missing,Valuation rate for customer provided items has been set to zero.,Le taux de valorisation des articles fournis par le client a été fixé à zéro.,erpnext/stock/doctype/stock_reconciliation/stock_reconciliation.py:985
erpnext,P1,missing,Valuation rate for the item as per Sales Invoice (Only for Internal Transfers),Taux de valorisation de l'article selon la facture de vente (uniquement pour les transferts internes),erpnext/accounts/doctype/purchase_invoice_item/purchase_invoice_item.json erpnext/stock/doctype/purchase_receipt_item/purchase_receipt_item.json
erpnext,P1,missing,Value (G - D),Valeur (G - D),erpnext/stock/report/stock_ledger_variance/stock_ledger_variance.js:58
erpnext,P1,missing,Value ({0}),Valeur ({0}),erpnext/stock/report/stock_ageing/stock_ageing.py:221
erpnext,P1,missing,Value Based Inspection,Inspection basée sur la valeur,erpnext/stock/doctype/quality_inspection_reading/quality_inspection_reading.json
erpnext,P1,missing,Value of Goods,Valeur des marchandises,erpnext/stock/doctype/shipment/shipment.json
erpnext,P1,missing,Value of goods cannot be 0,La valeur des marchandises ne peut pas être nulle,erpnext/stock/doctype/shipment/shipment.py:87
erpnext,P1,missing,Vara,Vara,erpnext/setup/setup_wizard/data/uom_data.json
erpnext,P1,missing,Variables,Variables,erpnext/buying/doctype/supplier_scorecard_period/supplier_scorecard_period.json
erpnext,P1,missing,Vendor Invoice,Facture fournisseur,erpnext/stock/doctype/landed_cost_vendor_invoice/landed_cost_vendor_invoice.json erpnext/stock/report/landed_cost_report/landed_cost_report.py:42
erpnext,P1,missing,Vendor Invoices,Factures fournisseurs,erpnext/stock/doctype/landed_cost_voucher/landed_cost_voucher.json
erpnext,P1,missing,Venture Capital,Capital-risque,erpnext/setup/setup_wizard/data/industry_type.txt:51
erpnext,P1,missing,Versta,Versta,erpnext/setup/setup_wizard/data/uom_data.json
erpnext,P1,missing,Via Landed Cost Voucher,Via un bon de prix au débarquement,erpnext/stock/doctype/repost_item_valuation/repost_item_valuation.json
erpnext,P1,missing,Vice President,vice-président,erpnext/setup/setup_wizard/data/designation.txt:31
erpnext,P1,missing,View Exchange Gain/Loss Journals,Afficher les journaux de gains/pertes de change,erpnext/accounts/doctype/payment_entry/payment_entry.js:247
erpnext,P1,missing,View Ledgers,Afficher les grands livres,erpnext/stock/doctype/serial_no/serial_no.js:28
erpnext,P1,missing,Volt-Ampere,Volt-Ampère,erpnext/setup/setup_wizard/data/uom_data.json
erpnext,P1,missing,Voucher No is mandatory,Le numéro du bon est obligatoire,erpnext/stock/doctype/serial_and_batch_bundle/serial_and_batch_bundle.py:1298
erpnext,P1,missing,Voucher Qty,Quantité de bon,erpnext/stock/doctype/stock_reservation_entry/stock_reservation_entry.json erpnext/stock/report/reserved_stock/reserved_stock.py:117
erpnext,P1,missing,WIP Composite Asset,Actif composé WIP,erpnext/accounts/doctype/purchase_invoice_item/purchase_invoice_item.json erpnext/buying/doctype/purchase_order_item/purchase_order_item.json erpnext/stock/doctype/material_request_item/material_request_item.json erpnext/stock/doctype/purchase_receipt_item/purchase_receipt_item.json
erpnext,P1,missing,Walk In,Entrez,erpnext/setup/setup_wizard/data/marketing_source.txt:10
erpnext,P1,missing,Warehouse Capacity Summary,Résumé de la capacité de l'entrepôt,erpnext/stock/page/warehouse_capacity_summary/warehouse_capacity_summary.js:4
erpnext,P1,missing,Warehouse Capacity for Item '{0}' must be greater than the existing stock level of {1} {2}.,La capacité de l'entrepôt pour l'article « {0} » doit être supérieure au niveau de stock existant de {1} {2}.,erpnext/stock/doctype/putaway_rule/putaway_rule.py:79
erpnext,P1,missing,Warehouse Disabled?,Entrepôt désactivé ?,erpnext/stock/report/warehouse_wise_stock_balance/warehouse_wise_stock_balance.py:113
erpnext,P1,missing,Warehouse Settings,Paramètres de l'entrepôt,erpnext/buying/doctype/purchase_order_item/purchase_order_item.json
erpnext,P1,missing,Warehouse Wise Stock Balance,Solde des stocks en entrepôt,erpnext/stock/report/warehouse_wise_stock_balance/warehouse_wise_stock_balance.json erpnext/stock/workspace/stock/stock.json
erpnext,P1,missing,Warehouse {0} does not belong to Company {1}.,L'entrepôt {0} n'appartient pas à la société {1}.,erpnext/stock/doctype/putaway_rule/putaway_rule.py:67
erpnext,P1,missing,Warehouse {0} does not exist,L'entrepôt {0} n'existe pas,erpnext/stock/doctype/warehouse/warehouse.py:306
erpnext,P1,missing,Warehouse's Stock Value has already been booked in the following accounts:,La valeur du stock de l'entrepôt a déjà été comptabilisée dans les comptes suivants :,erpnext/stock/doctype/warehouse/warehouse.py:144
erpnext,P1,missing,Warning on Negative Stock,Avertissement sur stock négatif,erpnext/stock/stock_ledger.py:820
erpnext,P1,missing,Warranty Expiry (Serial),Expiration de la garantie (série),erpnext/stock/report/serial_no_and_batch_traceability/serial_no_and_batch_traceability.py:542
erpnext,P1,missing,Watt,Watt,erpnext/setup/setup_wizard/data/uom_data.json
erpnext,P1,missing,Watt-Hour,Watt-heure,erpnext/setup/setup_wizard/data/uom_data.json
erpnext,P1,missing,Wavelength In Gigametres,Longueur d'onde en gigamètres,erpnext/setup/setup_wizard/data/uom_data.json
erpnext,P1,missing,Wavelength In Kilometres,Longueur d'onde en kilomètres,erpnext/setup/setup_wizard/data/uom_data.json
erpnext,P1,missing,Wavelength In Megametres,Longueur d'onde en mégamètres,erpnext/setup/setup_wizard/data/uom_data.json
erpnext,P1,missing,"When creating an Item, entering a value for this field will automatically create an Item Price at the backend.","Lors de la création d'un article, la saisie d'une valeur dans ce champ créera automatiquement un prix d'article au niveau du backend.",erpnext/stock/doctype/item/item.js:1072
erpnext,P1,missing,"While making Purchase Invoice from Purchase Order, use Exchange Rate on Invoice's transaction date rather than inheriting it from Purchase Order. Only applies for Purchase Invoice.","Lorsque vous créez une facture d'achat à partir d'un bon de commande, utilisez le taux de change à la date de transaction de la facture plutôt que de l'hériter du bon de commande. S'applique uniquement à la facture d'achat.",erpnext/buying/doctype/buying_settings/buying_settings.json
erpnext,P1,missing,Write Off Limit,Limite de radiation,erpnext/accounts/doctype/pos_profile/pos_profile.json
erpnext,P1,missing,Yard,Cour,erpnext/setup/setup_wizard/data/uom_data.json
erpnext,P1,missing,You are not authorized to make/edit Stock Transactions for Item {0} under warehouse {1} before this time.,Vous n'êtes pas autorisé à effectuer/modifier des transactions de stock pour l'article {0} sous l'entrepôt {1} avant cette heure.,erpnext/stock/doctype/stock_ledger_entry/stock_ledger_entry.py:338
erpnext,P1,missing,You can't process the serial number {0} as it has already been used in the SABB {1}. {2} if you want to inward same serial number multiple times then enabled 'Allow existing Serial No to be Manufactured/Received again' in the {3},"Vous ne pouvez pas traiter le numéro de série {0} car il a déjà été utilisé dans le SABB {1}. {2} si vous souhaitez saisir le même numéro de série plusieurs fois, puis activez « Autoriser la fabrication/la réception du numéro de série existant » dans le {3}.",erpnext/stock/doctype/serial_and_batch_bundle/serial_and_batch_bundle.py:189
erpnext,P1,missing,You cannot repost item valuation before {},Vous ne pouvez pas republier l'évaluation d'un article avant le {},erpnext/stock/doctype/repost_item_valuation/repost_item_valuation.py:183
erpnext,P1,missing,You have enabled {0} and {1} in {2}. This can lead to prices from the default price list being inserted in the transaction price list.,Vous avez activé {0} et {1} dans {2}. Cela peut conduire à l'insertion de prix du tarif par défaut dans le tarif de transaction.,erpnext/stock/doctype/stock_settings/stock_settings.py:216
erpnext,P1,missing,You have entered a duplicate Delivery Note on Row,Vous avez saisi un bon de livraison en double sur la ligne,erpnext/stock/doctype/shipment/shipment.js:442
erpnext,P1,missing,Zero quantity,Quantité nulle,erpnext/stock/doctype/stock_entry/stock_entry.py:525
erpnext,P1,missing,after,après,erpnext/stock/stock_ledger.py:2041
erpnext,P1,missing,dated {0},en date du {0},erpnext/accounts/doctype/purchase_invoice/purchase_invoice.py:334 erpnext/accounts/doctype/sales_invoice/sales_invoice.py:1078
erpnext,P1,missing,image,image,erpnext/stock/doctype/batch/batch.json
erpnext,P1,missing,paid to,payé à,erpnext/accounts/doctype/payment_entry/payment_entry.py:1310
erpnext,P1,missing,performing either one below:,en effectuant l'une ou l'autre des opérations ci-dessous :,erpnext/stock/stock_ledger.py:2042
erpnext,P1,missing,rgt,rgt,erpnext/accounts/doctype/cost_center/cost_center.json erpnext/assets/doctype/location/location.json erpnext/projects/doctype/task/task.json erpnext/setup/doctype/customer_group/customer_group.json erpnext/setup/doctype/department/department.json erpnext/setup/doctype/employee/employee.json erpnext/setup/doctype/item_group/item_group.json erpnext/setup/doctype/sales_person/sales_person.json erpnext/setup/doctype/supplier_group/supplier_group.json erpnext/setup/doctype/territory/territory.json erpnext/stock/doctype/warehouse/warehouse.json
erpnext,P1,missing,to unallocate the amount of this Return Invoice before cancelling it.,de désaffecter le montant de cette Facture de Retour avant de l'annuler.,erpnext/accounts/doctype/sales_invoice/sales_invoice.py:3087
erpnext,P1,missing,{0} <b>{1}</b> has submitted Assets. Remove Item <b>{2}</b> from table to continue.,{0} <b>{1}</b> a soumis des éléments. Supprimez l'élément <b>{2}</b> du tableau pour continuer.,erpnext/stock/doctype/landed_cost_voucher/landed_cost_voucher.py:341
erpnext,P1,missing,{0} account not found while submitting purchase receipt,Compte {0} introuvable lors de la soumission du reçu d'achat,erpnext/stock/doctype/purchase_receipt/purchase_receipt.py:514
erpnext,P1,missing,{0} currency must be same as company's default currency. Please select another account.,La devise {0} doit être la même que la devise par défaut de l'entreprise. Veuillez sélectionner un autre compte.,erpnext/setup/doctype/company/company.py:283
erpnext,P1,missing,{0} entered twice {1} in Item Taxes,{0} a saisi deux fois {1} dans les taxes sur les articles,erpnext/setup/doctype/item_group/item_group.py:48 erpnext/stock/doctype/item/item.py:454
erpnext,P1,missing,{0} has Payment Term based allocation enabled. Select a Payment Term for Row #{1} in Payment References section,{0} a une allocation basée sur les conditions de paiement activée. Sélectionnez une condition de paiement pour la ligne #{1} dans la section Références de paiement.,erpnext/accounts/doctype/payment_entry/payment_entry.py:447
erpnext,P1,missing,{0} is a mandatory Accounting Dimension. <br>Please set a value for {0} in Accounting Dimensions section.,{0} est une dimension comptable obligatoire. <br>Veuillez définir une valeur pour {0} dans la section Dimensions comptables.,erpnext/accounts/doctype/pos_profile/pos_profile.py:94
erpnext,P1,missing,{0} is already running for {1},{0} est déjà en cours d'exécution pour {1},erpnext/setup/doctype/transaction_deletion_record/transaction_deletion_record.py:198
erpnext,P1,missing,{0} is not running. Cannot trigger events for this Document,{0} n'est pas en cours d'exécution. Impossible de déclencher des événements pour ce document,erpnext/setup/doctype/transaction_deletion_record/transaction_deletion_record.py:206
erpnext,P1,missing,{0} not allowed to transact with {1}. Please change the Company or add the Company in the 'Allowed To Transact With'-Section in the Customer record.,{0} n'est pas autorisé à effectuer des transactions avec {1}. Veuillez modifier la société ou ajouter la société dans la section « Autorisé à effectuer des transactions avec » dans le dossier client.,erpnext/accounts/doctype/sales_invoice/sales_invoice.py:2290
erpnext,P1,missing,"{0} units are reserved for Item {1} in Warehouse {2}, please un-reserve the same to {3} the Stock Reconciliation.","Les unités {0} sont réservées pour l'article {1} dans l'entrepôt {2}, veuillez annuler la réservation pour {3} lors du rapprochement des stocks.",erpnext/stock/doctype/stock_reconciliation/stock_reconciliation.py:703
erpnext,P1,missing,{0} units of {1} are required in {2} with the inventory dimension: {3} on {4} {5} for {6} to complete the transaction.,{0} unités de {1} sont requises dans {2} avec la dimension de stock : {3} sur {4} {5} pour que {6} finalise la transaction.,erpnext/stock/doctype/stock_ledger_entry/stock_ledger_entry.py:145
erpnext,P1,missing,{0} units of {1} needed in {2} on {3} {4} to complete this transaction.,{0} unités de {1} nécessaires en {2} le {3} {4} pour finaliser cette transaction.,erpnext/stock/stock_ledger.py:2294 erpnext/stock/stock_ledger.py:2339
erpnext,P1,missing,"{0} {1} cannot be updated. If you need to make changes, we recommend canceling the existing entry and creating a new one.","{0} {1} ne peut pas être mis à jour. Si vous devez apporter des modifications, nous vous recommandons d'annuler l'entrée existante et d'en créer une nouvelle.",erpnext/stock/doctype/stock_reservation_entry/stock_reservation_entry.py:559
erpnext,P1,missing,{0} {1} has already been fully paid.,{0} {1} a déjà été entièrement payé.,erpnext/accounts/doctype/payment_entry/payment_entry.py:457
erpnext,P1,missing,{0} {1} has already been partly paid. Please use the 'Get Outstanding Invoice' or the 'Get Outstanding Orders' button to get the latest outstanding amounts.,{0} {1} a déjà été partiellement payé. Veuillez utiliser le bouton « Obtenir la facture impayée » ou « Obtenir les commandes impayées » pour obtenir les derniers montants impayés.,erpnext/accounts/doctype/payment_entry/payment_entry.py:467
erpnext,P1,missing,{0} {1} is on hold,{0} {1} est en attente,erpnext/accounts/doctype/payment_entry/payment_entry.py:700
erpnext,P1,missing,{0}: {1} is a group account.,{0} : {1} est un compte de groupe.,erpnext/setup/doctype/company/company.py:270
erpnext,P1,missing,{}  To Receive,{} Pour recevoir,erpnext/buying/workspace/buying/buying.json
erpnext,P1,missing,{} Pending,{} En attente,erpnext/buying/workspace/buying/buying.json erpnext/stock/workspace/stock/stock.json
erpnext,P1,missing,{} To Bill,{} À facturer,erpnext/stock/workspace/stock/stock.json
frappe,P2,missing,!=,,frappe/core/doctype/document_naming_rule_condition/document_naming_rule_condition.json
frappe,P2,missing,"0 - too guessable: risky password.
<br>
1 - very guessable: protection from throttled online attacks. 
<br>
2 - somewhat guessable: protection from unthrottled online attacks.
<br>
3 - safely unguessable: moderate protection from offline slow-hash scenario.
<br>
4 - very unguessable: strong protection from offline slow-hash scenario.","0 - trop devinable : mot de passe risqué.
<br>
1 - très prévisible : protection contre les attaques en ligne limitées. 
<br>
2 - quelque peu devinable : protection contre les attaques en ligne non limitées.
<br>
3 - indevinable en toute sécurité : protection modérée contre le scénario de hachage lent hors ligne.
<br>
4 - très indevinable : forte protection contre le scénario de hachage lent hors ligne.",frappe/core/doctype/system_settings/system_settings.json
frappe,P2,missing,<,,frappe/core/doctype/document_naming_rule_condition/document_naming_rule_condition.json
frappe,P2,missing,<=,,frappe/core/doctype/document_naming_rule_condition/document_naming_rule_condition.json
frappe,P2,missing,"<a href=""https://docs.frappe.io/framework/user/en/api/rest#1-token-based-authentication"" target=""_blank"">
  Click here to learn about token-based authentication
</a>","<a href=""https://docs.frappe.io/framework/user/en/api/rest#1-token-based-authentication"" target=""_blank"">
  Cliquez ici pour en savoir plus sur l'authentification basée sur les jetons
</a>",frappe/core/doctype/user/user.json
frappe,P2,missing,"<div class=""well"">
    Edit list of Series in the box. Rules:
    <ul>
        <li>Each Series Prefix on a new line.</li>
        <li>Allowed special characters are ""/"" and ""-""</li>
        <li>
            Optionally, set the number of digits in the series using dot (.)
            followed by hashes (#). For example, "".####"" means that the series
            will have four digits. Default is five digits.
        </li>
        <li>
            You can also use variables in the series name by putting them
            between (.) dots
            <br>
            Supported Variables:
            <ul>
                <li><code>.YYYY.</code> - Year in 4 digits</li>
                <li><code>.YY.</code> - Year in 2 digits</li>
                <li><code>.MM.</code> - Month</li>
                <li><code>.DD.</code> - Day of month</li>
                <li><code>.WW.</code> - Week of the year</li>
                <li>
                    <code>.{fieldname}.</code> - fieldname on the document e.g.
                    <code>branch</code>
                </li>
                <li><code>.FY.</code> - Fiscal Year (requires ERPNext to be installed)</li>
                <li><code>.ABBR.</code> - Company Abbreviation (requires ERPNext to be installed)</li>
            </ul>
        </li>
    </ul>
    Examples:
    <ul>
        <li>INV-</li>
        <li>INV-10-</li>
        <li>INVK-</li>
        <li>INV-.YYYY.-.{branch}.-.MM.-.####</li>
    </ul>
</div>
<br>
","<div class=""well"">
    Modifiez la liste des séries dans la zone. Règles :
    <ul>
        <li>Chaque préfixe de série sur une nouvelle ligne.</li>
        <li>Les caractères spéciaux autorisés sont ""/"" et ""-""</li>
        <li>
            Vous pouvez éventuellement définir le nombre de chiffres de la série à l'aide du point (.)
            suivi de hachages (#). Par exemple, "".####"" signifie que la série
            aura quatre chiffres. La valeur par défaut est cinq chiffres.
        </li>
        <li>
            Vous pouvez également utiliser des variables dans le nom de la série en les mettant
            entre (.) points
            <br>
            Variables prises en charge :
            <ul>
                <li><code>.YYYY.</code> - Année en 4 chiffres</li>
                <li><code>.YY.</code> - Année en 2 chiffres</li>
                <li><code>.MM.</code> - Mois</li>
                <li><code>.DD.</code> - Jour du mois</li>
                <li><code>.WW.</code> - Semaine de l'année</li>
                <li>
                    <code>.{fieldname}.</code> - nom du champ sur le document, par ex.
                    <code>branche</code>
                </li>
                <li><code>.FY.</code> - Année fiscale (nécessite l'installation d'ERPNext)</li>
                <li><code>.ABBR.</code> - Abréviation de l'entreprise (nécessite l'installation d'ERPNext)</li>
            </ul>
        </li>
    </ul>
    Exemples :
    <ul>
        <li>INV-</li>
        <li>INV-10-</li>
        <li>INVK-</li>
        <li>INV-.AAAA.-.{branch}.-.MM.-.####</li>
    </ul>
</div>
<br>",frappe/core/doctype/document_naming_settings/document_naming_settings.json
frappe,P2,missing,"<p>To interact with above HTML you will have to use `root_element` as a parent selector.</p><p>For example:</p><pre class=""p-3 bg-gray-100 border-radius rounded-sm mb-0"" style=""width: fit-content;""><code>// here root_element is provided by default
let some_class_element = root_element.querySelector('.some-class');
some_class_element.textContent = ""New content"";
</code></pre>","<p>Pour interagir avec le HTML ci-dessus, vous devrez utiliser `root_element` comme sélecteur parent.</p><p>Par exemple :</p><pre class=""p-3 bg-gray-100 border-radius rounded-sm mb-0"" style=""width: fit-content;""><code>// ici root_element est fourni par défaut
let some_class_element = root_element.querySelector('.some-class');
some_class_element.textContent = ""Nouveau contenu"";
</code></pre>",frappe/desk/doctype/custom_html_block/custom_html_block.json
frappe,P2,missing,"<span class=""h2"">Hi,</span>","<span class=""h2"">Bonjour,</span>",frappe/core/workspace/welcome_workspace/welcome_workspace.json
frappe,P2,missing,=,,frappe/core/doctype/document_naming_rule_condition/document_naming_rule_condition.json
frappe,P2,missing,>,,frappe/core/doctype/document_naming_rule_condition/document_naming_rule_condition.json
frappe,P2,missing,>=,,frappe/core/doctype/document_naming_rule_condition/document_naming_rule_condition.json
frappe,P2,missing,"A DocType's name should start with a letter and can only consist of letters, numbers, spaces, underscores and hyphens","Le nom d'un DocType doit commencer par une lettre et ne peut être composé que de lettres, de chiffres, d'espaces, de traits de soulignement et de traits d'union.",frappe/core/doctype/doctype/doctype.py:1049
frappe,P2,missing,A file with same name {} already exists,Un fichier du même nom {} existe déjà,frappe/core/doctype/file/file.py:279
frappe,P2,untranslated_copy,API,API,frappe/core/doctype/server_script/server_script.json
frappe,P2,missing,API Keys,Clés API,frappe/core/doctype/user/user.js:463
frappe,P2,missing,API Logging,Journalisation des API,frappe/core/doctype/system_settings/system_settings.json
frappe,P2,missing,API Request Log,Journal des demandes d'API,frappe/core/doctype/api_request_log/api_request_log.json
frappe,P2,missing,ASC,ASC,frappe/core/doctype/doctype/doctype.json frappe/custom/doctype/customize_form/customize_form.json
frappe,P2,missing,About {0} minute remaining,Environ {0} minute restante,frappe/core/doctype/data_import/data_import.js:27
frappe,P2,missing,About {0} minutes remaining,Environ {0} minutes restantes,frappe/core/doctype/data_import/data_import.js:28
frappe,P2,missing,About {0} seconds remaining,Environ {0} secondes restantes,frappe/core/doctype/data_import/data_import.js:25
frappe,P2,missing,Accepted,Accepté,frappe/core/doctype/user_invitation/user_invitation.json
frappe,P2,missing,Accepted At,Accepté à,frappe/core/doctype/user_invitation/user_invitation.json
frappe,P2,untranslated_copy,Action,Action,frappe/core/doctype/amended_document_naming_settings/amended_document_naming_settings.json frappe/core/doctype/navbar_item/navbar_item.json frappe/desk/doctype/onboarding_step/onboarding_step.json frappe/email/doctype/email_flag_queue/email_flag_queue.json frappe/email/doctype/email_group/email_group.js:34 frappe/email/doctype/email_group/email_group.js:63 frappe/printing/page/print_format_builder_beta/print_format_builder_beta.js:37 frappe/workflow/doctype/workflow_transition/workflow_transition.json frappe/workflow/page/workflow_builder/workflow_builder.js:37
frappe,P2,untranslated_copy,Action / Route,Action/Itinéraire,frappe/core/doctype/doctype_action/doctype_action.json
frappe,P2,untranslated_copy,Actions,Actes,frappe/core/doctype/communication/communication.js:66 frappe/core/doctype/communication/communication.js:74 frappe/core/doctype/communication/communication.js:82 frappe/core/doctype/communication/communication.js:90 frappe/core/doctype/communication/communication.js:99 frappe/core/doctype/communication/communication.js:108 frappe/core/doctype/communication/communication.js:131 frappe/core/doctype/doctype/doctype.json frappe/core/doctype/rq_job/rq_job_list.js:14 frappe/core/doctype/rq_job/rq_job_list.js:48 frappe/core/doctype/user_session_display/user_session_display.json frappe/core/report/database_storage_usage_by_tables/database_storage_usage_by_tables.js:48 frappe/custom/doctype/customize_form/customize_form.js:108 frappe/custom/doctype/customize_form/customize_form.js:116 frappe/custom/doctype/customize_form/customize_form.js:124 frappe/custom/doctype/customize_form/customize_form.js:132 frappe/custom/doctype/customize_form/customize_form.js:140 frappe/custom/doctype/customize_form/customize_form.js:148 frappe/custom/doctype/customize_form/customize_form.js:283 frappe/custom/doctype/customize_form/customize_form.json frappe/public/js/frappe/ui/page.html:41 frappe/public/js/frappe/views/reports/query_report.js:191 frappe/public/js/frappe/views/reports/query_report.js:204 frappe/public/js/frappe/views/reports/query_report.js:214 frappe/public/js/frappe/views/reports/query_report.js:853
frappe,P2,missing,Active,Actif,frappe/automation/doctype/auto_repeat/auto_repeat.json frappe/core/doctype/recorder/recorder_list.js:207 frappe/core/doctype/user/user_list.js:12 frappe/desk/doctype/kanban_board_column/kanban_board_column.json frappe/integrations/doctype/oauth_bearer_token/oauth_bearer_token.json frappe/workflow/doctype/workflow/workflow_list.js:5
frappe,P2,missing,Activity,Activité,frappe/core/doctype/user/user.json frappe/public/js/frappe/form/dashboard.js:22 frappe/public/js/frappe/form/footer/form_timeline.js:60
frappe,P2,missing,Add,Ajouter,frappe/core/page/permission_manager/permission_manager.js:532 frappe/email/doctype/email_group/email_group.js:60 frappe/public/js/frappe/form/grid_row.js:501 frappe/public/js/frappe/form/sidebar/assign_to.js:104 frappe/public/js/frappe/form/templates/set_sharing.html:82 frappe/public/js/frappe/list/bulk_operations.js:437 frappe/public/js/frappe/views/dashboard/dashboard_view.js:441 frappe/public/js/frappe/views/reports/query_report.js:266 frappe/public/js/frappe/views/reports/query_report.js:294 frappe/public/js/frappe/widgets/widget_dialog.js:30
frappe,P2,missing,Add Card to Dashboard,Ajouter une carte au tableau de bord,frappe/desk/doctype/number_card/number_card.js:37
frappe,P2,missing,Add Indexes,Ajouter des index,frappe/core/doctype/recorder/recorder.js:30
frappe,P2,missing,Add Participants,Ajouter des participants,frappe/desk/doctype/event/event.js:35 frappe/desk/doctype/event/event.js:42
frappe,P2,missing,Add Roles,Ajouter des rôles,frappe/core/doctype/user/user.py:857
frappe,P2,missing,Add Translate Data,Ajouter des données de traduction,frappe/core/doctype/report/report.json
frappe,P2,missing,Add Video Conferencing,Ajouter une vidéoconférence,frappe/desk/doctype/event/event.json
frappe,P2,missing,Add a New Role,Ajouter un nouveau rôle,frappe/core/page/permission_manager/permission_manager_help.html:9
frappe,P2,missing,Added,Ajouté,frappe/core/doctype/permission_log/permission_log.json
frappe,P2,missing,Added default log doctypes: {},Ajout de types de documents de journaux par défaut : {},frappe/core/doctype/log_settings/log_settings.py:81
frappe,P2,missing,Administrator,Administrateur,frappe/contacts/doctype/salutation/salutation.json frappe/core/doctype/doctype/doctype.json frappe/core/doctype/domain/domain.json frappe/core/doctype/module_def/module_def.json frappe/core/doctype/page/page.json frappe/core/doctype/patch_log/patch_log.json frappe/core/doctype/permission_type/permission_type.json frappe/core/doctype/recorder/recorder.json frappe/core/doctype/report/report.json frappe/core/doctype/rq_job/rq_job.json frappe/core/doctype/user_type/user_type.json frappe/core/doctype/version/version.json frappe/custom/doctype/client_script/client_script.json frappe/custom/doctype/custom_field/custom_field.json frappe/custom/doctype/property_setter/property_setter.json frappe/desk/doctype/dashboard_chart_source/dashboard_chart_source.json frappe/desk/doctype/onboarding_step/onboarding_step.json frappe/desk/doctype/system_console/system_console.json frappe/website/doctype/website_theme/website_theme.json
frappe,P2,missing,Administrator can't follow,L'administrateur ne peut pas suivre,frappe/desk/form/document_follow.py:52
frappe,P2,missing,After Discard,Après le rejet,frappe/core/doctype/server_script/server_script.json
frappe,P2,missing,All Day,Toute la journée,frappe/desk/doctype/calendar_view/calendar_view.json frappe/desk/doctype/event/event.json frappe/public/js/frappe/ui/notifications/notifications.js:439
frappe,P2,missing,Allow Sending Usage Data for Improving Applications,Autoriser l'envoi de données d'utilisation pour améliorer les applications,frappe/core/doctype/system_settings/system_settings.json
frappe,P2,missing,Allow recording my first session to improve user experience,Autoriser l'enregistrement de ma première session pour améliorer l'expérience utilisateur,frappe/desk/page/setup_wizard/setup_wizard.js:431
frappe,P2,missing,Allow sending usage data for improving applications,Autoriser l'envoi de données d'utilisation pour améliorer les applications,frappe/desk/page/setup_wizard/setup_wizard.js:424
frappe,P2,missing,"Allow users to log in without a password, using a login link sent to their email","Autoriser les utilisateurs à se connecter sans mot de passe, en utilisant un lien de connexion envoyé à leur adresse e-mail",frappe/core/doctype/system_settings/system_settings.json
frappe,P2,missing,Allowed File Extensions,Extensions de fichiers autorisées,frappe/core/doctype/system_settings/system_settings.json
frappe,P2,missing,Allowed Modules,Modules autorisés,frappe/core/doctype/user_type/user_type.json
frappe,P2,missing,Always,Toujours,frappe/core/doctype/system_settings/system_settings.json
frappe,P2,missing,Announcement Widget,Widget d'annonce,frappe/core/doctype/navbar_settings/navbar_settings.json
frappe,P2,missing,Announcements,Annonces,frappe/core/doctype/navbar_settings/navbar_settings.json
frappe,P2,missing,Annual,Annuel,frappe/core/doctype/scheduled_job_type/scheduled_job_type.json
frappe,P2,missing,"Apart from System Manager, roles with Set User Permissions right can set permissions for other users for that Document Type.","Outre le gestionnaire système, les rôles dotés du droit Définir les autorisations utilisateur peuvent définir les autorisations d'autres utilisateurs pour ce type de document.",frappe/core/page/permission_manager/permission_manager_help.html:36
frappe,P2,missing,Applicable For,Applicable pour,frappe/core/doctype/user_permission/user_permission.json
frappe,P2,missing,Application is not installed,L'application n'est pas installée,frappe/core/doctype/user_invitation/user_invitation.py:195
frappe,P2,missing,Applies To (DocType),S'applique à (DocType),frappe/core/doctype/permission_type/permission_type.json
frappe,P2,missing,Apps with Search,Applications avec recherche,frappe/desk/doctype/desktop_settings/desktop_settings.json
frappe,P2,missing,Archived,Archivé,frappe/desk/doctype/kanban_board_column/kanban_board_column.json
frappe,P2,missing,Are you sure you want to cancel the invitation?,Êtes-vous sûr de vouloir annuler l'invitation ?,frappe/core/doctype/user_invitation/user_invitation.js:18
frappe,P2,missing,Are you sure you want to re-enable scheduler?,Êtes-vous sûr de vouloir réactiver le planificateur ?,frappe/core/doctype/rq_job/rq_job_list.js:34
frappe,P2,missing,Are you sure you want to remove all failed jobs?,Êtes-vous sûr de vouloir supprimer toutes les tâches ayant échoué ?,frappe/core/doctype/rq_job/rq_job_list.js:10
frappe,P2,missing,Arguments,Arguments,frappe/core/doctype/rq_job/rq_job.json
frappe,P2,missing,"As a best practice, do not assign the same set of permission rule to different Roles. Instead, set multiple Roles to the same User.","Il est recommandé de ne pas attribuer le même ensemble de règles d'autorisation à différents rôles. Au lieu de cela, définissez plusieurs rôles sur le même utilisateur.",frappe/core/page/permission_manager/permission_manager_help.html:11
frappe,P2,missing,"As document sharing is disabled, please give them the required permissions before assigning.","Le partage de documents étant désactivé, veuillez leur accorder les autorisations requises avant de les attribuer.",frappe/desk/form/assign_to.py:107
frappe,P2,missing,Ask,Demander,frappe/core/doctype/system_settings/system_settings.json
frappe,P2,missing,Assignment,Affectation,frappe/desk/doctype/notification_log/notification_log.json
frappe,P2,missing,At least one field of Parent Document Type is mandatory,Au moins un champ du type de document parent est obligatoire,frappe/core/doctype/data_export/data_export.js:44
frappe,P2,missing,Auto follow documents that are assigned to you,Suivi automatique des documents qui vous sont attribués,frappe/core/doctype/user/user.json
frappe,P2,missing,Auto follow documents that are shared with you,Suivi automatique des documents partagés avec vous,frappe/core/doctype/user/user.json
frappe,P2,missing,Autoincrement,Auto-incrémentation,frappe/core/doctype/doctype/doctype.json
frappe,P2,missing,Automate processes and extend standard functionality using scripts and background jobs,Automatisez les processus et étendez les fonctionnalités standard à l'aide de scripts et de tâches en arrière-plan,frappe/core/workspace/build/build.json
frappe,P2,missing,Awesomebar,Barre géniale,frappe/desk/doctype/desktop_settings/desktop_settings.json
frappe,P2,missing,BCC,Cci,frappe/core/doctype/communication/communication.json frappe/email/doctype/notification_recipient/notification_recipient.json
frappe,P2,missing,Background Job Activity,Activité professionnelle en arrière-plan,frappe/core/workspace/system/system.json
frappe,P2,missing,Banker's Rounding,Arrondi du banquier,frappe/core/doctype/system_settings/system_settings.json
frappe,P2,missing,Banker's Rounding (legacy),Arrondi du banquier (ancien),frappe/core/doctype/system_settings/system_settings.json
frappe,P2,untranslated_copy,Bar,Bar,frappe/desk/doctype/dashboard_chart/dashboard_chart.json
frappe,P2,missing,Barcode,Code à barres,frappe/core/doctype/docfield/docfield.json frappe/custom/doctype/custom_field/custom_field.json frappe/custom/doctype/customize_form_field/customize_form_field.json
frappe,P2,missing,Based On,Basé sur,frappe/core/doctype/language/language.json frappe/printing/page/print/print.js:305 frappe/printing/page/print/print.js:359
frappe,P2,missing,Basic Info,Informations de base,frappe/core/doctype/user/user.json
frappe,P2,missing,Before Discard,Avant le rejet,frappe/core/doctype/server_script/server_script.json
frappe,P2,missing,Before Print,Avant l'impression,frappe/core/doctype/server_script/server_script.json
frappe,P2,missing,Before Rename,Avant de renommer,frappe/core/doctype/server_script/server_script.json
frappe,P2,missing,Before Validate,Avant Valider,frappe/core/doctype/server_script/server_script.json
frappe,P2,missing,Binary Logging,Journalisation binaire,frappe/desk/doctype/system_health_report/system_health_report.json
frappe,P2,missing,Blue,Bleu,frappe/core/doctype/doctype_state/doctype_state.json frappe/desk/doctype/kanban_board_column/kanban_board_column.json
frappe,P2,missing,Bot,Bot,frappe/core/doctype/comment/comment.json
frappe,P2,missing,Bottom Center,En bas au centre,frappe/desk/doctype/form_tour_step/form_tour_step.json frappe/printing/doctype/print_format/print_format.json frappe/public/js/print_format_builder/PrintFormatControls.vue:248
frappe,P2,missing,Bottom Right,En bas à droite,frappe/desk/doctype/form_tour_step/form_tour_step.json frappe/printing/doctype/print_format/print_format.json frappe/public/js/print_format_builder/PrintFormatControls.vue:249
frappe,P2,missing,Brand Logo with Search,Logo de marque avec recherche,frappe/desk/doctype/desktop_settings/desktop_settings.json
frappe,P2,missing,Bufferpool Size,Taille du pool de mémoire tampon,frappe/desk/doctype/system_health_report/system_health_report.json
frappe,P2,missing,Build,Construire,frappe/core/workspace/build/build.json
frappe,P2,missing,"Build your own reports, print formats, and dashboards. Create personalized workspaces for easier navigation","Créez vos propres rapports, formats d'impression et tableaux de bord. Créez des espaces de travail personnalisés pour une navigation plus facile",frappe/core/workspace/build/build.json
frappe,P2,missing,Bulk Actions,Actions groupées,frappe/core/doctype/user/user.json
frappe,P2,missing,Bulk Operation Failed,Échec de l'opération groupée,frappe/desk/reportview.py:640
frappe,P2,missing,Bulk Operation Successful,Opération groupée réussie,frappe/desk/reportview.py:644
frappe,P2,missing,Bulk Update,Mise à jour groupée,frappe/desk/doctype/bulk_update/bulk_update.json
frappe,P2,missing,Bulk operation is enqueued in background.,L’opération groupée est mise en file d’attente en arrière-plan.,frappe/desk/doctype/bulk_update/bulk_update.py:56
frappe,P2,missing,Bulk operations only support up to 500 documents.,Les opérations groupées ne prennent en charge que 500 documents maximum.,frappe/desk/doctype/bulk_update/bulk_update.py:68
frappe,P2,missing,Button Color,Couleur du bouton,frappe/core/doctype/docfield/docfield.json frappe/custom/doctype/custom_field/custom_field.json frappe/custom/doctype/customize_form_field/customize_form_field.json
frappe,P2,missing,"By ""Naming Series"" field","Par champ ""Série de dénomination""",frappe/core/doctype/doctype/doctype.json frappe/custom/doctype/customize_form/customize_form.json
frappe,P2,missing,By fieldname,Par nom de champ,frappe/core/doctype/doctype/doctype.json frappe/custom/doctype/customize_form/customize_form.json
frappe,P2,missing,By script,Par scénario,frappe/core/doctype/doctype/doctype.json frappe/custom/doctype/customize_form/customize_form.json
frappe,P2,missing,CC,CC,frappe/core/doctype/communication/communication.json frappe/email/doctype/notification_recipient/notification_recipient.json
frappe,P2,missing,CMD,CMD,frappe/core/doctype/recorder/recorder.json
frappe,P2,missing,CSS,CSS,frappe/desk/doctype/custom_html_block/custom_html_block.json frappe/printing/doctype/print_style/print_style.json frappe/website/doctype/web_page/web_page.json
frappe,P2,missing,CSS selector for the element you want to highlight.,Sélecteur CSS pour l'élément que vous souhaitez mettre en évidence.,frappe/desk/doctype/form_tour_step/form_tour_step.json
frappe,P2,missing,CSV,CSV,frappe/core/doctype/data_export/data_export.json frappe/email/doctype/auto_email_report/auto_email_report.json
frappe,P2,missing,Cache,Cache,frappe/desk/doctype/system_health_report/system_health_report.json
frappe,P2,missing,Can only change to/from Autoincrement naming rule when there is no data in the doctype,Ne peut passer à/depuis la règle de dénomination Auto-incrémentée que lorsqu'il n'y a aucune donnée dans le doctype,frappe/core/doctype/doctype/doctype.py:1178
frappe,P2,missing,Can only list down the document types which has been linked to the User document type.,Peut uniquement répertorier les types de documents qui ont été liés au type de document Utilisateur.,frappe/core/doctype/user_type/user_type.json
frappe,P2,missing,Can't follow since changes are not tracked.,Impossible de suivre car les modifications ne sont pas suivies.,frappe/desk/form/document_follow.py:48
frappe,P2,missing,Cancel Import,Annuler l'importation,frappe/core/doctype/data_import/data_import.js:180
frappe,P2,missing,Cancel Prepared Report,Annuler le rapport préparé,frappe/core/doctype/prepared_report/prepared_report.js:66
frappe,P2,missing,Cancelled,Annulé,frappe/core/doctype/comment/comment.json frappe/core/doctype/user_invitation/user_invitation.json frappe/desk/doctype/event/event.json frappe/desk/doctype/todo/todo.json frappe/desk/form/save.py:64 frappe/integrations/doctype/integration_request/integration_request.json frappe/public/js/frappe/model/indicator.js:78 frappe/public/js/frappe/ui/filters/filter.js:539
frappe,P2,missing,Cannot Download Report due to insufficient permissions,Impossible de télécharger le rapport en raison d'autorisations insuffisantes,frappe/core/doctype/prepared_report/prepared_report.py:290
frappe,P2,missing,Cannot access file path {0},Impossible d'accéder au chemin du fichier {0},frappe/core/doctype/file/file.py:653
frappe,P2,missing,Cannot change to/from autoincrement autoname in Customize Form,Impossible de passer du nom automatique à incrémentation automatique dans le formulaire de personnalisation,frappe/core/doctype/doctype/doctype.py:1168
frappe,P2,missing,Cannot create private workspace of other users,Impossible de créer un espace de travail privé d'autres utilisateurs,frappe/desk/doctype/workspace/workspace.py:303
frappe,P2,missing,Cannot edit Standard Dashboards,Impossible de modifier les tableaux de bord standard,frappe/desk/doctype/dashboard/dashboard.py:48
frappe,P2,missing,Cannot edit Standard charts,Impossible de modifier les graphiques standard,frappe/desk/doctype/dashboard_chart/dashboard_chart.py:388
frappe,P2,missing,Cannot edit filters for standard number cards,Impossible de modifier les filtres pour les cartes numériques standard,frappe/desk/doctype/number_card/number_card.js:289 frappe/desk/doctype/number_card/number_card.js:381
frappe,P2,missing,Cannot find file {} on disk,Impossible de trouver le fichier {} sur le disque,frappe/core/doctype/file/file.py:274
frappe,P2,missing,Cannot get file contents of a Folder,Impossible d'obtenir le contenu du fichier d'un dossier,frappe/core/doctype/file/file.py:593
frappe,P2,missing,Cannot set 'Report' permission if 'Only If Creator' permission is set,Impossible de définir l'autorisation « Signaler » si l'autorisation « Uniquement si le créateur » est définie,frappe/core/page/permission_manager/permission_manager.py:142
frappe,P2,missing,Cannot share {0} with submit permission as the doctype {1} is not submittable,"Impossible de partager {0} avec l'autorisation de soumission, car le type de document {1} ne peut pas être soumis.",frappe/core/doctype/docshare/docshare.py:67
frappe,P2,missing,Card Break,Pause carte,frappe/desk/doctype/workspace_link/workspace_link.json
frappe,P2,missing,"Certain documents, like an Invoice, should not be changed once final. The final state for such documents is called Submitted. You can restrict which roles can Submit.","Certains documents, comme une facture, ne doivent pas être modifiés une fois définitifs. L'état final de ces documents est appelé Soumis. Vous pouvez restreindre les rôles pouvant soumettre.",frappe/core/page/permission_manager/permission_manager_help.html:16
frappe,P2,missing,Changed at,Changé à,frappe/core/doctype/permission_log/permission_log.json
frappe,P2,missing,Changed by,Modifié par,frappe/core/doctype/permission_log/permission_log.json
frappe,P2,missing,Changelog Feed,Flux du journal des modifications,frappe/desk/doctype/changelog_feed/changelog_feed.json
frappe,P2,missing,Changing rounding method on site with data can result in unexpected behaviour.,Changer la méthode d'arrondi sur place avec les données peut entraîner un comportement inattendu.,frappe/core/doctype/system_settings/system_settings.js:67
frappe,P2,missing,Chart,Graphique,frappe/desk/doctype/dashboard_chart_link/dashboard_chart_link.json
frappe,P2,missing,Chat,Chat,frappe/core/doctype/communication/communication.json
frappe,P2,missing,"Check to display the full numeric value (e.g., 1,234,567 instead of 1.2M).","Cochez pour afficher la valeur numérique complète (par exemple, 1 234 567 au lieu de 1,2 M).",frappe/desk/doctype/number_card/number_card.json
frappe,P2,missing,Child Doctype,Type de document enfant,frappe/desk/doctype/form_tour_step/form_tour_step.json
frappe,P2,missing,Child Item,Article enfant,frappe/desk/doctype/workspace_sidebar_item/workspace_sidebar_item.json
frappe,P2,missing,Child Table {0} for field {1} must be virtual,La table enfant {0} pour le champ {1} doit être virtuelle,frappe/core/doctype/doctype/doctype.py:1661
frappe,P2,missing,Clear Logs After (days),Effacer les journaux après (jours),frappe/core/doctype/logs_to_clear/logs_to_clear.json
frappe,P2,missing,Click to Set Dynamic Filters,Cliquez pour définir des filtres dynamiques,frappe/desk/doctype/dashboard_chart/dashboard_chart.js:502 frappe/desk/doctype/number_card/number_card.js:419
frappe,P2,missing,Click to Set Filters,Cliquez pour définir les filtres,frappe/desk/doctype/dashboard_chart/dashboard_chart.js:372 frappe/desk/doctype/number_card/number_card.js:278 frappe/website/doctype/web_form/web_form.js:278
frappe,P2,missing,Close,Fermer,frappe/core/doctype/communication/communication.js:39 frappe/desk/doctype/todo/todo.js:23 frappe/public/js/frappe/form/form_tour.js:17 frappe/public/js/frappe/ui/messages.js:251 frappe/public/js/frappe/ui/notifications/notifications.js:56 frappe/website/js/bootstrap-4.js:24
frappe,P2,missing,Closed,Fermé,frappe/core/doctype/activity_log/activity_log.json frappe/core/doctype/communication/communication.json frappe/desk/doctype/event/event.json frappe/desk/doctype/todo/todo.json
frappe,P2,missing,Code,Code,frappe/core/doctype/docfield/docfield.json frappe/custom/doctype/custom_field/custom_field.json frappe/custom/doctype/customize_form_field/customize_form_field.json frappe/geo/doctype/country/country.json frappe/integrations/doctype/oauth_client/oauth_client.json
frappe,P2,missing,Code Editor Type,Type d'éditeur de code,frappe/core/doctype/user/user.json
frappe,P2,missing,Collapsible Depends On (JS),Pliable dépend de (JS),frappe/core/doctype/docfield/docfield.json
frappe,P2,missing,Column,Colonne,frappe/core/doctype/recorder_suggested_index/recorder_suggested_index.json frappe/printing/page/print_format_builder/print_format_builder_column_selector.html:7 frappe/public/js/form_builder/components/Section.vue:270 frappe/public/js/print_format_builder/ConfigureColumns.vue:8
frappe,P2,missing,Column 1,Colonne 1,frappe/core/doctype/report/boilerplate/controller.py:28
frappe,P2,missing,Column 2,Colonne 2,frappe/core/doctype/report/boilerplate/controller.py:33
frappe,P2,missing,Column {0},Colonne {0},frappe/core/doctype/data_import/data_import.js:406
frappe,P2,missing,Comment publicity can only be updated by the original author or a System Manager.,La publicité des commentaires ne peut être mise à jour que par l'auteur original ou un gestionnaire système.,frappe/desk/form/utils.py:73
frappe,P2,missing,Commercial Rounding,Arrondi commercial,frappe/core/doctype/system_settings/system_settings.json
frappe,P2,missing,Committed,Engagé,frappe/desk/doctype/console_log/console_log.json
frappe,P2,missing,Communication,Communication,frappe/core/doctype/communication/communication.json frappe/email/doctype/email_flag_queue/email_flag_queue.json frappe/email/doctype/email_queue/email_queue.json frappe/tests/test_translate.py:35 frappe/tests/test_translate.py:119
frappe,P2,missing,Communication Date,Date de communication,frappe/core/doctype/communication_link/communication_link.json
frappe,P2,missing,Communication Logs,Journaux de communications,frappe/core/workspace/build/build.json
frappe,P2,missing,Compare Versions,Comparer les versions,frappe/core/doctype/server_script/server_script.js:14 frappe/custom/doctype/client_script/client_script.js:56 frappe/public/js/frappe/utils/diffview.js:28
frappe,P2,missing,Compilation warning,Avertissement de compilation,frappe/core/doctype/server_script/server_script.py:166
frappe,P2,missing,Complete,Complet,frappe/core/doctype/scheduled_job_log/scheduled_job_log.json frappe/www/complete_signup.html:21
frappe,P2,missing,Completed,Complété,frappe/automation/doctype/auto_repeat/auto_repeat.json frappe/core/doctype/doctype/boilerplate/controller_list.html:31 frappe/core/doctype/prepared_report/prepared_report.json frappe/desk/doctype/event/event.json frappe/integrations/doctype/integration_request/integration_request.json frappe/utils/goal.py:129 frappe/workflow/doctype/workflow_action/workflow_action.json
frappe,P2,missing,Compressed,Comprimé,frappe/core/doctype/doctype/doctype.json
frappe,P2,missing,Condition,Condition,frappe/core/doctype/document_naming_rule_condition/document_naming_rule_condition.json frappe/core/doctype/navbar_item/navbar_item.json frappe/desk/doctype/bulk_update/bulk_update.json frappe/desk/doctype/dashboard_chart/dashboard_chart.js:305 frappe/desk/doctype/dashboard_chart/dashboard_chart.js:439 frappe/desk/doctype/number_card/number_card.js:208 frappe/desk/doctype/number_card/number_card.js:347 frappe/email/doctype/notification/notification.json frappe/email/doctype/notification_recipient/notification_recipient.json frappe/integrations/doctype/webhook/webhook.json frappe/website/doctype/web_form/web_form.js:213 frappe/workflow/doctype/workflow_transition/workflow_transition.json
frappe,P2,missing,Conditions,Conditions,frappe/core/doctype/document_naming_rule/document_naming_rule.json frappe/workflow/doctype/workflow_transition/workflow_transition.json
frappe,P2,missing,Configure Recorder,Configurer l'enregistreur,frappe/core/doctype/recorder/recorder_list.js:200
frappe,P2,missing,"Configure various aspects of how document naming works like naming series, current counter.","Configurez divers aspects du fonctionnement de la dénomination des documents, comme la dénomination des séries et le compteur actuel.",frappe/core/doctype/document_naming_settings/document_naming_settings.json
frappe,P2,missing,Connections,Relations,frappe/core/doctype/doctype/doctype.json frappe/core/doctype/module_def/module_def.json frappe/core/doctype/user/user.json frappe/public/js/frappe/form/dashboard.js:54
frappe,P2,missing,Console,Console,frappe/desk/doctype/system_console/system_console.json
frappe,P2,missing,Console Logs can not be deleted,Les journaux de la console ne peuvent pas être supprimés,frappe/desk/doctype/console_log/console_log.py:24
frappe,P2,missing,Constraints,Contraintes,frappe/core/doctype/docfield/docfield.json
frappe,P2,missing,Contact,Contact,frappe/contacts/doctype/contact/contact.json frappe/core/doctype/communication/communication.js:113
frappe,P2,missing,Content data shoud be a list,Les données de contenu doivent être une liste,frappe/desk/doctype/workspace/workspace.py:88
frappe,P2,missing,Copy token to clipboard,Copier le jeton dans le presse-papiers,frappe/core/doctype/user/user.js:494
frappe,P2,missing,Could not start up:,Impossible de démarrer :,frappe/desk/page/setup_wizard/setup_wizard.js:234
frappe,P2,missing,Create,Créer,frappe/core/doctype/communication/communication.js:117 frappe/core/doctype/custom_docperm/custom_docperm.json frappe/core/doctype/docperm/docperm.json frappe/core/doctype/user_document_type/user_document_type.json frappe/desk/doctype/dashboard_chart_source/dashboard_chart_source.js:15 frappe/desk/doctype/desktop_icon/desktop_icon.js:28 frappe/printing/page/print_format_builder_beta/print_format_builder_beta.js:46 frappe/public/js/frappe/form/reminders.js:49 frappe/public/js/frappe/list/list_filter.js:103 frappe/public/js/frappe/views/file/file_view.js:112 frappe/public/js/frappe/views/interaction.js:18 frappe/public/js/frappe/views/reports/query_report.js:1295 frappe/public/js/frappe/views/workspace/workspace.js:483 frappe/workflow/page/workflow_builder/workflow_builder.js:46
frappe,P2,missing,Create & Continue,Créer et continuer,frappe/core/doctype/doctype/doctype_list.js:103
frappe,P2,missing,Create New DocType,Créer un nouveau type de document,frappe/core/doctype/doctype/doctype_list.js:101
frappe,P2,missing,Created At,Créé à,frappe/core/doctype/submission_queue/submission_queue.json
frappe,P2,missing,Created On,Créé le,frappe/desk/doctype/dashboard_chart/dashboard_chart.js:241 frappe/email/doctype/notification/notification.js:31 frappe/model/meta.py:53 frappe/public/js/frappe/model/meta.js:209 frappe/public/js/frappe/model/model.js:125 frappe/public/js/frappe/views/dashboard/dashboard_view.js:479
frappe,P2,missing,Creation of this document is only permitted in developer mode.,La création de ce document n'est autorisée qu'en mode développeur.,frappe/core/doctype/permission_type/permission_type.py:66 frappe/desk/doctype/dashboard_chart_source/dashboard_chart_source.py:41
frappe,P2,missing,Cron,Cron,frappe/core/doctype/scheduled_job_type/scheduled_job_type.json frappe/core/doctype/server_script/server_script.json
frappe,P2,missing,Currency,Devise,frappe/core/doctype/docfield/docfield.json frappe/core/doctype/report_column/report_column.json frappe/core/doctype/report_filter/report_filter.json frappe/core/doctype/system_settings/system_settings.json frappe/custom/doctype/custom_field/custom_field.json frappe/custom/doctype/customize_form_field/customize_form_field.json frappe/desk/doctype/dashboard_chart/dashboard_chart.json frappe/desk/doctype/number_card/number_card.json frappe/desk/page/setup_wizard/setup_wizard.js:414 frappe/geo/doctype/currency/currency.json frappe/website/doctype/web_form_field/web_form_field.json
frappe,P2,missing,Current Job ID,ID de travail actuel,frappe/core/doctype/rq_worker/rq_worker.json
frappe,P2,missing,Custom Block Name,Nom du bloc personnalisé,frappe/desk/doctype/workspace_custom_block/workspace_custom_block.json
frappe,P2,missing,Custom Blocks,Blocs personnalisés,frappe/desk/doctype/workspace/workspace.json
frappe,P2,missing,Custom Delimiters,Délimiteurs personnalisés,frappe/core/doctype/data_import/data_import.json
frappe,P2,missing,Custom Document Types (Select Permission),Types de documents personnalisés (sélectionner l'autorisation),frappe/core/doctype/user_type/user_type.json
frappe,P2,missing,Custom Document Types Limit Exceeded,Limite des types de documents personnalisés dépassée,frappe/core/doctype/user_type/user_type.py:105
frappe,P2,missing,Custom HTML Block,Bloc HTML personnalisé,frappe/desk/doctype/custom_html_block/custom_html_block.json
frappe,P2,missing,Custom Translation,Traduction personnalisée,frappe/core/workspace/build/build.json
frappe,P2,missing,"Customize properties, naming, fields and more for standard doctypes","Personnalisez les propriétés, les noms, les champs et bien plus encore pour les doctypes standard",frappe/core/workspace/build/build.json
frappe,P2,missing,Cyan,Cyan,frappe/core/doctype/doctype_state/doctype_state.json frappe/desk/doctype/kanban_board_column/kanban_board_column.json
frappe,P2,missing,DELETE,SUPPRIMER,frappe/core/doctype/recorder/recorder.json frappe/integrations/doctype/webhook/webhook.json
frappe,P2,missing,DESC,DESC,frappe/core/doctype/doctype/doctype.json frappe/custom/doctype/customize_form/customize_form.json
frappe,P2,missing,Daily,Tous les jours,frappe/automation/doctype/auto_repeat/auto_repeat.json frappe/core/doctype/scheduled_job_type/scheduled_job_type.json frappe/core/doctype/server_script/server_script.json frappe/core/doctype/user/user.json frappe/desk/doctype/dashboard_chart/dashboard_chart.json frappe/desk/doctype/event/event.json frappe/desk/doctype/number_card/number_card.json frappe/email/doctype/auto_email_report/auto_email_report.json frappe/public/js/frappe/utils/common.js:407 frappe/website/report/website_analytics/website_analytics.js:23
frappe,P2,missing,Daily Long,Longue journée,frappe/core/doctype/scheduled_job_type/scheduled_job_type.json frappe/core/doctype/server_script/server_script.json
frappe,P2,missing,Daily Maintenance,Entretien quotidien,frappe/core/doctype/scheduled_job_type/scheduled_job_type.json
frappe,P2,missing,Danger,Danger,frappe/core/doctype/docfield/docfield.json frappe/custom/doctype/custom_field/custom_field.json frappe/custom/doctype/customize_form_field/customize_form_field.json frappe/workflow/doctype/workflow_state/workflow_state.json
frappe,P2,missing,Dark,Sombre,frappe/core/doctype/user/user.json
frappe,P2,missing,Dashboard,Tableau de bord,frappe/core/doctype/user/user.json frappe/core/page/dashboard_view/dashboard_view.js:10 frappe/core/workspace/build/build.json frappe/desk/doctype/dashboard/dashboard.json frappe/desk/doctype/form_tour/form_tour.json frappe/desk/doctype/workspace_shortcut/workspace_shortcut.json frappe/desk/doctype/workspace_sidebar_item/workspace_sidebar_item.json frappe/public/js/frappe/ui/toolbar/search_utils.js:606 frappe/public/js/frappe/utils/utils.js:976
frappe,P2,missing,Data Import Log,Journal d'importation de données,frappe/core/doctype/data_import_log/data_import_log.json
frappe,P2,missing,Data Import is not allowed for {0}. Enable 'Allow Import' in DocType settings.,L'importation de données n'est pas autorisée pour {0}. Activez « Autoriser l'importation » dans les paramètres DocType.,frappe/core/doctype/data_import/data_import.py:76
frappe,P2,missing,Database,Base de données,frappe/desk/doctype/system_health_report/system_health_report.json
frappe,P2,missing,Database Processes,Processus de base de données,frappe/desk/doctype/system_console/system_console.json
frappe,P2,missing,Database Storage Usage By Tables,Utilisation du stockage de base de données par tables,frappe/core/report/database_storage_usage_by_tables/database_storage_usage_by_tables.json
frappe,P2,missing,Database Version,Version de la base de données,frappe/desk/doctype/system_health_report/system_health_report.json
frappe,P2,missing,Date,Date,frappe/core/doctype/activity_log/activity_log.json frappe/core/doctype/communication/communication.json frappe/core/doctype/docfield/docfield.json frappe/core/doctype/report_column/report_column.json frappe/core/doctype/report_filter/report_filter.json frappe/custom/doctype/custom_field/custom_field.json frappe/custom/doctype/customize_form_field/customize_form_field.json frappe/desk/report/todo/todo.py:38 frappe/public/js/frappe/views/interaction.js:80 frappe/website/doctype/web_form_field/web_form_field.json
frappe,P2,missing,Date Range,Plage de dates,frappe/core/doctype/audit_trail/audit_trail.json frappe/public/js/frappe/widgets/chart_widget.js:237
frappe,P2,missing,Debug Log,Journal de débogage,frappe/core/doctype/scheduled_job_log/scheduled_job_log.json
frappe,P2,missing,Default,Défaut,frappe/core/doctype/docfield/docfield.json frappe/core/doctype/report_filter/report_filter.json frappe/custom/doctype/custom_field/custom_field.json frappe/custom/doctype/customize_form_field/customize_form_field.json frappe/printing/doctype/print_settings/print_settings.json frappe/templates/form_grid/fields.html:30 frappe/website/doctype/web_form_field/web_form_field.json frappe/website/doctype/web_template_field/web_template_field.json
frappe,P2,missing,Default App,Application par défaut,frappe/core/doctype/system_settings/system_settings.json frappe/core/doctype/user/user.json
frappe,P2,missing,Default Email Template,Modèle d'e-mail par défaut,frappe/core/doctype/doctype/doctype.json frappe/custom/doctype/customize_form/customize_form.json
frappe,P2,missing,Default View,Vue par défaut,frappe/core/doctype/doctype/doctype.json frappe/custom/doctype/customize_form/customize_form.json
frappe,P2,missing,Default Workspace,Espace de travail par défaut,frappe/core/doctype/user/user.json
frappe,P2,missing,Defines how long exported reports sent via email are kept in the system. Older files will be automatically deleted.,Définit la durée pendant laquelle les rapports exportés envoyés par courrier électronique sont conservés dans le système. Les fichiers plus anciens seront automatiquement supprimés.,frappe/core/doctype/system_settings/system_settings.json
frappe,P2,missing,Delayed,Retardé,frappe/core/doctype/communication/communication.json
frappe,P2,missing,Delete,Supprimer,frappe/core/doctype/custom_docperm/custom_docperm.json frappe/core/doctype/docperm/docperm.json frappe/core/doctype/user_document_type/user_document_type.json frappe/core/doctype/user_permission/user_permission_list.js:189 frappe/public/js/frappe/form/footer/form_timeline.js:627 frappe/public/js/frappe/form/grid.js:66 frappe/public/js/frappe/form/grid_row_form.js:44 frappe/public/js/frappe/form/toolbar.js:497 frappe/public/js/frappe/views/reports/report_view.js:1753 frappe/public/js/frappe/views/treeview.js:329 frappe/public/js/frappe/web_form/web_form_list.js:283 frappe/templates/discussions/reply_card.html:35 frappe/templates/discussions/reply_section.html:29
frappe,P2,missing,Delete Background Exported Reports After (Hours),Supprimer les rapports exportés en arrière-plan après (heures),frappe/core/doctype/system_settings/system_settings.json
frappe,P2,missing,Deleted all documents successfully,Supprimé tous les documents avec succès,frappe/desk/reportview.py:644
frappe,P2,missing,Deletion of this document is only permitted in developer mode.,La suppression de ce document n'est autorisée qu'en mode développeur.,frappe/core/doctype/page/page.py:110 frappe/core/doctype/permission_type/permission_type.py:104 frappe/desk/doctype/dashboard_chart_source/dashboard_chart_source.py:47
frappe,P2,missing,Delimiter Options,Options de délimiteur,frappe/core/doctype/data_import/data_import.json
frappe,P2,missing,Delivery Status,Statut de livraison,frappe/core/doctype/communication/communication.json
frappe,P2,missing,Dependencies,Dépendances,frappe/desk/doctype/workspace_link/workspace_link.json frappe/public/js/frappe/widgets/widget_dialog.js:323 frappe/www/attribution.html:29
frappe,P2,untranslated_copy,Description,Description,frappe/automation/doctype/assignment_rule/assignment_rule.json frappe/automation/doctype/reminder/reminder.json frappe/core/doctype/docfield/docfield.json frappe/core/doctype/doctype/doctype.json frappe/custom/doctype/customize_form_field/customize_form_field.json frappe/desk/doctype/event/event.json frappe/desk/doctype/form_tour_step/form_tour_step.json frappe/desk/doctype/onboarding_step/onboarding_step.json frappe/desk/doctype/tag/tag.json frappe/desk/doctype/todo/todo.json frappe/desk/doctype/workspace_link/workspace_link.json frappe/desk/report/todo/todo.py:39 frappe/printing/doctype/print_heading/print_heading.json frappe/public/js/frappe/form/reminders.js:44 frappe/public/js/frappe/widgets/widget_dialog.js:256 frappe/website/doctype/utm_medium/utm_medium.json frappe/website/doctype/utm_source/utm_source.json frappe/website/doctype/web_form_field/web_form_field.json frappe/website/doctype/web_page/web_page.json frappe/website/doctype/website_slideshow_item/website_slideshow_item.json frappe/www/attribution.html:24
frappe,P2,missing,Description to inform the user about any action that is going to be performed,Description pour informer l'utilisateur de toute action qui va être effectuée,frappe/desk/doctype/onboarding_step/onboarding_step.json
frappe,P2,missing,Desk Settings,Paramètres du bureau,frappe/core/doctype/user/user.json
frappe,P2,missing,Desk Theme,Thème de bureau,frappe/core/doctype/user/user.json
frappe,P2,missing,Desk User,Utilisateur du bureau,frappe/automation/doctype/reminder/reminder.json frappe/core/doctype/report/report.json frappe/core/doctype/submission_queue/submission_queue.json frappe/core/doctype/user/user.json frappe/core/doctype/user_group/user_group.json frappe/custom/doctype/doctype_layout/doctype_layout.json frappe/desk/doctype/calendar_view/calendar_view.json frappe/desk/doctype/custom_html_block/custom_html_block.json frappe/desk/doctype/dashboard/dashboard.json frappe/desk/doctype/dashboard_chart/dashboard_chart.json frappe/desk/doctype/dashboard_settings/dashboard_settings.json frappe/desk/doctype/event/event.json frappe/desk/doctype/form_tour/form_tour.json frappe/desk/doctype/kanban_board/kanban_board.json frappe/desk/doctype/list_filter/list_filter.json frappe/desk/doctype/module_onboarding/module_onboarding.json frappe/desk/doctype/note/note.json frappe/desk/doctype/number_card/number_card.json frappe/desk/doctype/onboarding_step/onboarding_step.json frappe/desk/doctype/workspace/workspace.json frappe/email/doctype/document_follow/document_follow.json frappe/email/doctype/email_template/email_template.json frappe/integrations/doctype/google_calendar/google_calendar.json frappe/integrations/doctype/google_contacts/google_contacts.json frappe/printing/doctype/letter_head/letter_head.json frappe/printing/doctype/network_printer_settings/network_printer_settings.json frappe/printing/doctype/print_format/print_format.json frappe/printing/doctype/print_heading/print_heading.json frappe/website/doctype/utm_campaign/utm_campaign.json frappe/website/doctype/utm_medium/utm_medium.json frappe/website/doctype/utm_source/utm_source.json frappe/workflow/doctype/workflow_action/workflow_action.json frappe/workflow/doctype/workflow_state/workflow_state.json
frappe,P2,missing,Desktop Settings,Paramètres du bureau,frappe/desk/doctype/desktop_settings/desktop_settings.json
frappe,P2,missing,Detect CSV type,Détecter le type CSV,frappe/core/doctype/data_import/data_import.json
frappe,P2,missing,Disable Change Log Notification,Désactiver la notification du journal des modifications,frappe/core/doctype/system_settings/system_settings.json
frappe,P2,missing,Disable Comment Count,Désactiver le nombre de commentaires,frappe/desk/doctype/list_view_settings/list_view_settings.json
frappe,P2,missing,Disable Document Sharing,Désactiver le partage de documents,frappe/core/doctype/system_settings/system_settings.json
frappe,P2,missing,Disable Product Suggestion,Désactiver la suggestion de produit,frappe/core/doctype/system_settings/system_settings.json
frappe,P2,missing,Disable Scrolling,Désactiver le défilement,frappe/desk/doctype/list_view_settings/list_view_settings.json
frappe,P2,missing,Disable System Update Notification,Désactiver la notification de mise à jour du système,frappe/core/doctype/system_settings/system_settings.json
frappe,P2,missing,Disable Username/Password Login,Désactiver la connexion par nom d'utilisateur/mot de passe,frappe/core/doctype/system_settings/system_settings.json
frappe,P2,missing,Disabled,Désactivé,frappe/automation/doctype/assignment_rule/assignment_rule.json frappe/automation/doctype/auto_repeat/auto_repeat.json frappe/automation/doctype/milestone_tracker/milestone_tracker.json frappe/contacts/doctype/address/address.json frappe/core/doctype/document_naming_rule/document_naming_rule.json frappe/core/doctype/report/report.json frappe/core/doctype/role/role.json frappe/core/doctype/server_script/server_script.json frappe/core/doctype/user/user_list.js:14 frappe/printing/doctype/letter_head/letter_head.json frappe/printing/doctype/print_format/print_format.json frappe/printing/doctype/print_style/print_style.json frappe/public/js/frappe/form/templates/address_list.html:35 frappe/public/js/frappe/model/indicator.js:112 frappe/public/js/frappe/model/indicator.js:119 frappe/website/doctype/about_us_settings/about_us_settings.json frappe/website/doctype/contact_us_settings/contact_us_settings.json
frappe,P2,missing,Discarded,Écarté,frappe/desk/form/save.py:75
frappe,P2,missing,Disclaimer: These indexes are suggested based on data and queries performed during this recording. These suggestions may or may not help.,Avertissement : ces index sont suggérés sur la base des données et des requêtes effectuées lors de cet enregistrement. Ces suggestions peuvent ou non aider.,frappe/core/doctype/recorder/recorder.json
frappe,P2,missing,Display Depends On (JS),L'affichage dépend de (JS),frappe/core/doctype/docfield/docfield.json frappe/desk/doctype/workspace_sidebar_item/workspace_sidebar_item.json
frappe,P2,missing,Do you still want to proceed?,Voulez-vous quand même continuer ?,frappe/core/doctype/system_settings/system_settings.js:71
frappe,P2,missing,DocField,DocField,frappe/core/doctype/docfield/docfield.json frappe/custom/doctype/property_setter/property_setter.json
frappe,P2,missing,DocPerm,DocPerm,frappe/core/doctype/docperm/docperm.json
frappe,P2,missing,DocShare,Partage de documents,frappe/core/doctype/docshare/docshare.json
frappe,P2,missing,DocType,Type de document,frappe/core/doctype/amended_document_naming_settings/amended_document_naming_settings.json frappe/core/doctype/audit_trail/audit_trail.json frappe/core/doctype/data_export/exporter.py:26 frappe/core/doctype/doctype/doctype.json frappe/core/doctype/module_def/module_def.json frappe/core/doctype/permission_inspector/permission_inspector.json frappe/core/doctype/version/version.json frappe/core/report/permitted_documents_for_user/permitted_documents_for_user.js:15 frappe/core/report/user_doctype_permissions/user_doctype_permissions.py:38 frappe/core/workspace/build/build.json frappe/custom/doctype/client_script/client_script.json frappe/custom/doctype/custom_field/custom_field.json frappe/custom/doctype/property_setter/property_setter.json frappe/desk/doctype/desktop_icon/desktop_icon.json frappe/desk/doctype/workspace/workspace.json frappe/desk/doctype/workspace_link/workspace_link.json frappe/desk/doctype/workspace_quick_list/workspace_quick_list.json frappe/desk/doctype/workspace_shortcut/workspace_shortcut.json frappe/desk/doctype/workspace_sidebar_item/workspace_sidebar_item.json frappe/integrations/doctype/webhook/webhook.json frappe/printing/doctype/print_format/print_format.json frappe/public/js/frappe/widgets/widget_dialog.js:164 frappe/website/doctype/website_slideshow/website_slideshow.js:18
frappe,P2,missing,DocType State,État du type de document,frappe/core/doctype/doctype_state/doctype_state.json frappe/custom/doctype/property_setter/property_setter.json
frappe,P2,missing,DocType is a Table / Form in the application.,DocType est un tableau/formulaire dans l'application.,frappe/core/doctype/doctype/doctype.json
frappe,P2,missing,DocType not supported by Log Settings.,DocType n'est pas pris en charge par les paramètres du journal.,frappe/core/doctype/log_settings/log_settings.py:57
frappe,P2,missing,"DocTypes cannot be modified, please use {0} instead","Les DocTypes ne peuvent pas être modifiés, veuillez utiliser {0} à la place",frappe/core/doctype/doctype/doctype.js:67
frappe,P2,missing,Doctype name is limited to {0} characters ({1}),Le nom du type de document est limité à {0} caractères ({1}),frappe/core/doctype/doctype/doctype.py:1037
frappe,P2,missing,Document,Document,frappe/automation/doctype/milestone/milestone.json frappe/core/doctype/audit_trail/audit_trail.json frappe/core/doctype/doctype/doctype.json frappe/core/doctype/permission_inspector/permission_inspector.json frappe/desk/doctype/notification_subscribed_document/notification_subscribed_document.json frappe/public/js/frappe/views/render_preview.js:42
frappe,P2,missing,Document Links Row #{0}: Could not find field {1} in {2} DocType,Ligne de liens vers le document n° {0} : Impossible de trouver le champ {1} dans {2} DocType,frappe/core/doctype/doctype/doctype.py:1226
frappe,P2,missing,Document Links Row #{0}: Invalid doctype or fieldname.,Ligne de liens de document n° {0} : type de document ou nom de champ non valide.,frappe/core/doctype/doctype/doctype.py:1246
frappe,P2,missing,Document Links Row #{0}: Parent DocType is mandatory for internal links,Ligne de liens de document n° {0} : le DocType parent est obligatoire pour les liens internes,frappe/core/doctype/doctype/doctype.py:1209
frappe,P2,missing,Document Links Row #{0}: Table Fieldname is mandatory for internal links,Ligne des liens du document #{0} : Le nom du champ de la table est obligatoire pour les liens internes,frappe/core/doctype/doctype/doctype.py:1215
frappe,P2,missing,Document Name,Nom du document,frappe/automation/doctype/reminder/reminder.json frappe/core/doctype/docshare/docshare.json frappe/core/doctype/user_permission/user_permission_list.js:36 frappe/core/doctype/version/version.json frappe/desk/doctype/tag_link/tag_link.json frappe/email/doctype/document_follow/document_follow.json frappe/public/js/frappe/form/form_tour.js:62
frappe,P2,missing,Document Share Key,Clé de partage de documents,frappe/core/doctype/document_share_key/document_share_key.json
frappe,P2,missing,Document Share Key Expiry (in Days),Expiration de la clé de partage de document (en jours),frappe/core/doctype/system_settings/system_settings.json
frappe,P2,missing,Document Type,Type de document,frappe/automation/doctype/assignment_rule/assignment_rule.json frappe/automation/doctype/milestone/milestone.json frappe/automation/doctype/reminder/reminder.json frappe/core/doctype/data_import/data_import.json frappe/core/doctype/docshare/docshare.json frappe/core/doctype/document_naming_rule/document_naming_rule.json frappe/core/doctype/session_default/session_default.json frappe/core/doctype/user_document_type/user_document_type.json frappe/core/doctype/user_permission/user_permission_list.js:26 frappe/core/doctype/user_select_document_type/user_select_document_type.json frappe/core/page/permission_manager/permission_manager.js:49 frappe/core/page/permission_manager/permission_manager.js:218 frappe/core/page/permission_manager/permission_manager.js:499 frappe/custom/doctype/doctype_layout/doctype_layout.json frappe/desk/doctype/bulk_update/bulk_update.json frappe/desk/doctype/dashboard_chart/dashboard_chart.json frappe/desk/doctype/global_search_doctype/global_search_doctype.json frappe/desk/doctype/notification_log/notification_log.json frappe/desk/doctype/number_card/number_card.json frappe/desk/doctype/tag_link/tag_link.json frappe/email/doctype/notification/notification.json frappe/printing/doctype/print_format_field_template/print_format_field_template.json frappe/public/js/frappe/roles_editor.js:68 frappe/website/doctype/personal_data_deletion_step/personal_data_deletion_step.json frappe/workflow/doctype/workflow/workflow.json
frappe,P2,missing,Document Type and Function are required to create a number card,Le type et la fonction du document sont requis pour créer une carte numérique,frappe/desk/doctype/number_card/number_card.py:60
frappe,P2,missing,Document Types (Select Permissions Only),Types de documents (certaines autorisations uniquement),frappe/core/doctype/user_type/user_type.json
frappe,P2,missing,Document Types and Permissions,Types de documents et autorisations,frappe/core/doctype/user_type/user_type.json
frappe,P2,missing,Document Unlocked,Document déverrouillé,frappe/core/doctype/submission_queue/submission_queue.py:163 frappe/model/document.py:2012
frappe,P2,missing,Document follow is not enabled for this user.,Le suivi des documents n'est pas activé pour cet utilisateur.,frappe/desk/form/document_follow.py:56
frappe,P2,missing,Document not Relinked,Document non réassocié,frappe/core/doctype/communication/communication.js:182
frappe,P2,missing,Domain Settings,Paramètres de domaine,frappe/core/doctype/domain_settings/domain_settings.json
frappe,P2,missing,"Don't encode HTML tags like &lt;script&gt; or just characters like &lt; or &gt;, as they could be intentionally used in this field","N'encodez pas les balises HTML telles que &lt;script&gt; ou simplement des caractères comme &lt; ou &gt;, car ils pourraient être intentionnellement utilisés dans ce domaine",frappe/core/doctype/docfield/docfield.json frappe/custom/doctype/customize_form_field/customize_form_field.json
frappe,P2,missing,Donut,Donut,frappe/desk/doctype/dashboard_chart/dashboard_chart.json
frappe,P2,missing,Download,Télécharger,frappe/core/doctype/file/file.js:15 frappe/core/doctype/user/user.js:481 frappe/email/doctype/auto_email_report/auto_email_report.js:8 frappe/public/js/frappe/form/grid.js:66
frappe,P2,missing,Download Backups,Télécharger des sauvegardes,frappe/desk/page/backups/backups.js:4
frappe,P2,missing,Download Template,Télécharger le modèle,frappe/core/doctype/data_import/data_import.json
frappe,P2,missing,Download as CSV,Télécharger au format CSV,frappe/core/doctype/prepared_report/prepared_report.js:49
frappe,P2,missing,Dr,Docteur,frappe/desk/page/setup_wizard/install_fixtures.py:46
frappe,P2,missing,Due Date,Date d'échéance,frappe/desk/doctype/todo/todo.json
frappe,P2,missing,Duration,Durée,frappe/core/doctype/docfield/docfield.json frappe/core/doctype/recorder/recorder.json frappe/core/doctype/recorder_query/recorder_query.json frappe/core/doctype/report_column/report_column.json frappe/custom/doctype/custom_field/custom_field.json frappe/custom/doctype/customize_form_field/customize_form_field.json frappe/website/doctype/web_form_field/web_form_field.json
frappe,P2,missing,Dynamic,Dynamique,frappe/core/doctype/doctype/doctype.json
frappe,P2,missing,Edit,Modifier,frappe/core/doctype/comment/comment.json frappe/core/page/dashboard_view/dashboard_view.js:169 frappe/printing/page/print_format_builder/print_format_builder_start.html:8 frappe/printing/page/print_format_builder_beta/print_format_builder_beta.js:46 frappe/printing/page/print_format_builder_beta/print_format_builder_beta.js:85 frappe/public/js/frappe/form/controls/markdown_editor.js:31 frappe/public/js/frappe/form/footer/form_timeline.js:670 frappe/public/js/frappe/form/footer/form_timeline.js:678 frappe/public/js/frappe/form/templates/address_list.html:13 frappe/public/js/frappe/form/templates/contact_list.html:13 frappe/public/js/frappe/form/toolbar.js:781 frappe/public/js/frappe/views/reports/query_report.js:891 frappe/public/js/frappe/views/reports/query_report.js:1813 frappe/public/js/frappe/widgets/base_widget.js:64 frappe/public/js/frappe/widgets/chart_widget.js:299 frappe/public/js/frappe/widgets/number_card_widget.js:359 frappe/templates/discussions/reply_card.html:29 frappe/templates/discussions/reply_section.html:29 frappe/workflow/page/workflow_builder/workflow_builder.js:46 frappe/workflow/page/workflow_builder/workflow_builder.js:84
frappe,P2,missing,Edit mode,Mode édition,frappe/desk/doctype/note/note.js:11
frappe,P2,missing,Element Selector,Sélecteur d'éléments,frappe/desk/doctype/form_tour_step/form_tour_step.json
frappe,P2,missing,Email Header,En-tête de l'e-mail,frappe/desk/doctype/notification_log/notification_log.json
frappe,P2,missing,Email ID,Identifiant de courrier électronique,frappe/contacts/doctype/contact/contact.py:131 frappe/contacts/doctype/contact_email/contact_email.json frappe/core/doctype/user_email/user_email.json frappe/email/doctype/email_rule/email_rule.json
frappe,P2,missing,Email Retry Limit,Limite de tentatives d'envoi d'e-mails,frappe/core/doctype/system_settings/system_settings.json
frappe,P2,missing,Email Sent At,E-mail envoyé à,frappe/core/doctype/user_invitation/user_invitation.json
frappe,P2,missing,Email Threads on Assigned Document,Discussions par courrier électronique sur le document attribué,frappe/desk/doctype/notification_settings/notification_settings.json
frappe,P2,missing,Email is mandatory to create User Email,L'e-mail est obligatoire pour créer l'e-mail de l'utilisateur,frappe/core/doctype/user/user.js:273
frappe,P2,missing,Emails,E-mails,frappe/desk/doctype/system_health_report/system_health_report.json
frappe,P2,missing,Enable Prepared Report,Activer le rapport préparé,frappe/core/doctype/role_permission_for_page_and_report/role_permission_for_page_and_report.json
frappe,P2,missing,Enable Rate Limit,Activer la limite de débit,frappe/core/doctype/server_script/server_script.json
frappe,P2,missing,Enable Scheduler,Activer le planificateur,frappe/core/doctype/rq_job/rq_job_list.js:32
frappe,P2,missing,"Enable if on click
opens modal.","Activer si on clique
ouvre modal.",frappe/desk/doctype/form_tour_step/form_tour_step.json
frappe,P2,missing,Enabled Scheduler,Planificateur activé,frappe/core/doctype/rq_job/rq_job_list.js:38
frappe,P2,missing,Enables Calendar and Gantt views.,Active les vues Calendrier et Gantt.,frappe/core/doctype/doctype/doctype.json frappe/custom/doctype/customize_form/customize_form.json
frappe,P2,missing,Enabling this will submit documents in background,L'activation de cette option soumettra les documents en arrière-plan,frappe/core/doctype/doctype/doctype.json frappe/custom/doctype/customize_form/customize_form.json
frappe,P2,missing,Encrypt Backups,Chiffrer les sauvegardes,frappe/core/doctype/system_settings/system_settings.json
frappe,P2,missing,End,Fin,frappe/core/report/prepared_report_analytics/prepared_report_analytics.py:51
frappe,P2,missing,End Date,Date de fin,frappe/automation/doctype/auto_repeat/auto_repeat.json frappe/automation/doctype/auto_repeat/auto_repeat.py:150 frappe/core/doctype/audit_trail/audit_trail.json frappe/public/js/frappe/utils/common.js:425 frappe/website/doctype/web_page/web_page.json
frappe,P2,missing,Ended At,Terminé à,frappe/core/doctype/rq_job/rq_job.json frappe/core/doctype/submission_queue/submission_queue.json
frappe,P2,missing,Energy Point,Point d'énergie,frappe/desk/doctype/notification_log/notification_log.json
frappe,P2,missing,Enqueued By,Mis en file d'attente par,frappe/core/doctype/submission_queue/submission_queue.json
frappe,P2,missing,Enqueued creation of indexes,Création d'index en file d'attente,frappe/core/doctype/recorder/recorder.py:125
frappe,P2,missing,Error,Erreur,frappe/core/api/user_invitation.py:73 frappe/core/api/user_invitation.py:78 frappe/core/api/user_invitation.py:84 frappe/core/api/user_invitation.py:115 frappe/core/doctype/communication/communication.json frappe/core/doctype/data_import/data_import.json frappe/core/doctype/error_log/error_log.json frappe/core/doctype/prepared_report/prepared_report.json frappe/core/doctype/user_invitation/user_invitation.py:95 frappe/core/doctype/user_invitation/user_invitation.py:99 frappe/core/doctype/user_invitation/user_invitation.py:102 frappe/core/doctype/user_invitation/user_invitation.py:125 frappe/core/doctype/user_invitation/user_invitation.py:127 frappe/desk/page/backups/backups.js:37 frappe/email/doctype/email_queue/email_queue.json frappe/email/doctype/email_queue_recipient/email_queue_recipient.json frappe/integrations/doctype/integration_request/integration_request.json frappe/integrations/doctype/webhook_request_log/webhook_request_log.json frappe/public/js/frappe/ui/messages.js:22
frappe,P2,missing,Error Logs,Journaux d'erreurs,frappe/core/workspace/build/build.json
frappe,P2,missing,Error Message,Message d'erreur,frappe/core/doctype/prepared_report/prepared_report.json
frappe,P2,missing,"Error validating ""Ignore User Permissions""",Erreur lors de la validation de « Ignorer les autorisations utilisateur »,frappe/desk/search.py:248
frappe,P2,missing,Errors,Erreurs,frappe/desk/doctype/system_health_report/system_health_report.json
frappe,P2,missing,Event Frequency,Fréquence des événements,frappe/core/doctype/server_script/server_script.json
frappe,P2,missing,Event Reminders,Rappels d'événements,frappe/desk/doctype/notification_settings/notification_settings.json
frappe,P2,missing,Exact Copies,Copies exactes,frappe/core/doctype/recorder_query/recorder_query.json
frappe,P2,missing,Example: Setting this to 24:00 will log out a user if they are not active for 24:00 hours.,Exemple : définir cette valeur sur 24h00 déconnectera un utilisateur s'il n'est pas actif pendant 24h00.,frappe/core/doctype/system_settings/system_settings.json
frappe,P2,missing,Excel,Exceller,frappe/core/doctype/data_export/data_export.json
frappe,P2,missing,Exception,Exception,frappe/core/doctype/data_import_log/data_import_log.json frappe/core/doctype/rq_job/rq_job.json frappe/core/doctype/submission_queue/submission_queue.json
frappe,P2,missing,Executing...,Exécution...,frappe/desk/doctype/system_console/system_console.js:18
frappe,P2,missing,Existing Role,Rôle existant,frappe/core/doctype/role_replication/role_replication.json
frappe,P2,missing,Expired,Expiré,frappe/core/doctype/communication/communication.json frappe/core/doctype/user_invitation/user_invitation.json
frappe,P2,missing,Expires On,Expire le,frappe/core/doctype/document_share_key/document_share_key.json
frappe,P2,missing,Export Errored Rows,Exporter les lignes erronées,frappe/core/doctype/data_import/data_import.js:87 frappe/public/js/frappe/data_import/import_preview.js:199
frappe,P2,missing,Export Import Log,Journal d'importation d'exportation,frappe/core/doctype/data_import/data_import.js:544
frappe,P2,missing,Export the data without any header notes and column descriptions,Exportez les données sans notes d'en-tête ni descriptions de colonnes,frappe/core/doctype/data_export/data_export.json
frappe,P2,missing,Export without main header,Exporter sans en-tête principal,frappe/core/doctype/data_export/data_export.json
frappe,P2,missing,Expression,Expression,frappe/core/doctype/doctype/doctype.json frappe/custom/doctype/customize_form/customize_form.json
frappe,P2,missing,Expression (old style),Expression (style ancien),frappe/core/doctype/doctype/doctype.json frappe/custom/doctype/customize_form/customize_form.json
frappe,P2,missing,External,Externe,frappe/desk/doctype/desktop_icon/desktop_icon.json
frappe,P2,missing,External Link,Lien externe,frappe/desk/doctype/workspace/workspace.json frappe/public/js/frappe/views/workspace/workspace.js:440
frappe,P2,missing,Fail,Échouer,frappe/desk/doctype/system_health_report/system_health_report.json
frappe,P2,missing,Failed,Échoué,frappe/core/doctype/activity_log/activity_log.json frappe/core/doctype/scheduled_job_log/scheduled_job_log.json frappe/core/doctype/submission_queue/submission_queue.json frappe/integrations/doctype/integration_request/integration_request.json
frappe,P2,missing,Failed Emails,E-mails ayant échoué,frappe/desk/doctype/system_health_report/system_health_report.json
frappe,P2,missing,Failed Job Count,Nombre de travaux ayant échoué,frappe/core/doctype/rq_worker/rq_worker.json
frappe,P2,missing,Failed Jobs,Travaux échoués,frappe/desk/doctype/system_health_report_workers/system_health_report_workers.json
frappe,P2,missing,Failed Logins (Last 30 days),Échec de connexion (30 derniers jours),frappe/desk/doctype/system_health_report/system_health_report.json
frappe,P2,missing,Failed to delete {0} documents: {1},Échec de la suppression des documents {0} : {1},frappe/desk/reportview.py:638
frappe,P2,missing,Failed to enable scheduler: {0},Échec de l'activation du planificateur : {0},frappe/core/doctype/rq_job/rq_job_list.js:42
frappe,P2,missing,Failed to generate names from the series,Échec de la génération des noms de la série,frappe/core/doctype/document_naming_settings/document_naming_settings.py:249
frappe,P2,missing,Failed to generate preview of series,Échec de la génération d'un aperçu de la série,frappe/core/doctype/document_naming_settings/document_naming_settings.js:75
frappe,P2,missing,Failed to send notification email,Échec de l'envoi de l'e-mail de notification,frappe/desk/doctype/notification_log/notification_log.py:43
frappe,P2,missing,Failed to update global settings,Échec de la mise à jour des paramètres globaux,frappe/desk/page/setup_wizard/setup_wizard.py:24
frappe,P2,missing,Failing Scheduled Jobs (last 7 days),Échec des tâches planifiées (7 derniers jours),frappe/desk/doctype/system_health_report/system_health_report.json
frappe,P2,missing,Failure,Échec,frappe/core/doctype/data_import/data_import.js:485
frappe,P2,missing,Failure Rate,Taux d'échec,frappe/desk/doctype/system_health_report_failing_jobs/system_health_report_failing_jobs.json
frappe,P2,missing,Female,Femelle,frappe/desk/page/setup_wizard/install_fixtures.py:29
frappe,P2,missing,Fetch on Save if Empty,Récupérer lors de l'enregistrement si vide,frappe/core/doctype/docfield/docfield.json frappe/custom/doctype/custom_field/custom_field.json frappe/custom/doctype/customize_form_field/customize_form_field.json
frappe,P2,missing,"Field ""title"" is mandatory if ""Website Search Field"" is set.","Le champ ""titre"" est obligatoire si ""Champ de recherche du site Web"" est défini.",frappe/core/doctype/doctype/doctype.py:1541
frappe,P2,missing,Field <code>{0}</code> not found in {1},Champ <code>{0}</code> introuvable dans {1},frappe/desk/search.py:255
frappe,P2,missing,Field Missing,Champ manquant,frappe/core/doctype/doctype/doctype.py:1092
frappe,P2,missing,Field Name,Nom du champ,frappe/custom/doctype/property_setter/property_setter.json frappe/desk/doctype/kanban_board/kanban_board.json
frappe,P2,missing,Field not permitted in query,Champ non autorisé dans la requête,frappe/desk/reportview.py:204
frappe,P2,missing,Field {0} is referring to non-existing doctype {1}.,Le champ {0} fait référence au type de document {1} inexistant.,frappe/desk/form/meta.py:187
frappe,P2,missing,Field {0} must be a virtual field to support virtual doctype.,Le champ {0} doit être un champ virtuel pour prendre en charge le doctype virtuel.,frappe/core/doctype/doctype/doctype.py:1669
frappe,P2,missing,Fieldname '{0}' conflicting with a {1} of the name {2} in {3},Nom de champ '{0}' en conflit avec un {1} du nom {2} dans {3},frappe/core/doctype/doctype/doctype.py:272
frappe,P2,missing,Fieldname called {0} must exist to enable autonaming,Le nom de champ appelé {0} doit exister pour activer la dénomination automatique,frappe/core/doctype/doctype/doctype.py:1091
frappe,P2,missing,Fields `file_name` or `file_url` must be set for File,Les champs `file_name` ou `file_url` doivent être définis pour File,frappe/core/doctype/file/file.py:441
frappe,P2,missing,File Storage,Stockage de fichiers,frappe/desk/doctype/system_health_report/system_health_report.json
frappe,P2,missing,File type of {0} is not allowed,Le type de fichier {0} n'est pas autorisé,frappe/core/doctype/file/file.py:400
frappe,P2,missing,Filter List,Liste de filtres,frappe/core/doctype/data_export/data_export.json
frappe,P2,missing,Filters,Filtres,frappe/core/doctype/access_log/access_log.json frappe/core/doctype/prepared_report/prepared_report.json frappe/core/doctype/report/report.json frappe/desk/doctype/dashboard_chart/dashboard_chart.json frappe/desk/doctype/kanban_board/kanban_board.json frappe/desk/doctype/list_filter/list_filter.json frappe/desk/doctype/workspace_sidebar_item/workspace_sidebar_item.json frappe/email/doctype/auto_email_report/auto_email_report.json frappe/email/doctype/notification/notification.json frappe/public/js/frappe/list/list_filter.js:18
frappe,P2,missing,Finished At,Terminé à,frappe/core/doctype/prepared_report/prepared_report.json
frappe,P2,missing,First Day of the Week,Premier jour de la semaine,frappe/core/doctype/language/language.json frappe/core/doctype/system_settings/system_settings.json
frappe,P2,missing,Following document {0},Document suivant {0},frappe/desk/form/document_follow.py:63
frappe,P2,missing,For DocType,Pour DocType,frappe/core/doctype/permission_log/permission_log.json
frappe,P2,missing,For Document,Pour les documents,frappe/core/doctype/permission_log/permission_log.json
frappe,P2,missing,"For Links, enter the DocType as range.
For Select, enter list of Options, each on a new line.","Pour Liens, entrez le DocType sous forme de plage.
Pour Sélectionner, entrez la liste des options, chacune sur une nouvelle ligne.",frappe/core/doctype/docfield/docfield.json frappe/custom/doctype/customize_form_field/customize_form_field.json
frappe,P2,missing,For example if you cancel and amend INV004 it will become a new document INV004-1. This helps you to keep track of each amendment.,"Par exemple, si vous annulez et modifiez INV004, cela deviendra un nouveau document INV004-1. Cela vous aide à garder une trace de chaque modification.",frappe/core/page/permission_manager/permission_manager_help.html:19
frappe,P2,missing,Force Re-route to Default View,Forcer le réacheminement vers la vue par défaut,frappe/core/doctype/doctype/doctype.json frappe/custom/doctype/customize_form/customize_form.json
frappe,P2,missing,Force Stop job,Forcer l'arrêt du travail,frappe/core/doctype/rq_job/rq_job.js:13
frappe,P2,missing,Force Web Capture Mode for Uploads,Forcer le mode de capture Web pour les téléchargements,frappe/core/doctype/system_settings/system_settings.json
frappe,P2,missing,Form,Formulaire,frappe/core/doctype/doctype/doctype.json frappe/custom/doctype/client_script/client_script.json frappe/custom/doctype/customize_form/customize_form.json frappe/desk/doctype/form_tour/form_tour.json frappe/printing/page/print/print.js:97 frappe/website/doctype/web_form/web_form.json
frappe,P2,missing,Form Builder,Générateur de formulaires,frappe/core/doctype/doctype/doctype.json frappe/custom/doctype/customize_form/customize_form.json
frappe,P2,missing,Form Dict,Formulaire de dictée,frappe/core/doctype/recorder/recorder.json
frappe,P2,missing,Form Tour,Visite guidée des formulaires,frappe/desk/doctype/form_tour/form_tour.json frappe/desk/doctype/onboarding_step/onboarding_step.json
frappe,P2,missing,Form Tour Step,Étape de visite du formulaire,frappe/desk/doctype/form_tour_step/form_tour_step.json
frappe,P2,missing,Format,Format,frappe/desk/doctype/workspace_shortcut/workspace_shortcut.json frappe/email/doctype/auto_email_report/auto_email_report.json frappe/public/js/frappe/widgets/widget_dialog.js:565
frappe,P2,missing,Friday,Vendredi,frappe/automation/doctype/assignment_rule_day/assignment_rule_day.json frappe/automation/doctype/auto_repeat_day/auto_repeat_day.json frappe/core/doctype/language/language.json frappe/core/doctype/system_settings/system_settings.json frappe/desk/doctype/event/event.json frappe/email/doctype/auto_email_report/auto_email_report.json
frappe,P2,missing,From,Depuis,frappe/core/doctype/communication/communication.json frappe/core/doctype/permission_log/permission_log.js:12 frappe/public/js/frappe/views/inbox/inbox_view.js:70
frappe,P2,missing,From Date,À partir de la date,frappe/desk/doctype/dashboard_chart/dashboard_chart.json frappe/website/report/website_analytics/website_analytics.js:8
frappe,P2,missing,From User,De l'utilisateur,frappe/desk/doctype/notification_log/notification_log.json
frappe,P2,missing,Fw: {0},Logiciel : {0},frappe/core/doctype/communication/communication.js:291
frappe,P2,missing,GET,OBTENIR,frappe/core/doctype/recorder/recorder.json
frappe,P2,missing,GNU Affero General Public License,Licence publique générale GNU Affero,frappe/core/doctype/package/package.json
frappe,P2,missing,GNU General Public License,Licence publique générale GNU,frappe/core/doctype/package/package.json
frappe,P2,missing,Gantt,Gantt,frappe/desk/doctype/form_tour/form_tour.json frappe/public/js/frappe/views/gantt/gantt_view.js:10
frappe,P2,missing,Genderqueer,Genderqueer,frappe/desk/page/setup_wizard/install_fixtures.py:32
frappe,P2,missing,Get Backup Encryption Key,Obtenir la clé de chiffrement de sauvegarde,frappe/desk/page/backups/backups.js:21
frappe,P2,missing,Get notified when an email is received on any of the documents assigned to you.,Soyez averti lorsqu'un e-mail est reçu sur l'un des documents qui vous sont attribués.,frappe/desk/doctype/notification_settings/notification_settings.json
frappe,P2,missing,Go to Notification Settings List,Accédez à la liste des paramètres de notification,frappe/desk/doctype/notification_settings/notification_settings.js:17
frappe,P2,missing,Go to Workspace,Aller à l'espace de travail,frappe/desk/doctype/workspace/workspace.js:18
frappe,P2,missing,Go to {0} List,Accédez à la liste {0},frappe/core/doctype/data_import/data_import.js:93 frappe/core/doctype/doctype/doctype.js:55 frappe/custom/doctype/customize_form/customize_form.js:104 frappe/custom/doctype/doctype_layout/doctype_layout.js:42 frappe/workflow/doctype/workflow/workflow.js:44
frappe,P2,missing,Google Meet Link,Lien Google Meet,frappe/desk/doctype/event/event.json
frappe,P2,missing,Gray,Gris,frappe/core/doctype/doctype_state/doctype_state.json frappe/desk/doctype/kanban_board_column/kanban_board_column.json
frappe,P2,missing,Green,Vert,frappe/core/doctype/doctype_state/doctype_state.json frappe/desk/doctype/kanban_board_column/kanban_board_column.json
frappe,P2,missing,Grid Page Length,Longueur de la page de la grille,frappe/core/doctype/doctype/doctype.json frappe/custom/doctype/customize_form/customize_form.json
frappe,P2,missing,Group,Groupe,frappe/core/doctype/doctype_action/doctype_action.json frappe/core/doctype/doctype_link/doctype_link.json frappe/website/doctype/website_sidebar_item/website_sidebar_item.json
frappe,P2,missing,Group By,Regrouper par,frappe/desk/doctype/dashboard_chart/dashboard_chart.json frappe/website/report/website_analytics/website_analytics.js:32
frappe,P2,missing,Group your custom doctypes under modules,Regroupez vos doctypes personnalisés sous modules,frappe/core/workspace/build/build.json
frappe,P2,missing,HEAD,TÊTE,frappe/core/doctype/recorder/recorder.json
frappe,P2,missing,HTML,HTML,frappe/core/doctype/docfield/docfield.json frappe/custom/doctype/custom_field/custom_field.json frappe/custom/doctype/customize_form_field/customize_form_field.json frappe/desk/doctype/custom_html_block/custom_html_block.json frappe/email/doctype/auto_email_report/auto_email_report.json frappe/email/doctype/notification/notification.json frappe/printing/doctype/letter_head/letter_head.json frappe/printing/doctype/print_format/print_format.json frappe/printing/doctype/print_format/print_format.py:101 frappe/public/js/print_format_builder/Field.vue:86 frappe/website/doctype/web_form_field/web_form_field.json frappe/website/doctype/web_page/web_page.js:92 frappe/website/doctype/web_page/web_page.json
frappe,P2,missing,Half Yearly,Semestriel,frappe/desk/doctype/event/event.json frappe/email/doctype/auto_email_report/auto_email_report.json
frappe,P2,missing,Handled Emails,E-mails traités,frappe/desk/doctype/system_health_report/system_health_report.json
frappe,P2,missing,Has Next Condition,A la condition suivante,frappe/desk/doctype/form_tour_step/form_tour_step.json
frappe,P2,missing,Has Setup Wizard,Dispose d'un assistant d'installation,frappe/core/doctype/installed_application/installed_application.json
frappe,P2,missing,Header Icon,Icône d'en-tête,frappe/desk/doctype/workspace_sidebar/workspace_sidebar.json
frappe,P2,missing,Help,Aide,frappe/core/doctype/server_script/server_script.json frappe/custom/doctype/property_setter/property_setter.json frappe/public/js/frappe/form/templates/form_sidebar.html:59 frappe/public/js/frappe/form/workflow.js:23 frappe/public/js/frappe/utils/help.js:27
frappe,P2,missing,"Help: To link to another record in the system, use ""/desk/note/[Note Name]"" as the Link URL. (don't use ""http://"")","Aide : Pour créer un lien vers un autre enregistrement dans le système, utilisez ""/desk/note/[Note Name]"" comme URL du lien. (n'utilisez pas ""http://"")",frappe/desk/doctype/note/note.json
frappe,P2,missing,Hidden Fields,Champs cachés,frappe/desk/doctype/form_tour_step/form_tour_step.json
frappe,P2,missing,Hide Buttons,Masquer les boutons,frappe/desk/doctype/form_tour_step/form_tour_step.json
frappe,P2,missing,Hide Descendants,Masquer les descendants,frappe/core/doctype/user_permission/user_permission.json frappe/core/doctype/user_permission/user_permission_list.js:96
frappe,P2,missing,Hide Empty Read-Only Fields,Masquer les champs vides en lecture seule,frappe/core/doctype/system_settings/system_settings.json
frappe,P2,missing,"Hide Previous, Next and Close button on highlight dialog.","Masquer les boutons Précédent, Suivant et Fermer dans la boîte de dialogue de surbrillance.",frappe/desk/doctype/form_tour_step/form_tour_step.json
frappe,P2,missing,"Hide Sidebar, Menu, and Comments","Masquer la barre latérale, le menu et les commentaires",frappe/core/doctype/doctype/doctype.json
frappe,P2,missing,Hide descendant records of <b>For Value</b>.,Masquer les enregistrements descendants de <b>For Value</b>.,frappe/core/doctype/user_permission/user_permission.json
frappe,P2,missing,High,Haut,frappe/desk/doctype/todo/todo.json frappe/public/js/frappe/form/sidebar/assign_to.js:228
frappe,P2,missing,Hourly Maintenance,Entretien horaire,frappe/core/doctype/scheduled_job_type/scheduled_job_type.json
frappe,P2,missing,"I guess you don't have access to any workspace yet, but you can create one just for yourself. Click on the <b>Create Workspace</b> button to create one.<br>","Je suppose que vous n'avez encore accès à aucun espace de travail, mais vous pouvez en créer un rien que pour vous-même. Cliquez sur le bouton <b>Créer un espace de travail</b> pour en créer un.<br>",frappe/core/workspace/welcome_workspace/welcome_workspace.json
frappe,P2,missing,ID,IDENTIFIANT,frappe/core/doctype/data_import/importer.py:1173 frappe/core/doctype/data_import/importer.py:1179 frappe/core/doctype/data_import/importer.py:1244 frappe/core/doctype/data_import/importer.py:1247 frappe/core/doctype/user_session_display/user_session_display.json frappe/desk/report/todo/todo.py:36 frappe/model/meta.py:52 frappe/public/js/frappe/data_import/data_exporter.js:330 frappe/public/js/frappe/data_import/data_exporter.js:345 frappe/public/js/frappe/list/list_settings.js:335 frappe/public/js/frappe/list/list_view.js:387 frappe/public/js/frappe/list/list_view.js:451 frappe/public/js/frappe/list/list_view.js:2409 frappe/public/js/frappe/model/meta.js:208 frappe/public/js/frappe/model/model.js:122
frappe,P2,missing,ID,IDENTIFIANT,frappe/desk/reportview.py:529 frappe/public/js/frappe/views/reports/report_view.js:983
frappe,P2,missing,Icon Style,Style d'icône,frappe/desk/doctype/desktop_settings/desktop_settings.json
frappe,P2,missing,Icon Type,Type d'icône,frappe/desk/doctype/desktop_icon/desktop_icon.json
frappe,P2,missing,Idx,Idx,frappe/desk/doctype/desktop_icon/desktop_icon.json
frappe,P2,missing,"If a Role does not have access at Level 0, then higher levels are meaningless.","Si un rôle n’a pas accès au niveau 0, alors les niveaux supérieurs n’ont aucun sens.",frappe/core/page/permission_manager/permission_manager_help.html:25
frappe,P2,missing,"If enabled, only System Managers can upload public files. Other users can't see the checkbox <i>Is Private</i> in the upload dialog.","Si cette option est activée, seuls les gestionnaires système peuvent télécharger des fichiers publics. Les autres utilisateurs ne peuvent pas voir la case à cocher <i>Is Private</i> dans la boîte de dialogue de téléchargement.",frappe/core/doctype/system_settings/system_settings.json
frappe,P2,missing,"If enabled, the password strength will be enforced based on the Minimum Password Score value. A value of 1 being very weak and 4 being very strong.","Si cette option est activée, la force du mot de passe sera appliquée en fonction de la valeur du score minimum du mot de passe. Une valeur de 1 étant très faible et 4 étant très forte.",frappe/core/doctype/system_settings/system_settings.json
frappe,P2,missing,"If left empty, the default workspace will be the last visited workspace","S'il est laissé vide, l'espace de travail par défaut sera le dernier espace de travail visité",frappe/core/doctype/user/user.json
frappe,P2,missing,"If set, only user with these roles can access this chart. If not set, DocType or Report permissions will be used.","S'il est défini, seul l'utilisateur disposant de ces rôles peut accéder à ce graphique. Si elles ne sont pas définies, les autorisations DocType ou Report seront utilisées.",frappe/desk/doctype/dashboard_chart/dashboard_chart.json
frappe,P2,missing,"If these instructions where not helpful, please add in your suggestions on GitHub Issues.","Si ces instructions ne vous ont pas été utiles, veuillez ajouter vos suggestions sur les problèmes GitHub.",frappe/core/page/permission_manager/permission_manager_help.html:38
frappe,P2,missing,"If unchecked, the value will always be re-fetched on save.","Si cette case n'est pas cochée, la valeur sera toujours récupérée lors de la sauvegarde.",frappe/core/doctype/docfield/docfield.json frappe/custom/doctype/custom_field/custom_field.json frappe/custom/doctype/customize_form_field/customize_form_field.json
frappe,P2,missing,"If your CSV uses a different delimiter, add that character here, ensuring no spaces or additional characters are included.","Si votre CSV utilise un délimiteur différent, ajoutez ce caractère ici, en vous assurant qu'aucun espace ni caractère supplémentaire n'est inclus.",frappe/core/doctype/data_import/data_import.json
frappe,P2,missing,Image,Image,frappe/contacts/doctype/contact/contact.json frappe/core/doctype/docfield/docfield.json frappe/custom/doctype/custom_field/custom_field.json frappe/custom/doctype/customize_form_field/customize_form_field.json frappe/desk/doctype/form_tour/form_tour.json frappe/desk/doctype/workspace_shortcut/workspace_shortcut.json frappe/printing/doctype/letter_head/letter_head.json frappe/website/doctype/web_page/web_page.json frappe/website/doctype/website_slideshow_item/website_slideshow_item.json
frappe,P2,missing,Image link '{0}' is not valid,Le lien de l'image '{0}' n'est pas valide,frappe/core/doctype/file/utils.py:136
frappe,P2,missing,Image optimized,Image optimisée,frappe/core/doctype/file/file.js:112
frappe,P2,missing,Image: Corrupted Data Stream,Image : Flux de données corrompu,frappe/core/doctype/file/utils.py:289
frappe,P2,missing,Impersonate,Imiter,frappe/core/doctype/activity_log/activity_log.json frappe/core/doctype/user/user.js:379
frappe,P2,missing,Impersonate as {0},Se faire passer pour {0},frappe/core/doctype/user/user.js:406
frappe,P2,missing,Implement `clear_old_logs` method to enable auto error clearing.,Implémentez la méthode `clear_old_logs` pour activer la suppression automatique des erreurs.,frappe/core/doctype/log_settings/log_settings.py:56
frappe,P2,missing,Import,Importer,frappe/core/doctype/custom_docperm/custom_docperm.json frappe/core/doctype/docperm/docperm.json frappe/core/doctype/recorder/recorder_list.js:16 frappe/email/doctype/email_group/email_group.js:31
frappe,P2,missing,Import Log,Journal d'importation,frappe/core/doctype/data_import/data_import.json
frappe,P2,missing,Import Progress,Progression de l'importation,frappe/core/doctype/data_import/data_import.js:41
frappe,P2,missing,"Import timed out, please re-try.",Le délai d'importation a expiré. Veuillez réessayer.,frappe/core/doctype/data_import/data_import.js:171
frappe,P2,missing,Importing {0} is not allowed.,L'importation de {0} n'est pas autorisée.,frappe/core/doctype/data_import/data_import.py:71
frappe,P2,missing,"Importing {0} of {1}, {2}","Importation de {0} de {1}, {2}",frappe/core/doctype/data_import/data_import.js:35
frappe,P2,missing,In List Filter,Dans le filtre de liste,frappe/core/doctype/docfield/docfield.json
frappe,P2,missing,In Minutes,En quelques minutes,frappe/core/report/prepared_report_analytics/prepared_report_analytics.js:19
frappe,P2,missing,In Progress,En cours,frappe/core/doctype/data_import/data_import.js:42
frappe,P2,missing,Include Name Field,Inclure le champ de nom,frappe/desk/doctype/form_tour/form_tour.json
frappe,P2,missing,Incoming Emails (Last 7 days),E-mails entrants (7 derniers jours),frappe/desk/doctype/system_health_report/system_health_report.json
frappe,P2,missing,Index,Indice,frappe/core/doctype/docfield/docfield.json frappe/core/doctype/recorder_query/recorder_query.json frappe/custom/doctype/custom_field/custom_field.json frappe/model/meta.py:55 frappe/public/js/frappe/model/meta.js:211 frappe/public/js/frappe/model/model.js:124 frappe/public/js/frappe/views/reports/report_view.js:1004
frappe,P2,missing,Index created successfully on column {0} of doctype {1},Index créé avec succès sur la colonne {0} du doctype {1},frappe/core/doctype/recorder/recorder.py:132
frappe,P2,missing,Indicator Color,Couleur de l'indicateur,frappe/desk/doctype/workspace/workspace.json
frappe,P2,missing,Info,Informations,frappe/core/doctype/comment/comment.json frappe/core/doctype/docfield/docfield.json frappe/custom/doctype/custom_field/custom_field.json frappe/custom/doctype/customize_form_field/customize_form_field.json frappe/workflow/doctype/workflow_state/workflow_state.json
frappe,P2,missing,InnoDB,InnoDB,frappe/core/doctype/doctype/doctype.json
frappe,P2,missing,Input existing role name if you would like to extend it with access of another role.,Saisissez le nom du rôle existant si vous souhaitez l'étendre avec l'accès d'un autre rôle.,frappe/core/doctype/role_replication/role_replication.json
frappe,P2,missing,Installed Apps,Applications installées,frappe/core/doctype/installed_applications/installed_applications.js:18 frappe/public/js/frappe/ui/toolbar/about.js:11
frappe,P2,missing,Insufficient Permissions for deleting Report,Autorisations insuffisantes pour supprimer le rapport,frappe/desk/reportview.py:363
frappe,P2,missing,Insufficient Permissions for editing Report,Autorisations insuffisantes pour modifier le rapport,frappe/desk/reportview.py:334
frappe,P2,missing,Insufficient attachment limit,Limite de saisie insuffisante,frappe/core/doctype/doctype/doctype.py:447
frappe,P2,missing,Int,Int,frappe/core/doctype/docfield/docfield.json frappe/core/doctype/report_column/report_column.json frappe/core/doctype/report_filter/report_filter.json frappe/custom/doctype/custom_field/custom_field.json frappe/custom/doctype/customize_form_field/customize_form_field.json frappe/website/doctype/web_form_field/web_form_field.json frappe/website/doctype/web_template_field/web_template_field.json
frappe,P2,missing,Internal record of document shares,Enregistrement interne des partages de documents,frappe/core/doctype/docshare/docshare.json
frappe,P2,missing,Intro Video URL,URL de la vidéo d'introduction,frappe/desk/doctype/onboarding_step/onboarding_step.json
frappe,P2,missing,Invalid Fieldname,Nom de champ invalide,frappe/core/doctype/doctype/doctype.py:1287
frappe,P2,missing,Invalid File URL,URL de fichier invalide,frappe/core/doctype/file/file.py:231
frappe,P2,missing,Invalid Operation,Opération invalide,frappe/core/doctype/data_import/data_import.py:182 frappe/core/doctype/prepared_report/prepared_report.py:200 frappe/core/doctype/rq_job/rq_job.py:113 frappe/core/doctype/rq_job/rq_job.py:122
frappe,P2,missing,Invalid Table Fieldname,Nom de champ de table invalide,frappe/core/doctype/doctype/doctype.py:1229
frappe,P2,missing,Invalid URL,URL invalide,frappe/core/doctype/file/file.py:242 frappe/public/js/frappe/file_uploader/FileUploader.vue:551 frappe/public/js/frappe/widgets/widget_dialog.js:602 frappe/utils/csvutils.py:226 frappe/utils/csvutils.py:247
frappe,P2,missing,Invalid aggregate function,Fonction d'agrégation invalide,frappe/desk/reportview.py:190
frappe,P2,missing,Invalid app,Application invalide,frappe/core/doctype/user_invitation/user_invitation.py:195
frappe,P2,missing,Invalid input,Entrée invalide,frappe/core/api/user_invitation.py:17
frappe,P2,missing,Invalid key,Clé invalide,frappe/core/api/user_invitation.py:115
frappe,P2,missing,Invalid role,Rôle invalide,frappe/core/doctype/user_invitation/user_invitation.py:181
frappe,P2,missing,Invitation already accepted,Invitation déjà acceptée,frappe/core/doctype/user_invitation/user_invitation.py:95
frappe,P2,missing,Invitation already exists,L'invitation existe déjà,frappe/core/doctype/user_invitation/user_invitation.py:99
frappe,P2,missing,Invitation cannot be cancelled,L'invitation ne peut pas être annulée,frappe/core/api/user_invitation.py:84
frappe,P2,missing,Invitation is cancelled,L'invitation est annulée,frappe/core/doctype/user_invitation/user_invitation.py:127
frappe,P2,missing,Invitation is expired,L'invitation est expirée,frappe/core/doctype/user_invitation/user_invitation.py:125
frappe,P2,missing,Invitation not found,Invitation introuvable,frappe/core/api/user_invitation.py:73 frappe/core/api/user_invitation.py:78
frappe,P2,missing,Invitation to join {0} cancelled,Invitation à rejoindre {0} annulée,frappe/core/doctype/user_invitation/user_invitation.py:59
frappe,P2,missing,Invitation to join {0} expired,Invitation à rejoindre {0} expirée,frappe/core/doctype/user_invitation/user_invitation.py:76
frappe,P2,missing,Invited By,Invité par,frappe/core/doctype/user_invitation/user_invitation.json
frappe,P2,missing,Is Calendar and Gantt,Est-ce que le calendrier et le Gantt,frappe/core/doctype/doctype/doctype.json frappe/custom/doctype/customize_form/customize_form.json
frappe,P2,missing,Is Current,Est à jour,frappe/core/doctype/user_session_display/user_session_display.json
frappe,P2,missing,Is Custom,Est personnalisé,frappe/core/doctype/role/role.json frappe/core/doctype/user_document_type/user_document_type.json
frappe,P2,missing,Is Hidden,est caché,frappe/desk/doctype/workspace/workspace.json
frappe,P2,missing,Is Query Report,Est un rapport de requête,frappe/desk/doctype/workspace_link/workspace_link.json frappe/public/js/frappe/widgets/widget_dialog.js:341
frappe,P2,missing,Is Setup Complete?,La configuration est-elle terminée ?,frappe/core/doctype/installed_application/installed_application.json
frappe,P2,missing,Is Table Field,Est un champ de table,frappe/desk/doctype/form_tour_step/form_tour_step.json
frappe,P2,missing,Is Virtual,est virtuel,frappe/core/doctype/doctype/doctype.json frappe/custom/doctype/custom_field/custom_field.json frappe/custom/doctype/customize_form_field/customize_form_field.json
frappe,P2,missing,JS Message,Message JS,frappe/desk/doctype/custom_html_block/custom_html_block.json
frappe,P2,missing,JSON,JSON,frappe/core/doctype/docfield/docfield.json frappe/core/doctype/report/report.json frappe/custom/doctype/custom_field/custom_field.json frappe/custom/doctype/customize_form_field/customize_form_field.json frappe/integrations/doctype/webhook/webhook.json
frappe,P2,missing,Javascript,Javascript,frappe/core/doctype/report/report.json frappe/desk/doctype/custom_html_block/custom_html_block.json frappe/website/doctype/web_page/web_page.json frappe/website/doctype/website_script/website_script.json
frappe,P2,missing,Job ID,ID de travail,frappe/core/doctype/prepared_report/prepared_report.json frappe/core/doctype/rq_job/rq_job.json
frappe,P2,missing,Job Id,Identifiant du travail,frappe/core/doctype/submission_queue/submission_queue.json
frappe,P2,missing,Job Info,Informations sur l'emploi,frappe/core/doctype/rq_job/rq_job.json
frappe,P2,missing,Job Name,Nom du travail,frappe/core/doctype/rq_job/rq_job.json
frappe,P2,missing,Job Status,Statut du travail,frappe/core/doctype/rq_job/rq_job.json
frappe,P2,missing,Job Stopped Successfully,Le travail s'est arrêté avec succès,frappe/core/doctype/data_import/data_import.js:191 frappe/core/doctype/rq_job/rq_job.js:24
frappe,P2,missing,Job is in {0} state and can't be cancelled,La tâche est dans l'état {0} et ne peut pas être annulée,frappe/core/doctype/rq_job/rq_job.py:121
frappe,P2,missing,Job is not running.,Le travail n'est pas en cours d'exécution.,frappe/core/doctype/data_import/data_import.py:182 frappe/core/doctype/prepared_report/prepared_report.py:200 frappe/core/doctype/rq_job/rq_job.py:113
frappe,P2,missing,Job stopped successfully,Le travail s'est arrêté avec succès,frappe/core/doctype/prepared_report/prepared_report.py:198
frappe,P2,missing,Join video conference with {0},Rejoindre une vidéoconférence avec {0},frappe/desk/doctype/event/event.js:55
frappe,P2,missing,Kanban,Kanban,frappe/desk/doctype/form_tour/form_tour.json frappe/desk/doctype/workspace_shortcut/workspace_shortcut.json
frappe,P2,missing,Kanban Board,Tableau Kanban,frappe/desk/doctype/kanban_board/kanban_board.json frappe/desk/doctype/workspace_shortcut/workspace_shortcut.json frappe/public/js/frappe/widgets/widget_dialog.js:511
frappe,P2,missing,Keep Closed,Garder fermé,frappe/desk/doctype/workspace_sidebar_item/workspace_sidebar_item.json
frappe,P2,missing,Keep track of all update feeds,Gardez une trace de tous les flux de mise à jour,frappe/core/doctype/activity_log/activity_log.json
frappe,P2,missing,Keeps track of all communications,Garde une trace de toutes les communications,frappe/core/doctype/communication/communication.json
frappe,P2,missing,Last 10 active users,10 derniers utilisateurs actifs,frappe/desk/doctype/system_health_report/system_health_report.json
frappe,P2,missing,Last Heartbeat,Dernier battement de coeur,frappe/core/doctype/rq_worker/rq_worker.json
frappe,P2,missing,Last Reset Password Key Generated On,Dernière clé de mot de passe de réinitialisation générée le,frappe/core/doctype/user/user.json
frappe,P2,missing,Last Updated,Dernière mise à jour,frappe/core/doctype/user_session_display/user_session_display.json
frappe,P2,missing,Left Bottom,En bas à gauche,frappe/desk/doctype/form_tour_step/form_tour_step.json
frappe,P2,missing,Left Center,Centre gauche,frappe/desk/doctype/form_tour_step/form_tour_step.json
frappe,P2,missing,Length,Longueur,frappe/core/doctype/docfield/docfield.json frappe/custom/doctype/custom_field/custom_field.json frappe/custom/doctype/customize_form_field/customize_form_field.json
frappe,P2,missing,Let's set up your account,Créons votre compte,frappe/desk/page/setup_wizard/setup_wizard.js:474
frappe,P2,missing,License Type,Type de licence,frappe/core/doctype/package/package.json
frappe,P2,missing,Light,Lumière,frappe/core/doctype/user/user.json
frappe,P2,missing,Light Blue,Bleu clair,frappe/core/doctype/doctype_state/doctype_state.json frappe/desk/doctype/kanban_board_column/kanban_board_column.json
frappe,P2,missing,Link,Lien,frappe/core/doctype/docfield/docfield.json frappe/core/doctype/report_column/report_column.json frappe/core/doctype/report_filter/report_filter.json frappe/custom/doctype/custom_field/custom_field.json frappe/custom/doctype/customize_form_field/customize_form_field.json frappe/desk/doctype/changelog_feed/changelog_feed.json frappe/desk/doctype/desktop_icon/desktop_icon.json frappe/desk/doctype/notification_log/notification_log.json frappe/desk/doctype/workspace/workspace.json frappe/desk/doctype/workspace_link/workspace_link.json frappe/desk/doctype/workspace_sidebar_item/workspace_sidebar_item.json frappe/public/js/frappe/file_uploader/FileUploader.vue:128 frappe/website/doctype/web_form_field/web_form_field.json frappe/website/doctype/web_template_field/web_template_field.json frappe/workflow/doctype/workflow_transition_task/workflow_transition_task.json
frappe,P2,missing,Link Count,Nombre de liens,frappe/desk/doctype/workspace_link/workspace_link.json
frappe,P2,missing,Link Details,Détails du lien,frappe/desk/doctype/workspace_link/workspace_link.json
frappe,P2,missing,Link Field Results Limit,Limite des résultats du champ de lien,frappe/core/doctype/system_settings/system_settings.json
frappe,P2,missing,Link Fieldname,Nom du champ du lien,frappe/core/doctype/doctype_link/doctype_link.json
frappe,P2,missing,Link Filters,Filtres de liens,frappe/core/doctype/docfield/docfield.json frappe/custom/doctype/custom_field/custom_field.json frappe/custom/doctype/customize_form/customize_form.json frappe/custom/doctype/customize_form_field/customize_form_field.json
frappe,P2,missing,Link Type,Type de lien,frappe/desk/doctype/desktop_icon/desktop_icon.json frappe/desk/doctype/workspace/workspace.json frappe/desk/doctype/workspace_link/workspace_link.json frappe/desk/doctype/workspace_sidebar_item/workspace_sidebar_item.json frappe/public/js/frappe/views/workspace/workspace.js:424 frappe/public/js/frappe/widgets/widget_dialog.js:273
frappe,P2,missing,List / Search Settings,Paramètres de liste/recherche,frappe/core/doctype/docfield/docfield.json
frappe,P2,missing,List of patches executed,Liste des patchs exécutés,frappe/core/doctype/patch_log/patch_log.json
frappe,P2,missing,Loading import file...,Chargement du fichier d'importation...,frappe/core/doctype/data_import/data_import.js:283
frappe,P2,missing,Location,Emplacement,frappe/core/doctype/user/user.json
frappe,P2,missing,Log API Requests,Journaliser les demandes d'API,frappe/core/doctype/system_settings/system_settings.json
frappe,P2,missing,Log DocType,Type de document de journal,frappe/core/doctype/logs_to_clear/logs_to_clear.json
frappe,P2,missing,Log Index,Index du journal,frappe/core/doctype/data_import_log/data_import_log.json
frappe,P2,missing,Login Methods,Méthodes de connexion,frappe/core/doctype/system_settings/system_settings.json
frappe,P2,missing,Login with email link,Connectez-vous avec le lien e-mail,frappe/core/doctype/system_settings/system_settings.json
frappe,P2,missing,Login with email link expiry (in minutes),Connectez-vous avec expiration du lien e-mail (en minutes),frappe/core/doctype/system_settings/system_settings.json
frappe,P2,missing,Logo URL,URL du logo,frappe/desk/doctype/desktop_icon/desktop_icon.json
frappe,P2,missing,Logs To Clear,Journaux à effacer,frappe/core/doctype/logs_to_clear/logs_to_clear.json
frappe,P2,missing,Logs to Clear,Journaux à effacer,frappe/core/doctype/log_settings/log_settings.json
frappe,P2,missing,Low,Faible,frappe/desk/doctype/todo/todo.json frappe/public/js/frappe/form/sidebar/assign_to.js:220
frappe,P2,missing,MIT License,Licence MIT,frappe/core/doctype/package/package.json
frappe,P2,missing,Madam,Madame,frappe/desk/page/setup_wizard/install_fixtures.py:48
frappe,P2,missing,Major,Majeur,frappe/core/doctype/package_release/package_release.json
frappe,P2,missing,Make Attachment Public (by default),Rendre la pièce jointe publique (par défaut),frappe/core/doctype/docfield/docfield.json
frappe,P2,missing,Make Attachments Public by Default,Rendre les pièces jointes publiques par défaut,frappe/core/doctype/doctype/doctype.json frappe/custom/doctype/customize_form/customize_form.json
frappe,P2,missing,Make sure to configure a Social Login Key before disabling to prevent lockout,Assurez-vous de configurer une clé de connexion sociale avant de la désactiver pour éviter le verrouillage.,frappe/core/doctype/system_settings/system_settings.json
frappe,P2,missing,Male,Mâle,frappe/desk/page/setup_wizard/install_fixtures.py:28
frappe,P2,missing,Mandatory,Obligatoire,frappe/core/doctype/docfield/docfield.json frappe/core/doctype/report_filter/report_filter.json frappe/custom/doctype/customize_form_field/customize_form_field.json frappe/website/doctype/web_form_field/web_form_field.json frappe/website/doctype/web_template_field/web_template_field.json
frappe,P2,missing,Mandatory Depends On (JS),Obligatoire Dépend de (JS),frappe/core/doctype/docfield/docfield.json
frappe,P2,missing,Map,Carte,frappe/desk/doctype/form_tour/form_tour.json
frappe,P2,missing,MariaDB Variables,Variables MariaDB,frappe/desk/doctype/system_health_report/system_health_report.json
frappe,P2,missing,Markdown Editor,Éditeur de démarques,frappe/core/doctype/docfield/docfield.json frappe/custom/doctype/custom_field/custom_field.json frappe/custom/doctype/customize_form_field/customize_form_field.json frappe/website/doctype/web_template_field/web_template_field.json
frappe,P2,missing,Master,Maître,frappe/desk/page/setup_wizard/install_fixtures.py:50
frappe,P2,missing,Max File Size (MB),Taille maximale du fichier (Mo),frappe/core/doctype/system_settings/system_settings.json
frappe,P2,missing,Max Height,Hauteur maximale,frappe/core/doctype/docfield/docfield.json
frappe,P2,missing,Max Report Rows,Nombre maximum de lignes de rapport,frappe/core/doctype/system_settings/system_settings.json
frappe,P2,missing,Max auto email report per user,Rapport d'e-mail automatique maximum par utilisateur,frappe/core/doctype/system_settings/system_settings.json
frappe,P2,missing,Max signups allowed per hour,Nombre maximum d'inscriptions autorisées par heure,frappe/core/doctype/system_settings/system_settings.json
frappe,P2,missing,Maximum,Maximum,frappe/desk/doctype/number_card/number_card.json
frappe,P2,missing,Maximum Attachment Limit of {0} has been reached for {1} {2}.,La limite maximale de pièces jointes de {0} a été atteinte pour {1} {2}.,frappe/core/doctype/file/file.py:342
frappe,P2,missing,"Meaning of Submit, Cancel, Amend","Signification de Soumettre, Annuler, Modifier",frappe/core/page/permission_manager/permission_manager_help.html:14
frappe,P2,missing,Medium,Moyen,frappe/desk/doctype/todo/todo.json frappe/public/js/frappe/form/sidebar/assign_to.js:224 frappe/public/js/frappe/utils/utils.js:1889 frappe/website/doctype/web_page_view/web_page_view.json frappe/website/report/website_analytics/website_analytics.js:40
frappe,P2,missing,Meeting,Réunion,frappe/core/doctype/communication/communication.json frappe/desk/doctype/event/event.json
frappe,P2,missing,Memory Usage,Utilisation de la mémoire,frappe/desk/doctype/system_health_report/system_health_report.json
frappe,P2,missing,Memory Usage in MB,Utilisation de la mémoire en Mo,frappe/core/report/prepared_report_analytics/prepared_report_analytics.py:63
frappe,P2,missing,Mention,Mention,frappe/desk/doctype/notification_log/notification_log.json
frappe,P2,missing,Mentions,Mentionné,frappe/desk/doctype/notification_settings/notification_settings.json
frappe,P2,missing,Message,Message,frappe/automation/doctype/auto_repeat/auto_repeat.json frappe/core/doctype/activity_log/activity_log.json frappe/core/doctype/communication/communication.json frappe/core/doctype/data_import/data_import.js:509 frappe/core/doctype/sms_log/sms_log.json frappe/core/doctype/success_action/success_action.json frappe/desk/doctype/notification_log/notification_log.json frappe/email/doctype/auto_email_report/auto_email_report.json frappe/email/doctype/email_queue/email_queue.json frappe/email/doctype/notification/notification.js:215 frappe/email/doctype/notification/notification.json frappe/public/js/frappe/ui/messages.js:182 frappe/public/js/frappe/views/communication.js:117 frappe/workflow/doctype/workflow_document_state/workflow_document_state.json frappe/www/message.html:3
frappe,P2,missing,Messages,Messages,frappe/core/doctype/data_import_log/data_import_log.json
frappe,P2,missing,Metadata,Métadonnées,frappe/core/doctype/error_log/error_log.json frappe/integrations/doctype/oauth_settings/oauth_settings.json
frappe,P2,missing,Method is required to create a number card,Une méthode est requise pour créer une carte numérique,frappe/desk/doctype/number_card/number_card.py:74
frappe,P2,missing,Mid Center,Milieu Centre,frappe/desk/doctype/form_tour_step/form_tour_step.json
frappe,P2,missing,Middle Name (Optional),Deuxième prénom (facultatif),frappe/core/web_form/edit_profile/edit_profile.json
frappe,P2,missing,Minor,Mineure,frappe/core/doctype/package_release/package_release.json
frappe,P2,missing,Miss,Manquer,frappe/desk/page/setup_wizard/install_fixtures.py:49
frappe,P2,missing,Missing DocType,Type de document manquant,frappe/desk/form/meta.py:197
frappe,P2,missing,Missing Field,Champ manquant,frappe/core/doctype/doctype/doctype.py:1541
frappe,P2,missing,Missing Permission,Autorisation manquante,frappe/desk/form/assign_to.py:110
frappe,P2,missing,Mobile Number,Numéro de portable,frappe/core/web_form/edit_profile/edit_profile.json
frappe,P2,missing,Modal Trigger,Déclencheur modal,frappe/desk/doctype/form_tour_step/form_tour_step.json
frappe,P2,missing,Module,Module,frappe/core/doctype/block_module/block_module.json frappe/core/doctype/doctype/doctype.json frappe/core/doctype/doctype/doctype_list.js:31 frappe/core/doctype/page/page.json frappe/core/doctype/report/report.json frappe/core/doctype/user_type_module/user_type_module.json frappe/desk/doctype/dashboard/dashboard.json frappe/desk/doctype/dashboard_chart/dashboard_chart.json frappe/desk/doctype/dashboard_chart_source/dashboard_chart_source.json frappe/desk/doctype/form_tour/form_tour.json frappe/desk/doctype/module_onboarding/module_onboarding.json frappe/desk/doctype/number_card/number_card.json frappe/desk/doctype/workspace/workspace.json frappe/desk/doctype/workspace_sidebar/workspace_sidebar.json frappe/email/doctype/notification/notification.json frappe/printing/doctype/print_format/print_format.json frappe/printing/doctype/print_format_field_template/print_format_field_template.json frappe/public/js/frappe/utils/utils.js:960 frappe/website/doctype/web_form/web_form.json frappe/website/doctype/web_template/web_template.json frappe/website/doctype/website_theme/website_theme.json
frappe,P2,missing,Module (for export),Module (pour l'export),frappe/core/doctype/server_script/server_script.json frappe/custom/doctype/client_script/client_script.json frappe/custom/doctype/custom_field/custom_field.json frappe/custom/doctype/property_setter/property_setter.json frappe/website/doctype/web_page/web_page.json
frappe,P2,missing,Module Def,Définition du module,frappe/core/doctype/module_def/module_def.json frappe/core/workspace/build/build.json
frappe,P2,missing,Module HTML,Module HTML,frappe/core/doctype/module_profile/module_profile.json
frappe,P2,missing,Module Profile,Profil du module,frappe/core/doctype/module_profile/module_profile.json frappe/core/doctype/user/user.json frappe/core/workspace/users/users.json
frappe,P2,missing,Module Profile Name,Nom du profil du module,frappe/core/doctype/module_profile/module_profile.json
frappe,P2,missing,Module onboarding progress reset,Réinitialisation de la progression de l'intégration du module,frappe/desk/doctype/module_onboarding/module_onboarding.py:73
frappe,P2,missing,Modules,Modules,frappe/core/doctype/package/package.json frappe/core/workspace/build/build.json
frappe,P2,missing,Modules HTML,Module HTML,frappe/core/doctype/user/user.json
frappe,P2,missing,Monday,Lundi,frappe/automation/doctype/assignment_rule_day/assignment_rule_day.json frappe/automation/doctype/auto_repeat_day/auto_repeat_day.json frappe/core/doctype/language/language.json frappe/core/doctype/system_settings/system_settings.json frappe/desk/doctype/event/event.json frappe/email/doctype/auto_email_report/auto_email_report.json
frappe,P2,missing,"Monitor logs for errors, background jobs, communications, and user activity","Surveillez les journaux pour détecter les erreurs, les tâches en arrière-plan, les communications et l'activité des utilisateurs.",frappe/core/workspace/build/build.json
frappe,P2,missing,Monthly,Mensuel,frappe/automation/doctype/auto_repeat/auto_repeat.json frappe/core/doctype/scheduled_job_type/scheduled_job_type.json frappe/core/doctype/server_script/server_script.json frappe/desk/doctype/dashboard_chart/dashboard_chart.json frappe/desk/doctype/event/event.json frappe/desk/doctype/number_card/number_card.json frappe/email/doctype/auto_email_report/auto_email_report.json frappe/public/js/frappe/utils/common.js:409 frappe/website/report/website_analytics/website_analytics.js:25
frappe,P2,missing,More Info,Plus d'informations,frappe/core/doctype/permission_log/permission_log.json
frappe,P2,missing,Move,Se déplacer,frappe/core/doctype/communication/communication.js:86 frappe/core/doctype/communication/communication.js:194 frappe/core/doctype/communication/communication.js:212 frappe/public/js/frappe/form/grid_row_form.js:44
frappe,P2,missing,Move to next step when clicked inside highlighted area.,Passez à l’étape suivante lorsque vous cliquez dans la zone en surbrillance.,frappe/desk/doctype/form_tour_step/form_tour_step.json
frappe,P2,missing,Mozilla doesn't support :has() so you can pass parent selector here as workaround,"Mozilla ne prend pas en charge :has(), vous pouvez donc transmettre le sélecteur parent ici comme solution de contournement",frappe/desk/doctype/form_tour_step/form_tour_step.json
frappe,P2,missing,Mr,M,frappe/desk/page/setup_wizard/install_fixtures.py:43
frappe,P2,missing,Mrs,Mme,frappe/desk/page/setup_wizard/install_fixtures.py:47
frappe,P2,missing,Ms,MS,frappe/desk/page/setup_wizard/install_fixtures.py:44
frappe,P2,missing,Mx,MX,frappe/desk/page/setup_wizard/install_fixtures.py:45
frappe,P2,missing,MyISAM,MonISAM,frappe/core/doctype/doctype/doctype.json
frappe,P2,missing,Name,Nom,frappe/core/doctype/docfield/docfield.json frappe/core/doctype/doctype/doctype_list.js:22 frappe/custom/doctype/customize_form_field/customize_form_field.json frappe/desk/doctype/workspace/workspace.json frappe/integrations/doctype/slack_webhook_url/slack_webhook_url.json frappe/public/js/frappe/form/layout.js:76 frappe/public/js/frappe/form/multi_select_dialog.js:240 frappe/public/js/frappe/form/save.js:168 frappe/public/js/frappe/views/file/file_view.js:97 frappe/website/doctype/website_slideshow/website_slideshow.js:25
frappe,P2,missing,"Name already taken, please set a new name","Nom déjà pris, veuillez définir un nouveau nom",frappe/desk/utils.py:24
frappe,P2,missing,Naming Rule,Règle de dénomination,frappe/core/doctype/doctype/doctype.json frappe/custom/doctype/customize_form/customize_form.json
frappe,P2,missing,Naming Series,Série de noms,frappe/core/doctype/document_naming_settings/document_naming_settings.json
frappe,P2,missing,Navbar Style,Style de la barre de navigation,frappe/desk/doctype/desktop_settings/desktop_settings.json
frappe,P2,missing,Navigation Settings,Paramètres de navigation,frappe/core/doctype/user/user.json
frappe,P2,missing,Need Workspace Manager role to edit private workspace of other users,Besoin du rôle Workspace Manager pour modifier l'espace de travail privé des autres utilisateurs,frappe/desk/doctype/workspace/workspace.py:356
frappe,P2,missing,Never,Jamais,frappe/core/doctype/system_settings/system_settings.json
frappe,P2,missing,New,Nouveau,frappe/core/doctype/success_action/success_action.js:57 frappe/core/page/dashboard_view/dashboard_view.js:173 frappe/desk/doctype/todo/todo.js:46 frappe/desk/doctype/workspace_shortcut/workspace_shortcut.json frappe/email/doctype/notification/notification.json frappe/public/js/frappe/form/success_action.js:77 frappe/public/js/frappe/views/treeview.js:473 frappe/website/doctype/web_form/templates/web_list.html:15
frappe,P2,missing,New Document Form,Nouveau formulaire de document,frappe/desk/doctype/form_tour/form_tour.json
frappe,P2,missing,New Role,Nouveau rôle,frappe/core/doctype/role_replication/role_replication.json
frappe,P2,missing,New Users (Last 30 days),Nouveaux utilisateurs (30 derniers jours),frappe/desk/doctype/system_health_report/system_health_report.json
frappe,P2,missing,New Value,Nouvelle valeur,frappe/core/doctype/version/version_view.html:15 frappe/core/doctype/version/version_view.html:77
frappe,P2,missing,Newly created user {0} has no roles enabled.,L'utilisateur nouvellement créé {0} n'a aucun rôle activé.,frappe/core/doctype/user/user.py:853
frappe,P2,missing,Next Execution,Prochaine exécution,frappe/core/doctype/scheduled_job_type/scheduled_job_type.json
frappe,P2,missing,Next Form Tour,Visite guidée du formulaire suivant,frappe/desk/doctype/form_tour_step/form_tour_step.json
frappe,P2,missing,Next Step Condition,Condition de l'étape suivante,frappe/desk/doctype/form_tour_step/form_tour_step.json
frappe,P2,missing,Next on Click,Suivant sur Cliquez,frappe/desk/doctype/form_tour_step/form_tour_step.json
frappe,P2,missing,No,Non,frappe/core/doctype/page/page.json frappe/core/doctype/report/report.json frappe/email/doctype/notification/notification.py:102 frappe/email/doctype/notification/notification.py:104 frappe/integrations/doctype/ldap_settings/ldap_settings.json frappe/integrations/doctype/webhook/webhook.py:132 frappe/printing/doctype/print_format/print_format.json frappe/public/js/form_builder/utils.js:341 frappe/public/js/frappe/form/controls/link.js:573 frappe/public/js/frappe/list/base_list.js:949 frappe/public/js/frappe/list/list_sidebar_group_by.js:170 frappe/public/js/frappe/views/reports/query_report.js:1695 frappe/website/doctype/help_article/templates/help_article.html:26
frappe,P2,missing,No Data,Aucune donnée,frappe/core/doctype/data_export/exporter.py:162 frappe/email/doctype/auto_email_report/auto_email_report.py:309 frappe/public/js/form_builder/components/controls/TableControl.vue:64 frappe/public/js/frappe/data_import/import_preview.js:146 frappe/public/js/frappe/form/multi_select_dialog.js:224 frappe/public/js/frappe/utils/datatable.js:10 frappe/public/js/frappe/widgets/chart_widget.js:57
frappe,P2,missing,No RQ Workers connected. Try restarting the bench.,Aucun travailleur RQ connecté. Essayez de redémarrer le banc.,frappe/core/doctype/rq_worker/rq_worker_list.js:3
frappe,P2,missing,No Roles Specified,Aucun rôle spécifié,frappe/core/doctype/user/user.py:854
frappe,P2,missing,No Suggestions,Aucune suggestion,frappe/core/doctype/recorder/recorder.py:179
frappe,P2,missing,No automatic optimization suggestions available.,Aucune suggestion d'optimisation automatique disponible.,frappe/core/doctype/recorder/recorder.py:178
frappe,P2,missing,No changes to update,Aucune modification à mettre à jour,frappe/core/doctype/data_import/importer.py:298
frappe,P2,missing,No data to export,Aucune donnée à exporter,frappe/desk/query_report.py:382
frappe,P2,missing,No email addresses to invite,Aucune adresse e-mail à inviter,frappe/core/api/user_invitation.py:17
frappe,P2,missing,No failed logs,Aucun journal ayant échoué,frappe/core/doctype/data_import/data_import.js:504
frappe,P2,missing,No of Requested SMS,Nombre de SMS demandés,frappe/core/doctype/sms_log/sms_log.json
frappe,P2,missing,No of Sent SMS,Nombre de SMS envoyés,frappe/core/doctype/sms_log/sms_log.json
frappe,P2,missing,No user has the role <strong>{0}</strong>,Aucun utilisateur n'a le rôle <strong>{0}</strong>,frappe/core/page/permission_manager/permission_manager.js:362
frappe,P2,missing,Non-Conforming,Non conforme,frappe/desk/page/setup_wizard/install_fixtures.py:33
frappe,P2,missing,Normalized Copies,Copies normalisées,frappe/core/doctype/recorder_query/recorder_query.json
frappe,P2,missing,Normalized Query,Requête normalisée,frappe/core/doctype/recorder_query/recorder_query.json
frappe,P2,missing,Not Allowed,Non autorisé,frappe/core/doctype/user/user.py:1076 frappe/templates/includes/login/login.js:257 frappe/utils/oauth.py:298
frappe,P2,missing,Not Nullable,Non Nullable,frappe/core/doctype/docfield/docfield.json
frappe,P2,missing,Not Permitted,Non autorisé,frappe/__init__.py:549 frappe/app.py:383 frappe/desk/calendar.py:28 frappe/public/js/frappe/web_form/webform_script.js:15 frappe/website/doctype/web_form/web_form.py:779 frappe/website/page_renderers/not_permitted_page.py:22 frappe/www/login.py:193 frappe/www/qrcode.py:22 frappe/www/qrcode.py:25 frappe/www/qrcode.py:37
frappe,P2,missing,Not Permitted to read {0},Non autorisé à lire {0},frappe/desk/query_report.py:631
frappe,P2,missing,Not allowed to create custom Virtual DocType.,Non autorisé à créer un Virtual DocType personnalisé.,frappe/core/doctype/doctype/doctype.py:337
frappe,P2,missing,Not permitted,Non autorisé,frappe/core/doctype/system_settings/system_settings.py:234 frappe/public/js/frappe/request.js:159 frappe/public/js/frappe/request.js:170 frappe/public/js/frappe/request.js:175 frappe/public/js/frappe/views/kanban/kanban_board.bundle.js:67 frappe/utils/messages.py:158 frappe/website/doctype/web_form/web_form.py:792 frappe/website/js/website.js:97
frappe,P2,untranslated_copy,Note,Note,frappe/automation/doctype/auto_repeat/auto_repeat.py:438 frappe/desk/doctype/note/note.json
frappe,P2,missing,Note: Etc timezones have their signs reversed.,Remarque : Les fuseaux horaires etc. ont leurs signes inversés.,frappe/core/doctype/user/user.js:35
frappe,P2,missing,Note: This will be shared with user.,Remarque : Ceci sera partagé avec l'utilisateur.,frappe/core/doctype/user/user.js:394
frappe,P2,missing,Notification,Notification,frappe/automation/doctype/auto_repeat/auto_repeat.json frappe/core/doctype/communication/mixins.py:142 frappe/email/doctype/notification/notification.json frappe/public/js/frappe/ui/sidebar/sidebar.js:258
frappe,P2,missing,Notification Settings,Paramètres de notification,frappe/desk/doctype/notification_settings/notification_settings.json frappe/public/js/frappe/ui/notifications/notifications.js:38
frappe,P2,missing,Notification Summary,Résumé des notifications,frappe/core/workspace/system/system.json
frappe,P2,missing,Notifications,Notifications,frappe/core/doctype/user/user.json frappe/public/js/frappe/ui/notifications/notifications.js:61 frappe/public/js/frappe/ui/notifications/notifications.js:218
frappe,P2,missing,Number Card Name,Numéro Nom de la carte,frappe/desk/doctype/workspace_number_card/workspace_number_card.json
frappe,P2,missing,Number of Queries,Nombre de requêtes,frappe/core/doctype/recorder/recorder.json
frappe,P2,missing,"Number of attachment fields are more than {}, limit updated to {}.","Le nombre de champs de pièce jointe est supérieur à {}, limite mise à jour à {}.",frappe/core/doctype/doctype/doctype.py:444 frappe/public/js/frappe/doctype/index.js:66
frappe,P2,missing,Number of backups must be greater than zero.,Le nombre de sauvegardes doit être supérieur à zéro.,frappe/core/doctype/system_settings/system_settings.py:189
frappe,P2,missing,Number of days after which the document Web View link shared on email will be expired,Nombre de jours après lesquels le lien Web View du document partagé par e-mail expirera,frappe/core/doctype/system_settings/system_settings.json
frappe,P2,missing,Number of keys,Nombre de clés,frappe/desk/doctype/system_health_report/system_health_report.json
frappe,P2,missing,Number of onsite backups,Nombre de sauvegardes sur site,frappe/desk/doctype/system_health_report/system_health_report.json
frappe,P2,missing,OPTIONS,OPTIONS,frappe/core/doctype/recorder/recorder.json
frappe,P2,missing,OTP SMS Template,Modèle SMS OTP,frappe/core/doctype/system_settings/system_settings.json
frappe,P2,missing,OTP SMS Template must contain <code>{0}</code> placeholder to insert the OTP.,Le modèle SMS OTP doit contenir un espace réservé <code>{0}</code> pour insérer l'OTP.,frappe/core/doctype/system_settings/system_settings.py:168
frappe,P2,missing,OTP placeholder should be defined as <code>{{ otp }}</code> ,L'espace réservé OTP doit être défini comme <code>{{ otp }}</code>,frappe/core/doctype/system_settings/system_settings.json
frappe,P2,missing,Occurrences,Occurrences,frappe/desk/doctype/system_health_report_errors/system_health_report_errors.json
frappe,P2,missing,Official Documentation,Documentation officielle,frappe/core/doctype/server_script/server_script.js:36
frappe,P2,missing,Offset X,Décalage X,frappe/desk/doctype/form_tour_step/form_tour_step.json
frappe,P2,missing,Offset Y,Décalage Y,frappe/desk/doctype/form_tour_step/form_tour_step.json
frappe,P2,missing,Oldest Unscheduled Job,Travail non planifié le plus ancien,frappe/desk/doctype/system_health_report/system_health_report.json
frappe,P2,missing,On Payment Authorization,Sur l'autorisation de paiement,frappe/core/doctype/server_script/server_script.json
frappe,P2,missing,On Payment Charge Processed,Sur frais de paiement traités,frappe/core/doctype/server_script/server_script.json
frappe,P2,missing,On Payment Failed,En cas d'échec du paiement,frappe/core/doctype/server_script/server_script.json
frappe,P2,missing,On Payment Mandate Acquisition Processed,Lors de l'acquisition du mandat de paiement traitée,frappe/core/doctype/server_script/server_script.json
frappe,P2,missing,On Payment Mandate Charge Processed,"Sur mandat de paiement, frais traités",frappe/core/doctype/server_script/server_script.json
frappe,P2,missing,On Payment Paid,Sur paiement payé,frappe/core/doctype/server_script/server_script.json
frappe,P2,missing,Onboard,À bord,frappe/desk/doctype/workspace_link/workspace_link.json frappe/public/js/frappe/widgets/widget_dialog.js:335
frappe,P2,missing,Onboarding Status,Statut d'intégration,frappe/core/doctype/user/user.json
frappe,P2,missing,"Once you have set this, the users will only be able access documents (eg. Blog Post) where the link exists (eg. Blogger).","Une fois que vous avez défini cela, les utilisateurs ne pourront accéder qu'aux documents (par exemple, article de blog) pour lesquels le lien existe (par exemple, Blogger).",frappe/core/page/permission_manager/permission_manager_help.html:35
frappe,P2,missing,Only System Managers can make this file public.,Seuls les gestionnaires système peuvent rendre ce fichier public.,frappe/core/doctype/file/file.py:167
frappe,P2,missing,Only Workspace Manager can edit public workspaces,Seul Workspace Manager peut modifier les espaces de travail publics,frappe/desk/doctype/workspace/workspace.js:32
frappe,P2,missing,Only allow System Managers to upload public files,Autoriser uniquement les gestionnaires système à télécharger des fichiers publics,frappe/core/doctype/system_settings/system_settings.json
frappe,P2,missing,Only for,Uniquement pour,frappe/desk/doctype/workspace_link/workspace_link.json frappe/public/js/frappe/widgets/widget_dialog.js:328
frappe,P2,missing,Only reports of type Report Builder can be deleted,Seuls les rapports de type Report Builder peuvent être supprimés,frappe/desk/reportview.py:360
frappe,P2,missing,Only reports of type Report Builder can be edited,Seuls les rapports de type Report Builder peuvent être modifiés,frappe/desk/reportview.py:331
frappe,P2,missing,Only the assignee can complete this to-do.,Seul le destinataire peut effectuer cette tâche.,frappe/desk/form/assign_to.py:198
frappe,P2,missing,Open,Ouvrir,frappe/contacts/doctype/contact/contact.json frappe/core/doctype/communication/communication.json frappe/core/doctype/deleted_document/deleted_document.js:7 frappe/desk/doctype/event/event.json frappe/desk/doctype/todo/todo.json frappe/workflow/doctype/workflow_action/workflow_action.json
frappe,P2,missing,Open,Ouvrir,frappe/desk/doctype/todo/todo_list.js:14
frappe,P2,missing,Open a dialog with mandatory fields to create a new record quickly. There must be at least one mandatory field to show in dialog.,Ouvrez une boîte de dialogue avec des champs obligatoires pour créer rapidement un nouvel enregistrement. Il doit y avoir au moins un champ obligatoire à afficher dans la boîte de dialogue.,frappe/core/doctype/doctype/doctype.json
frappe,P2,missing,Open reference document,Ouvrir le document de référence,frappe/core/doctype/error_log/error_log.js:15
frappe,P2,missing,Operation,Opération,frappe/core/doctype/activity_log/activity_log.json
frappe,P2,missing,Optimize,Optimiser,frappe/core/doctype/file/file.js:34 frappe/core/report/database_storage_usage_by_tables/database_storage_usage_by_tables.js:8 frappe/public/js/frappe/file_uploader/FilePreview.vue:31
frappe,P2,missing,Optimizing image...,Optimisation des images...,frappe/core/doctype/file/file.js:110
frappe,P2,missing,Options,Possibilités,frappe/core/doctype/docfield/docfield.json frappe/core/doctype/report_column/report_column.json frappe/core/doctype/report_filter/report_filter.json frappe/custom/doctype/custom_field/custom_field.json frappe/custom/doctype/customize_form_field/customize_form_field.json frappe/templates/form_grid/fields.html:43 frappe/website/doctype/web_form_field/web_form_field.json frappe/website/doctype/web_form_list_column/web_form_list_column.json frappe/website/doctype/web_template_field/web_template_field.json
frappe,P2,missing,Options for Rating field can range from 3 to 10,Les options du champ Note peuvent aller de 3 à 10.,frappe/core/doctype/doctype/doctype.py:1682
frappe,P2,missing,Orange,Orange,frappe/core/doctype/doctype_state/doctype_state.json frappe/desk/doctype/kanban_board_column/kanban_board_column.json
frappe,P2,missing,Original Value,Valeur originale,frappe/core/doctype/version/version_view.html:14 frappe/core/doctype/version/version_view.html:76
frappe,P2,missing,Outgoing Emails (Last 7 days),E-mails sortants (7 derniers jours),frappe/desk/doctype/system_health_report/system_health_report.json
frappe,P2,missing,PATCH,CORRECTIF,frappe/core/doctype/recorder/recorder.json
frappe,P2,missing,PID,PID,frappe/core/doctype/rq_worker/rq_worker.json
frappe,P2,missing,POST,POSTE,frappe/core/doctype/recorder/recorder.json frappe/integrations/doctype/webhook/webhook.json
frappe,P2,missing,PUT,METTRE,frappe/core/doctype/recorder/recorder.json frappe/integrations/doctype/webhook/webhook.json
frappe,P2,missing,Package,Emballer,frappe/core/doctype/module_def/module_def.json frappe/core/doctype/package/package.json frappe/core/doctype/package_release/package_release.json frappe/core/workspace/build/build.json frappe/www/attribution.html:34
frappe,P2,missing,Package Import,Importation de packages,frappe/core/doctype/package_import/package_import.json frappe/core/workspace/build/build.json
frappe,P2,missing,Package Name,Nom du paquet,frappe/core/doctype/package/package.json
frappe,P2,missing,Package Release,Version du package,frappe/core/doctype/package_release/package_release.json
frappe,P2,missing,Packages,Forfaits,frappe/core/workspace/build/build.json
frappe,P2,missing,"Packages are lightweight apps (collection of Module Defs) that can be created, imported, or released right from the UI","Les packages sont des applications légères (collection de modules Defs) qui peuvent être créées, importées ou publiées directement depuis l'interface utilisateur.",frappe/core/workspace/build/build.json
frappe,P2,missing,Page,Page,frappe/core/doctype/custom_role/custom_role.json frappe/core/doctype/page/page.json frappe/core/doctype/role_permission_for_page_and_report/role_permission_for_page_and_report.json frappe/core/workspace/build/build.json frappe/desk/doctype/form_tour/form_tour.json frappe/desk/doctype/workspace/workspace.json frappe/desk/doctype/workspace_link/workspace_link.json frappe/desk/doctype/workspace_shortcut/workspace_shortcut.json frappe/desk/doctype/workspace_sidebar_item/workspace_sidebar_item.json
frappe,P2,missing,Page HTML,Page HTML,frappe/core/doctype/page/page.json
frappe,P2,missing,Page Route,Itinéraire des pages,frappe/desk/doctype/form_tour/form_tour.json
frappe,P2,missing,Parameter,Paramètre,frappe/core/doctype/sms_parameter/sms_parameter.json
frappe,P2,missing,Parent DocType,Type de document parent,frappe/core/doctype/doctype_link/doctype_link.json
frappe,P2,missing,Parent Document Type,Type de document parent,frappe/desk/doctype/dashboard_chart/dashboard_chart.json frappe/desk/doctype/number_card/number_card.json
frappe,P2,missing,Parent Document Type is required to create a number card,Le type de document parent est requis pour créer une carte numérique,frappe/desk/doctype/number_card/number_card.py:66
frappe,P2,missing,Parent Element Selector,Sélecteur d'élément parent,frappe/desk/doctype/form_tour_step/form_tour_step.json
frappe,P2,missing,Parent Field,Champ parent,frappe/desk/doctype/form_tour_step/form_tour_step.json
frappe,P2,missing,Parent Icon,Icône Parent,frappe/desk/doctype/desktop_icon/desktop_icon.json
frappe,P2,missing,Parent Missing,Parent disparu,frappe/core/doctype/doctype/doctype.py:1212
frappe,P2,missing,Parent Page,Page Parents,frappe/desk/doctype/workspace/workspace.json
frappe,P2,missing,Parent document type is required to create a dashboard chart,Le type de document parent est requis pour créer un tableau de bord,frappe/desk/doctype/dashboard_chart/dashboard_chart.py:404
frappe,P2,missing,Partial Success,Succès partiel,frappe/core/doctype/data_import/data_import.json
frappe,P2,missing,Pass,Passer,frappe/desk/doctype/system_health_report/system_health_report.json
frappe,P2,missing,Password Email Sent,Mot de passe E-mail envoyé,frappe/core/doctype/user/user.py:1141
frappe,P2,missing,Password requirements not met,Les exigences en matière de mot de passe ne sont pas remplies,frappe/core/doctype/user/user.py:1307
frappe,P2,missing,Password reset instructions have been sent to {}'s email,Les instructions de réinitialisation du mot de passe ont été envoyées à l'adresse e-mail de {},frappe/core/doctype/user/user.py:1140
frappe,P2,missing,Password size exceeded the maximum allowed size.,La taille du mot de passe dépasse la taille maximale autorisée.,frappe/core/doctype/user/user.py:926
frappe,P2,missing,Payload Count,Nombre de charges utiles,frappe/core/doctype/data_import/data_import.json
frappe,P2,missing,Peak Memory Usage,Utilisation maximale de la mémoire,frappe/core/doctype/prepared_report/prepared_report.json
frappe,P2,missing,Pending,En attente,frappe/core/doctype/data_import/data_import.json frappe/core/doctype/translation/translation.json frappe/core/doctype/user_invitation/user_invitation.json frappe/website/doctype/personal_data_deletion_step/personal_data_deletion_step.json
frappe,P2,missing,Pending Emails,E-mails en attente,frappe/desk/doctype/system_health_report/system_health_report.json
frappe,P2,missing,Pending Jobs,Travaux en attente,frappe/desk/doctype/system_health_report_queue/system_health_report_queue.json
frappe,P2,missing,Percent,Pour cent,frappe/core/doctype/docfield/docfield.json frappe/custom/doctype/custom_field/custom_field.json frappe/custom/doctype/customize_form_field/customize_form_field.json
frappe,P2,missing,Permission Inspector,Inspecteur des autorisations,frappe/core/doctype/permission_inspector/permission_inspector.json
frappe,P2,missing,Permission Levels,Niveaux d'autorisation,frappe/core/page/permission_manager/permission_manager_help.html:22
frappe,P2,missing,Permission Log,Journal des autorisations,frappe/core/doctype/permission_log/permission_log.json
frappe,P2,missing,Permission Manager,Gestionnaire d'autorisations,frappe/core/workspace/users/users.json
frappe,P2,missing,Permission Query,Requête d'autorisation,frappe/core/doctype/server_script/server_script.json
frappe,P2,missing,Permission Type,Type d'autorisation,frappe/core/doctype/permission_inspector/permission_inspector.json frappe/core/doctype/permission_type/permission_type.json
frappe,P2,missing,Permission Type '{0}' is reserved. Please choose another name.,Le type d’autorisation « {0} » est réservé. Veuillez choisir un autre nom.,frappe/core/doctype/permission_type/permission_type.py:40
frappe,P2,missing,Permissions Error,Erreur d'autorisations,frappe/core/doctype/doctype/doctype.py:1869 frappe/core/doctype/doctype/doctype.py:1879
frappe,P2,missing,Permissions are automatically applied to Standard Reports and searches.,Les autorisations sont automatiquement appliquées aux rapports et aux recherches standard.,frappe/core/page/permission_manager/permission_manager_help.html:10
frappe,P2,missing,"Permissions are set on Roles and Document Types (called DocTypes) by setting rights like Read, Write, Create, Delete, Submit, Cancel, Amend, Report, Import, Export, Print, Email and Set User Permissions.","Les autorisations sont définies sur les rôles et les types de documents (appelés DocTypes) en définissant des droits tels que Lire, Écrire, Créer, Supprimer, Soumettre, Annuler, Modifier, Rapport, Importer, Exporter, Imprimer, Envoyer par courrier électronique et définir les autorisations utilisateur.",frappe/core/page/permission_manager/permission_manager_help.html:5
frappe,P2,missing,Permissions at higher levels are Field Level permissions. All Fields have a Permission Level set against them and the rules defined at that permissions apply to the field. This is useful in case you want to hide or make certain field read-only for certain Roles.,Les autorisations aux niveaux supérieurs sont des autorisations au niveau du champ. Tous les champs ont un niveau d'autorisation défini et les règles définies pour ces autorisations s'appliquent au champ. Ceci est utile si vous souhaitez masquer ou rendre certains champs en lecture seule pour certains rôles.,frappe/core/page/permission_manager/permission_manager_help.html:26
frappe,P2,missing,"Permissions at level 0 are Document Level permissions, i.e. they are primary for access to the document.","Les autorisations au niveau 0 sont des autorisations au niveau du document, c'est-à-dire qu'elles sont principales pour l'accès au document.",frappe/core/page/permission_manager/permission_manager_help.html:24
frappe,P2,missing,Permissions get applied on Users based on what Roles they are assigned.,Les autorisations sont appliquées aux utilisateurs en fonction des rôles qui leur sont attribués.,frappe/core/page/permission_manager/permission_manager_help.html:6
frappe,P2,missing,Phone,Téléphone,frappe/contacts/doctype/address/address.json frappe/contacts/doctype/contact/contact.json frappe/contacts/report/addresses_and_contacts/addresses_and_contacts.py:47 frappe/core/doctype/communication/communication.json frappe/core/doctype/docfield/docfield.json frappe/core/doctype/user/user.json frappe/core/web_form/edit_profile/edit_profile.json frappe/custom/doctype/custom_field/custom_field.json frappe/custom/doctype/customize_form_field/customize_form_field.json frappe/website/doctype/contact_us_settings/contact_us_settings.json frappe/website/doctype/web_form_field/web_form_field.json
frappe,P2,missing,Pink,Rose,frappe/core/doctype/doctype_state/doctype_state.json frappe/desk/doctype/kanban_board_column/kanban_board_column.json
frappe,P2,missing,Placeholder,Espace réservé,frappe/core/doctype/docfield/docfield.json frappe/custom/doctype/custom_field/custom_field.json frappe/custom/doctype/customize_form_field/customize_form_field.json frappe/website/doctype/web_form_field/web_form_field.json
frappe,P2,missing,Please attach the package,Veuillez joindre le colis,frappe/core/doctype/package_import/package_import.py:39
frappe,P2,missing,Please click Edit on the Workspace for best results,Veuillez cliquer sur Modifier dans l'espace de travail pour de meilleurs résultats,frappe/desk/doctype/workspace/workspace.js:23
frappe,P2,missing,"Please click on 'Export Errored Rows', fix the errors and import again.","Veuillez cliquer sur « Exporter les lignes erronées », corrigez les erreurs et importez à nouveau.",frappe/core/doctype/data_import/data_import.js:164
frappe,P2,missing,Please delete the field from {0} or add the required doctype.,Veuillez supprimer le champ de {0} ou ajouter le type de document requis.,frappe/desk/form/meta.py:193
frappe,P2,missing,Please enable atleast one Social Login Key or LDAP or Login With Email Link before disabling username/password based login.,Veuillez activer au moins une clé de connexion sociale ou LDAP ou une connexion avec un lien de courrier électronique avant de désactiver la connexion basée sur un nom d'utilisateur/un mot de passe.,frappe/core/doctype/system_settings/system_settings.py:182
frappe,P2,missing,Please enable pop-ups,Veuillez activer les pop-ups,frappe/desk/doctype/notification_log/notification_log.js:45 frappe/email/doctype/auto_email_report/auto_email_report.js:17 frappe/printing/page/print/print.js:697 frappe/printing/page/print/print.js:733 frappe/public/js/frappe/list/bulk_operations.js:161 frappe/public/js/frappe/utils/utils.js:1577
frappe,P2,missing,Please setup default outgoing Email Account from Settings > Email Account,Veuillez configurer le compte de messagerie sortant par défaut dans Paramètres > Compte de messagerie.,frappe/core/doctype/user/user.py:462
frappe,P2,missing,Polling,Vote,frappe/desk/doctype/system_health_report/system_health_report.json
frappe,P2,missing,Popover Element,Élément pop-over,frappe/desk/doctype/form_tour_step/form_tour_step.json
frappe,P2,missing,Popover or Modal Description,Popover ou description modale,frappe/desk/doctype/form_tour_step/form_tour_step.json
frappe,P2,missing,Position,Position,frappe/desk/doctype/form_tour_step/form_tour_step.json
frappe,P2,missing,Posting Timestamp,Horodatage de publication,frappe/desk/doctype/changelog_feed/changelog_feed.json
frappe,P2,missing,Precision ({0}) for {1} cannot be greater than its length ({2}).,La précision ({0}) pour {1} ne peut pas être supérieure à sa longueur ({2}).,frappe/core/doctype/doctype/doctype.py:1691
frappe,P2,missing,Prefer not to say,Je préfère ne pas dire,frappe/desk/page/setup_wizard/install_fixtures.py:34
frappe,P2,missing,Prepared Report Analytics,Rapport d'analyse préparé,frappe/core/report/prepared_report_analytics/prepared_report_analytics.json
frappe,P2,missing,Prepared report render failed,Échec du rendu du rapport préparé,frappe/desk/query_report.py:309
frappe,P2,missing,Preview,Aperçu,frappe/core/doctype/data_import/data_import.json frappe/core/doctype/file/file.json frappe/desk/doctype/custom_html_block/custom_html_block.json frappe/email/doctype/notification/notification.js:204 frappe/integrations/doctype/webhook/webhook.js:90 frappe/printing/doctype/print_style/print_style.json frappe/public/js/frappe/form/controls/markdown_editor.js:17 frappe/public/js/frappe/form/controls/markdown_editor.js:31 frappe/public/js/frappe/ui/capture.js:236
frappe,P2,missing,Preview of generated names,Aperçu des noms générés,frappe/core/doctype/document_naming_settings/document_naming_settings.json
frappe,P2,missing,Print,Imprimer,frappe/core/doctype/custom_docperm/custom_docperm.json frappe/core/doctype/docperm/docperm.json frappe/core/doctype/success_action/success_action.js:58 frappe/core/doctype/user_document_type/user_document_type.json frappe/printing/page/print/print.js:79 frappe/public/js/frappe/form/success_action.js:81 frappe/public/js/frappe/form/templates/print_layout.html:46 frappe/public/js/frappe/form/toolbar.js:393 frappe/public/js/frappe/form/toolbar.js:405 frappe/public/js/frappe/list/bulk_operations.js:95 frappe/public/js/frappe/views/reports/query_report.js:1819 frappe/public/js/frappe/views/reports/report_view.js:1533 frappe/public/js/frappe/views/treeview.js:492 frappe/www/printview.html:18
frappe,P2,missing,Priority,Priorité,frappe/automation/doctype/assignment_rule/assignment_rule.json frappe/core/doctype/document_naming_rule/document_naming_rule.json frappe/desk/doctype/todo/todo.json frappe/desk/report/todo/todo.py:37 frappe/email/doctype/email_queue/email_queue.json frappe/public/js/frappe/form/sidebar/assign_to.js:214 frappe/website/doctype/web_page/web_page.json
frappe,P2,missing,Private Files (MB),Fichiers privés (Mo),frappe/desk/doctype/system_health_report/system_health_report.json
frappe,P2,missing,Proceed,Procéder,frappe/core/doctype/document_naming_rule/document_naming_rule.js:22
frappe,P2,missing,Prof,Prof,frappe/desk/page/setup_wizard/install_fixtures.py:51
frappe,P2,missing,Profile,Profil,frappe/core/doctype/user/user.json
frappe,P2,missing,Profile Picture,Photo de profil,frappe/core/web_form/edit_profile/edit_profile.json
frappe,P2,missing,Property,Propriété,frappe/core/doctype/version/version_view.html:13 frappe/core/doctype/version/version_view.html:38 frappe/core/doctype/version/version_view.html:75 frappe/custom/doctype/property_setter/property_setter.json
frappe,P2,missing,Protect Attached Files,Protéger les fichiers joints,frappe/core/doctype/doctype/doctype.json frappe/custom/doctype/customize_form/customize_form.json
frappe,P2,missing,Protected File,Fichier protégé,frappe/core/doctype/file/file.py:533
frappe,P2,missing,"Provide a list of allowed file extensions for file uploads. Each line should contain one allowed file type. If unset, all file extensions are allowed. Example: <br>CSV<br>JPG<br>PNG","Fournissez une liste des extensions de fichiers autorisées pour les téléchargements de fichiers. Chaque ligne doit contenir un type de fichier autorisé. Si cette option n'est pas définie, toutes les extensions de fichiers sont autorisées. Exemple : <br>CSV<br>JPG<br>PNG",frappe/core/doctype/system_settings/system_settings.json
frappe,P2,missing,Public,Publique,frappe/desk/doctype/event/event.json frappe/desk/doctype/note/note.json frappe/desk/doctype/note/note_list.js:6 frappe/desk/doctype/workspace/workspace.json frappe/public/js/frappe/views/interaction.js:78 frappe/public/js/frappe/views/workspace/workspace.js:454
frappe,P2,missing,Public Files (MB),Fichiers publics (Mo),frappe/desk/doctype/system_health_report/system_health_report.json
frappe,P2,missing,Purple,Violet,frappe/core/doctype/doctype_state/doctype_state.json frappe/desk/doctype/kanban_board_column/kanban_board_column.json
frappe,P2,missing,Python,Python,frappe/desk/doctype/system_console/system_console.json frappe/email/doctype/notification/notification.json
frappe,P2,missing,Quarterly,Trimestriel,frappe/automation/doctype/auto_repeat/auto_repeat.json frappe/desk/doctype/dashboard_chart/dashboard_chart.json frappe/desk/doctype/event/event.json frappe/email/doctype/auto_email_report/auto_email_report.json frappe/public/js/frappe/utils/common.js:410
frappe,P2,missing,Query analysis complete. Check suggested indexes.,Analyse de la requête terminée. Vérifiez les index suggérés.,frappe/core/doctype/recorder/recorder.py:188
frappe,P2,missing,Queue,File d'attente,frappe/core/doctype/rq_job/rq_job.json frappe/desk/doctype/system_health_report_queue/system_health_report_queue.json
frappe,P2,missing,Queue Status,Statut de la file d'attente,frappe/desk/doctype/system_health_report/system_health_report.json
frappe,P2,missing,Queue Type(s),Type(s) de file d'attente,frappe/core/doctype/rq_worker/rq_worker.json
frappe,P2,missing,Queue in Background (BETA),File d'attente en arrière-plan (BÊTA),frappe/core/doctype/doctype/doctype.json frappe/custom/doctype/customize_form/customize_form.json
frappe,P2,missing,Queue(s),File(s) d'attente,frappe/core/doctype/rq_worker/rq_worker.json
frappe,P2,missing,Queued At,En file d'attente à,frappe/core/doctype/prepared_report/prepared_report.json
frappe,P2,missing,Queued By,En file d'attente par,frappe/core/doctype/prepared_report/prepared_report.json
frappe,P2,missing,Queued for Submission. You can track the progress over {0}.,En file d'attente pour la soumission. Vous pouvez suivre la progression sur {0}.,frappe/core/doctype/submission_queue/submission_queue.py:186
frappe,P2,missing,Queues,Files d'attente,frappe/desk/doctype/system_health_report_workers/system_health_report_workers.json
frappe,P2,missing,Queuing {0} for Submission,Mise en file d'attente de {0} pour la soumission,frappe/desk/doctype/bulk_update/bulk_update.py:85
frappe,P2,missing,Quick Entry,Entrée rapide,frappe/core/doctype/doctype/doctype.json frappe/custom/doctype/customize_form/customize_form.json
frappe,P2,missing,Quick Help for Setting Permissions,Aide rapide pour définir les autorisations,frappe/core/page/permission_manager/permission_manager_help.html:3
frappe,P2,missing,Quick List Filter,Filtre de liste rapide,frappe/desk/doctype/workspace_quick_list/workspace_quick_list.json
frappe,P2,missing,Quick Lists,Listes rapides,frappe/desk/doctype/workspace/workspace.json
frappe,P2,missing,RQ Job,Emploi QR,frappe/core/doctype/rq_job/rq_job.json
frappe,P2,missing,RQ Worker,Travailleur RQ,frappe/core/doctype/rq_worker/rq_worker.json
frappe,P2,missing,Random,Aléatoire,frappe/core/doctype/doctype/doctype.json frappe/custom/doctype/customize_form/customize_form.json
frappe,P2,missing,Rate Limiting,Limitation du débit,frappe/core/doctype/server_script/server_script.json
frappe,P2,missing,Rate limit for email link login,Limite de débit pour la connexion par lien e-mail,frappe/core/doctype/system_settings/system_settings.json
frappe,P2,missing,Rating,Notation,frappe/core/doctype/docfield/docfield.json frappe/custom/doctype/custom_field/custom_field.json frappe/custom/doctype/customize_form_field/customize_form_field.json frappe/website/doctype/web_form_field/web_form_field.json
frappe,P2,missing,Re-Run in Console,Réexécuter dans la console,frappe/desk/doctype/console_log/console_log.js:6
frappe,P2,missing,Re: {0},Objet : {0},frappe/core/doctype/communication/communication.js:268 frappe/public/js/frappe/form/footer/form_timeline.js:601 frappe/public/js/frappe/views/communication.js:361
frappe,P2,missing,Read Only Depends On (JS),Lecture seule dépend de (JS),frappe/core/doctype/docfield/docfield.json
frappe,P2,missing,Read mode,Mode lecture,frappe/desk/doctype/note/note.js:10
frappe,P2,missing,Readme,Lisez-moi,frappe/core/doctype/package/package.json
frappe,P2,missing,Realtime (SocketIO),Temps réel (SocketIO),frappe/desk/doctype/system_health_report/system_health_report.json
frappe,P2,missing,Received,Reçu,frappe/core/doctype/communication/communication.json
frappe,P2,missing,Recipient Account Field,Champ du compte du destinataire,frappe/core/doctype/doctype/doctype.json frappe/custom/doctype/customize_form/customize_form.json
frappe,P2,missing,Recorder Query,Requête d'enregistreur,frappe/core/doctype/recorder_query/recorder_query.json
frappe,P2,missing,Recorder Suggested Index,Index suggéré par l'enregistreur,frappe/core/doctype/recorder_suggested_index/recorder_suggested_index.json
frappe,P2,missing,Records for following doctypes will be filtered,Les enregistrements des types de documents suivants seront filtrés,frappe/core/doctype/user_permission/user_permission_help.html:2
frappe,P2,missing,Recursive Fetch From,Récupération récursive depuis,frappe/core/doctype/doctype/doctype.py:1623
frappe,P2,missing,Red,Rouge,frappe/core/doctype/doctype_state/doctype_state.json frappe/desk/doctype/kanban_board_column/kanban_board_column.json
frappe,P2,missing,Redirect To Path,Redirection vers le chemin,frappe/core/doctype/user_invitation/user_invitation.json
frappe,P2,missing,Redirect to the selected app after login,Redirection vers l'application sélectionnée après la connexion,frappe/core/doctype/system_settings/system_settings.json frappe/core/doctype/user/user.json
frappe,P2,missing,Referance Doctype and Dashboard Name both can't be used at the same time.,Le type de document de référence et le nom du tableau de bord ne peuvent pas être utilisés en même temps.,frappe/desk/doctype/form_tour/form_tour.js:38
frappe,P2,missing,Reference,Référence,frappe/contacts/doctype/address/address.json frappe/contacts/doctype/contact/contact.json frappe/core/doctype/activity_log/activity_log.json frappe/core/doctype/communication/communication.json frappe/core/doctype/permission_log/permission_log.json frappe/core/doctype/user_type/user_type_dashboard.py:5 frappe/desk/doctype/todo/todo.json frappe/desk/report/todo/todo.py:42 frappe/integrations/doctype/integration_request/integration_request.json frappe/public/js/frappe/views/interaction.js:54
frappe,P2,missing,Reference Doc,Document de référence,frappe/desk/doctype/event/event.json
frappe,P2,missing,Reference Document,Document de référence,frappe/automation/doctype/auto_repeat/auto_repeat.json frappe/automation/doctype/auto_repeat/auto_repeat_schedule.html:4 frappe/core/doctype/access_log/access_log.json frappe/desk/doctype/form_tour/form_tour.json frappe/desk/doctype/onboarding_step/onboarding_step.json frappe/integrations/doctype/webhook_request_log/webhook_request_log.json
frappe,P2,missing,Reference Document Name,Nom du document de référence,frappe/core/doctype/document_share_key/document_share_key.json frappe/integrations/doctype/integration_request/integration_request.json
frappe,P2,missing,Reference Document Type,Type de document de référence,frappe/automation/doctype/auto_repeat/auto_repeat.json frappe/core/doctype/activity_log/activity_log.json frappe/core/doctype/comment/comment.json frappe/core/doctype/communication/communication.json frappe/core/doctype/custom_docperm/custom_docperm.json frappe/core/doctype/custom_role/custom_role.json frappe/core/doctype/document_share_key/document_share_key.json frappe/core/doctype/server_script/server_script.json frappe/core/doctype/success_action/success_action.json frappe/core/doctype/view_log/view_log.json frappe/desk/doctype/calendar_view/calendar_view.json frappe/desk/doctype/event/event.json frappe/desk/doctype/event_participants/event_participants.json frappe/desk/doctype/kanban_board/kanban_board.json frappe/desk/doctype/list_filter/list_filter.json frappe/email/doctype/email_queue/email_queue.json frappe/email/doctype/email_unsubscribe/email_unsubscribe.json frappe/integrations/doctype/integration_request/integration_request.json frappe/website/doctype/portal_menu_item/portal_menu_item.json frappe/workflow/doctype/workflow_action/workflow_action.json
frappe,P2,missing,Reference Name,Nom de référence,frappe/core/doctype/activity_log/activity_log.json frappe/core/doctype/comment/comment.json frappe/core/doctype/communication/communication.js:152 frappe/core/doctype/communication/communication.json frappe/core/doctype/data_import_log/data_import_log.json frappe/core/doctype/error_log/error_log.json frappe/desk/doctype/event_participants/event_participants.json frappe/desk/doctype/todo/todo.json frappe/email/doctype/email_unsubscribe/email_unsubscribe.json frappe/workflow/doctype/workflow_action/workflow_action.json
frappe,P2,missing,Rejected,Rejeté,frappe/core/doctype/communication/communication.json frappe/core/doctype/translation/translation.json
frappe,P2,missing,Release,Libérer,frappe/core/doctype/package/package.json
frappe,P2,missing,Release Notes,Notes de version,frappe/core/doctype/package_release/package_release.json
frappe,P2,missing,Remove Failed Jobs,Supprimer les tâches ayant échoué,frappe/core/doctype/rq_job/rq_job_list.js:8
frappe,P2,missing,Removed,Supprimé,frappe/core/doctype/permission_log/permission_log.json
frappe,P2,missing,Reopen,Rouvrir,frappe/core/doctype/communication/communication.js:43 frappe/desk/doctype/todo/todo.js:36
frappe,P2,missing,Replicate,Reproduire,frappe/core/doctype/role_replication/role_replication.js:7 frappe/core/doctype/role_replication/role_replication.js:14
frappe,P2,missing,Replicating...,Réplication...,frappe/core/doctype/role_replication/role_replication.js:8
frappe,P2,missing,Replication completed.,Réplication terminée.,frappe/core/doctype/role_replication/role_replication.js:13
frappe,P2,missing,Replied,A répondu,frappe/contacts/doctype/contact/contact.json frappe/core/doctype/communication/communication.json
frappe,P2,missing,Report,Rapport,frappe/core/doctype/custom_docperm/custom_docperm.json frappe/core/doctype/custom_role/custom_role.json frappe/core/doctype/docperm/docperm.json frappe/core/doctype/report/report.json frappe/core/doctype/role_permission_for_page_and_report/role_permission_for_page_and_report.json frappe/core/report/prepared_report_analytics/prepared_report_analytics.js:8 frappe/core/workspace/build/build.json frappe/desk/doctype/dashboard_chart/dashboard_chart.json frappe/desk/doctype/form_tour/form_tour.json frappe/desk/doctype/number_card/number_card.json frappe/desk/doctype/sidebar_item_group_link/sidebar_item_group_link.json frappe/desk/doctype/system_health_report/system_health_report.json frappe/desk/doctype/workspace/workspace.json frappe/desk/doctype/workspace_link/workspace_link.json frappe/desk/doctype/workspace_shortcut/workspace_shortcut.json frappe/desk/doctype/workspace_sidebar_item/workspace_sidebar_item.json frappe/email/doctype/auto_email_report/auto_email_report.json frappe/printing/doctype/print_format/print_format.json frappe/printing/doctype/print_format/print_format.py:104 frappe/public/js/frappe/form/print_utils.js:31 frappe/public/js/frappe/request.js:616 frappe/public/js/frappe/ui/toolbar/search_utils.js:104 frappe/public/js/frappe/utils/utils.js:949
frappe,P2,missing,"Report Name, Report Field and Fucntion are required to create a number card","Le nom du rapport, le champ du rapport et la fonction sont requis pour créer une carte numérique.",frappe/desk/doctype/number_card/number_card.py:70
frappe,P2,missing,Report Ref DocType,Type de document de référence du rapport,frappe/desk/doctype/workspace_link/workspace_link.json frappe/desk/doctype/workspace_shortcut/workspace_shortcut.json
frappe,P2,missing,Report timed out.,Le rapport a expiré.,frappe/core/doctype/prepared_report/prepared_report.py:248
frappe,P2,missing,Report {0} deleted,Rapport {0} supprimé,frappe/desk/reportview.py:367
frappe,P2,missing,Report {0} saved,Rapport {0} enregistré,frappe/desk/reportview.py:344
frappe,P2,missing,Reports,Rapports,frappe/core/doctype/system_settings/system_settings.json frappe/public/js/frappe/ui/toolbar/search_utils.js:591
frappe,P2,missing,Represents a User in the system.,Représente un utilisateur dans le système.,frappe/core/doctype/user/user.json
frappe,P2,missing,Request Headers,En-têtes de demande,frappe/core/doctype/recorder/recorder.json frappe/integrations/doctype/integration_request/integration_request.json
frappe,P2,missing,Request Limit,Limite de demande,frappe/core/doctype/server_script/server_script.json
frappe,P2,missing,Requested Numbers,Numéros demandés,frappe/core/doctype/sms_log/sms_log.json
frappe,P2,missing,Res: {0},Rés : {0},frappe/core/doctype/communication/communication.js:279
frappe,P2,missing,Reset,Réinitialiser,frappe/desk/doctype/form_tour/form_tour.js:101 frappe/desk/doctype/global_search_settings/global_search_settings.js:19 frappe/desk/doctype/module_onboarding/module_onboarding.js:17 frappe/website/doctype/portal_settings/portal_settings.js:19
frappe,P2,missing,Reset Password Link Expiry Duration,Réinitialiser la durée d'expiration du lien de mot de passe,frappe/core/doctype/system_settings/system_settings.json
frappe,P2,missing,Reset Password Template,Réinitialiser le modèle de mot de passe,frappe/core/doctype/system_settings/system_settings.json
frappe,P2,missing,Retry,Réessayer,frappe/core/doctype/data_import/data_import.js:111 frappe/desk/page/setup_wizard/setup_wizard.js:297 frappe/email/doctype/email_queue/email_queue.json
frappe,P2,missing,Right Bottom,En bas à droite,frappe/desk/doctype/form_tour_step/form_tour_step.json
frappe,P2,missing,Right Center,Centre droit,frappe/desk/doctype/form_tour_step/form_tour_step.json
frappe,P2,missing,Role 'All' will be given to all system + website users.,Le rôle « Tous » sera attribué à tous les utilisateurs du système et du site Web.,frappe/core/doctype/role/role.js:8
frappe,P2,missing,Role 'Desk User' will be given to all system users.,Le rôle « Utilisateur du bureau » sera attribué à tous les utilisateurs du système.,frappe/core/doctype/role/role.js:13
frappe,P2,missing,Role Profiles,Profils de rôle,frappe/core/doctype/user/user.json
frappe,P2,missing,Role Replication,Réplication de rôle,frappe/core/doctype/role_replication/role_replication.json
frappe,P2,missing,Role has been set as per the user type {0},Le rôle a été défini selon le type d'utilisateur {0},frappe/core/doctype/user/user.py:403
frappe,P2,missing,Roles & Permissions,Rôles et autorisations,frappe/core/doctype/user/user.json
frappe,P2,missing,Roles can be set for users from their User page.,Les rôles peuvent être définis pour les utilisateurs à partir de leur page Utilisateur.,frappe/core/page/permission_manager/permission_manager_help.html:7
frappe,P2,missing,Rounding Method,Méthode d'arrondi,frappe/core/doctype/system_settings/system_settings.json
frappe,P2,missing,Route,Itinéraire,frappe/core/doctype/doctype/doctype.json frappe/core/doctype/doctype_action/doctype_action.json frappe/core/doctype/navbar_item/navbar_item.json frappe/custom/doctype/doctype_layout/doctype_layout.json frappe/desk/doctype/route_history/route_history.json frappe/website/doctype/help_article/help_article.json frappe/website/doctype/help_category/help_category.json frappe/website/doctype/portal_menu_item/portal_menu_item.json frappe/website/doctype/web_form/web_form.json frappe/website/doctype/web_page/web_page.json frappe/website/doctype/website_sidebar_item/website_sidebar_item.json
frappe,P2,missing,Route Options,Options d'itinéraire,frappe/desk/doctype/workspace_sidebar_item/workspace_sidebar_item.json
frappe,P2,missing,"Route: Example ""/app""","Itinéraire : exemple ""/app""",frappe/core/doctype/role/role.json
frappe,P2,missing,Row #,Rangée #,frappe/core/doctype/version/version_view.html:74
frappe,P2,missing,Row # {0}: Non administrator user can not set the role {1} to the custom doctype,Ligne n° {0} : un utilisateur non administrateur ne peut pas définir le rôle {1} sur le type de document personnalisé,frappe/core/doctype/doctype/doctype.py:1866 frappe/core/doctype/doctype/doctype.py:1876
frappe,P2,missing,Row #{}: Fieldname is required,Ligne n° {} : le nom du champ est obligatoire,frappe/core/doctype/doctype/doctype.py:505
frappe,P2,missing,Row Format,Format de ligne,frappe/core/doctype/doctype/doctype.json
frappe,P2,missing,Row Indexes,Index de lignes,frappe/core/doctype/data_import_log/data_import_log.json
frappe,P2,missing,Row Number,Numéro de ligne,frappe/core/doctype/data_import/data_import.js:509
frappe,P2,missing,Row Values Changed,Valeurs de ligne modifiées,frappe/core/doctype/version/version_view.html:69
frappe,P2,missing,Row {0},Ligne {0},frappe/core/doctype/data_import/data_import.js:393
frappe,P2,missing,Rows Threshold for Grid Search,Seuil de lignes pour la recherche dans la grille,frappe/core/doctype/doctype/doctype.json frappe/custom/doctype/customize_form/customize_form.json
frappe,P2,missing,Rules,Règles,frappe/core/doctype/doctype/doctype.json
frappe,P2,missing,Runtime in Minutes,Durée d'exécution en minutes,frappe/core/report/prepared_report_analytics/prepared_report_analytics.py:57
frappe,P2,missing,Runtime in Seconds,Durée d'exécution en secondes,frappe/core/report/prepared_report_analytics/prepared_report_analytics.py:57
frappe,P2,missing,SMS,SMS,frappe/core/doctype/communication/communication.json frappe/core/doctype/system_settings/system_settings.json frappe/email/doctype/notification/notification.json
frappe,P2,missing,SMS Log,Journal SMS,frappe/core/doctype/sms_log/sms_log.json
frappe,P2,missing,SMS Settings,Paramètres SMS,frappe/core/doctype/sms_settings/sms_settings.json frappe/integrations/workspace/integrations/integrations.json
frappe,P2,missing,SMS sent successfully,SMS envoyé avec succès,frappe/core/doctype/sms_settings/sms_settings.py:114
frappe,P2,missing,SQL,SQL,frappe/desk/doctype/system_console/system_console.json
frappe,P2,missing,SQL Explain,SQL Expliquer,frappe/core/doctype/recorder/recorder.js:85 frappe/core/doctype/recorder_query/recorder_query.json
frappe,P2,missing,SQL Output,Sortie SQL,frappe/desk/doctype/system_console/system_console.json
frappe,P2,missing,SQL Queries,Requêtes SQL,frappe/core/doctype/recorder/recorder.json
frappe,P2,missing,Saturday,Samedi,frappe/automation/doctype/assignment_rule_day/assignment_rule_day.json frappe/automation/doctype/auto_repeat_day/auto_repeat_day.json frappe/core/doctype/language/language.json frappe/core/doctype/system_settings/system_settings.json frappe/desk/doctype/event/event.json frappe/email/doctype/auto_email_report/auto_email_report.json
frappe,P2,missing,Save,Enregistrer,cypress/integration/web_form.js:52 frappe/core/doctype/data_import/data_import.js:119 frappe/email/doctype/notification/notification.json frappe/printing/page/print/print.js:923 frappe/printing/page/print_format_builder/print_format_builder.js:160 frappe/public/js/frappe/form/footer/form_timeline.js:678 frappe/public/js/frappe/form/quick_entry.js:185 frappe/public/js/frappe/list/list_settings.js:37 frappe/public/js/frappe/list/list_settings.js:245 frappe/public/js/frappe/list/list_view.js:1998 frappe/public/js/frappe/ui/toolbar/toolbar.js:267 frappe/public/js/frappe/utils/common.js:452 frappe/public/js/frappe/views/kanban/kanban_settings.js:45 frappe/public/js/frappe/views/kanban/kanban_settings.js:189 frappe/public/js/frappe/views/kanban/kanban_view.js:357 frappe/public/js/frappe/views/reports/query_report.js:1987 frappe/public/js/frappe/views/reports/report_view.js:1739 frappe/public/js/frappe/views/workspace/workspace.js:350 frappe/public/js/frappe/widgets/base_widget.js:142 frappe/public/js/frappe/widgets/quick_list_widget.js:120 frappe/public/js/print_format_builder/print_format_builder.bundle.js:15 frappe/public/js/workflow_builder/workflow_builder.bundle.js:33
frappe,P2,missing,Save on Completion,Économisez à la fin,frappe/desk/doctype/form_tour/form_tour.json
frappe,P2,missing,Saving this will export this document as well as the steps linked here as json.,Enregistrer ceci exportera ce document ainsi que les étapes liées ici au format json.,frappe/desk/doctype/module_onboarding/module_onboarding.js:8
frappe,P2,missing,Scheduled Against,Programmé contre,frappe/core/doctype/scheduler_event/scheduler_event.json
frappe,P2,missing,Scheduled Jobs Logs,Journaux des tâches planifiées,frappe/core/workspace/build/build.json
frappe,P2,missing,Scheduler,Planificateur,frappe/desk/doctype/system_health_report/system_health_report.json
frappe,P2,missing,Scheduler Inactive,Planificateur inactif,frappe/core/doctype/data_import/data_import.py:124
frappe,P2,missing,Scheduler Status,Statut du planificateur,frappe/desk/doctype/system_health_report/system_health_report.json
frappe,P2,missing,Scheduler is inactive. Cannot import data.,Le planificateur est inactif. Impossible d'importer des données.,frappe/core/doctype/data_import/data_import.py:124
frappe,P2,missing,Scheduler: Active,Planificateur : actif,frappe/core/doctype/rq_job/rq_job_list.js:28
frappe,P2,missing,Scheduler: Inactive,Planificateur : Inactif,frappe/core/doctype/rq_job/rq_job_list.js:30
frappe,P2,missing,Script,Scénario,frappe/core/doctype/report/report.json frappe/core/doctype/server_script/server_script.json frappe/custom/doctype/client_script/client_script.json frappe/desk/doctype/console_log/console_log.json frappe/website/doctype/web_page/web_page.json frappe/website/doctype/website_theme/website_theme.json
frappe,P2,missing,Scripting,Script,frappe/core/workspace/build/build.json frappe/website/doctype/web_page/web_page.json
frappe,P2,missing,Search,Recherche,frappe/core/doctype/system_settings/system_settings.json frappe/desk/page/desktop/desktop.html:19 frappe/public/js/frappe/form/link_selector.js:46 frappe/public/js/frappe/list/list_sidebar_stat.html:4 frappe/public/js/frappe/ui/address_autocomplete/autocomplete_dialog.js:20 frappe/public/js/frappe/ui/sidebar/sidebar.js:246 frappe/public/js/frappe/ui/toolbar/search.js:49 frappe/public/js/frappe/ui/toolbar/search.js:68 frappe/templates/discussions/search.html:2 frappe/templates/includes/search_template.html:26
frappe,P2,missing,Search Bar,Barre de recherche,frappe/core/doctype/user/user.json
frappe,P2,missing,Select,Sélectionner,frappe/core/doctype/custom_docperm/custom_docperm.json frappe/core/doctype/docfield/docfield.json frappe/core/doctype/docperm/docperm.json frappe/core/doctype/report_column/report_column.json frappe/core/doctype/report_filter/report_filter.json frappe/custom/doctype/custom_field/custom_field.json frappe/custom/doctype/customize_form_field/customize_form_field.json frappe/printing/page/print/print.js:661 frappe/website/doctype/web_form_field/web_form_field.json frappe/website/doctype/web_template_field/web_template_field.json
frappe,P2,missing,Select Currency,Sélectionnez la devise,frappe/desk/page/setup_wizard/setup_wizard.js:415
frappe,P2,missing,Select Document Types to set which User Permissions are used to limit access.,Sélectionnez Types de documents pour définir les autorisations utilisateur utilisées pour limiter l'accès.,frappe/core/page/permission_manager/permission_manager_help.html:34
frappe,P2,missing,Select List View,Sélectionnez la vue Liste,frappe/desk/doctype/form_tour/form_tour.json
frappe,P2,missing,Select Page,Sélectionner une page,frappe/desk/doctype/form_tour/form_tour.json
frappe,P2,missing,Select Report,Sélectionnez le rapport,frappe/desk/doctype/form_tour/form_tour.json
frappe,P2,missing,Select Time Zone,Sélectionnez le fuseau horaire,frappe/desk/page/setup_wizard/setup_wizard.js:408
frappe,P2,missing,Select Workspace,Sélectionnez un espace de travail,frappe/desk/doctype/form_tour/form_tour.json
frappe,P2,missing,Select Workspaces,Sélectionnez des espaces de travail,frappe/desk/doctype/workspace_settings/workspace_settings.json
frappe,P2,missing,Sender,Expéditeur,frappe/desk/doctype/event/event.json frappe/desk/doctype/todo/todo.json frappe/email/doctype/auto_email_report/auto_email_report.json frappe/email/doctype/email_queue/email_queue.json frappe/email/doctype/notification/notification.json
frappe,P2,missing,Sender Email Field,Champ de courrier électronique de l'expéditeur,frappe/core/doctype/doctype/doctype.json frappe/custom/doctype/customize_form/customize_form.json
frappe,P2,missing,Sender Name,Nom de l'expéditeur,frappe/core/doctype/sms_log/sms_log.json
frappe,P2,missing,Sender Name Field,Champ du nom de l'expéditeur,frappe/core/doctype/doctype/doctype.json frappe/custom/doctype/customize_form/customize_form.json
frappe,P2,missing,Sending,Envoi,frappe/core/doctype/communication/communication.json frappe/email/doctype/email_queue/email_queue.json
frappe,P2,missing,Sent On,Envoyé le,frappe/core/doctype/sms_log/sms_log.json
frappe,P2,missing,Sent To,Envoyé à,frappe/core/doctype/sms_log/sms_log.json
frappe,P2,missing,Sequence Id,ID de séquence,frappe/desk/doctype/workspace/workspace.json
frappe,P2,missing,Series Updated for {},Série mise à jour pour {},frappe/core/doctype/document_naming_settings/document_naming_settings.py:115
frappe,P2,missing,Series counter for {} updated to {} successfully,Compteur de séries pour {} mis à jour avec succès vers {},frappe/core/doctype/document_naming_settings/document_naming_settings.py:223
frappe,P2,missing,Server Scripts feature is not available on this site.,La fonctionnalité Scripts de serveur n'est pas disponible sur ce site.,frappe/core/doctype/server_script/server_script.js:39
frappe,P2,missing,Session Created,Session créée,frappe/core/doctype/user_session_display/user_session_display.json
frappe,P2,missing,Session Expiry (idle timeout),Expiration de la session (délai d'inactivité),frappe/core/doctype/system_settings/system_settings.json
frappe,P2,missing,Sessions,Séances,frappe/core/doctype/user/user.json
frappe,P2,missing,Set Limit,Définir la limite,frappe/core/doctype/user_type/user_type.py:92
frappe,P2,missing,Set by user,Défini par l'utilisateur,frappe/core/doctype/doctype/doctype.json frappe/custom/doctype/customize_form/customize_form.json
frappe,P2,missing,"Set non-standard precision for a Float, Currency or Percent field","Définir une précision non standard pour un champ Flottant, Devise ou Pourcentage",frappe/core/doctype/docfield/docfield.json
frappe,P2,missing,Set only once,Régler une seule fois,frappe/core/doctype/docfield/docfield.json
frappe,P2,missing,"Set the filters here. For example:
<pre class=""small text-muted""><code>
[{
	fieldname: ""company"",
	label: __(""Company""),
	fieldtype: ""Link"",
	options: ""Company"",
	default: frappe.defaults.get_user_default(""Company""),
	reqd: 1
},
{
	fieldname: ""account"",
	label: __(""Account""),
	fieldtype: ""Link"",
	options: ""Account"",
	reqd: 1
}]
</code></pre>","Définissez les filtres ici. Par exemple :
<pre class=""small text-muted""><code>
[{
	fieldname: ""company"",
	label: __(""Company""),
	fieldtype: ""Link"",
	options: ""Company"",
	default: frappe.defaults.get_user_default(""Company""),
	reqd: 1
},
{
	fieldname: ""account"",
	label: __(""Account""),
	fieldtype: ""Link"",
	options: ""Account"",
	reqd: 1
}]
</code></pre>",frappe/desk/doctype/number_card/number_card.json
frappe,P2,missing,"Set the path to a whitelisted function that will return the data for the number card in the format:

<pre class=""small text-muted""><code>
{
	""value"": value,
	""fieldtype"": ""Currency"",
	""route_options"": {""from_date"": ""2023-05-23""},
	""route"": [""query-report"", ""Permitted Documents For User""]
}</code></pre>","Définissez le chemin d'accès à une fonction sur liste blanche qui renverra les données de la carte numérique au format :

<pre class=""small text-muted""><code>
{
	""valeur"": valeur,
	""fieldtype"": ""Devise"",
	""route_options"": {""from_date"": ""2023-05-23""},
	""route"": [""query-report"", ""Documents autorisés pour l'utilisateur""]
}</code></pre>",frappe/desk/doctype/number_card/number_card.json
frappe,P2,missing,Settings,Paramètres,frappe/core/doctype/doctype/doctype.json frappe/core/doctype/user/user.json frappe/integrations/workspace/integrations/integrations.json frappe/public/js/frappe/form/templates/print_layout.html:25 frappe/public/js/frappe/ui/toolbar/toolbar.js:224 frappe/public/js/frappe/views/workspace/workspace.js:376 frappe/website/doctype/web_form/web_form.json frappe/website/doctype/web_page/web_page.json frappe/www/me.html:20
frappe,P2,missing,Setup > Customize Form,Configuration > Personnaliser le formulaire,frappe/core/page/permission_manager/permission_manager_help.html:27
frappe,P2,missing,Setup > User,Configuration > Utilisateur,frappe/core/page/permission_manager/permission_manager_help.html:8
frappe,P2,missing,Setup > User Permissions,Configuration > Autorisations utilisateur,frappe/core/page/permission_manager/permission_manager_help.html:33
frappe,P2,missing,Setup failed,Échec de l'installation,frappe/desk/page/setup_wizard/setup_wizard.js:236
frappe,P2,missing,Show Absolute Datetime in Timeline,Afficher la date et l'heure absolues dans la chronologie,frappe/core/doctype/system_settings/system_settings.json frappe/core/doctype/user/user.json
frappe,P2,missing,Show App Icons As Folder,Afficher les icônes d'application sous forme de dossier,frappe/desk/doctype/desktop_settings/desktop_settings.json
frappe,P2,missing,Show Arrow,Afficher la flèche,frappe/desk/doctype/workspace_sidebar_item/workspace_sidebar_item.json
frappe,P2,missing,Show Document,Afficher le document,frappe/core/doctype/access_log/access_log.json
frappe,P2,missing,Show External Link Warning,Afficher l'avertissement de lien externe,frappe/core/doctype/system_settings/system_settings.json
frappe,P2,missing,Show First Document Tour,Afficher la première visite guidée du document,frappe/desk/doctype/form_tour/form_tour.json
frappe,P2,missing,Show Full Number,Afficher le numéro complet,frappe/desk/doctype/number_card/number_card.json
frappe,P2,missing,Show Labels,Afficher les étiquettes,frappe/desk/doctype/kanban_board/kanban_board.json frappe/public/js/frappe/views/kanban/kanban_settings.js:30
frappe,P2,missing,Show Only Failed Logs,Afficher uniquement les journaux ayant échoué,frappe/core/doctype/data_import/data_import.json
frappe,P2,missing,Show Processlist,Afficher la liste des processus,frappe/desk/doctype/system_console/system_console.json
frappe,P2,missing,Show Related Errors,Afficher les erreurs associées,frappe/core/doctype/error_log/error_log.js:9
frappe,P2,missing,Show Title in Link Fields,Afficher le titre dans les champs de lien,frappe/core/doctype/doctype/doctype.json frappe/custom/doctype/customize_form/customize_form.json
frappe,P2,missing,Show Tour,Visite du spectacle,frappe/desk/doctype/form_tour/form_tour.js:116
frappe,P2,missing,Show Traceback,Afficher le traçage,frappe/core/doctype/data_import/data_import.js:474
frappe,P2,missing,Show Values over Chart,Afficher les valeurs sur le graphique,frappe/desk/doctype/dashboard_chart/dashboard_chart.json
frappe,P2,missing,Show on Timeline,Afficher sur la chronologie,frappe/core/doctype/docfield/docfield.json
frappe,P2,missing,Sidebar,Barre latérale,frappe/core/doctype/user/user.json frappe/desk/doctype/desktop_icon/desktop_icon.json frappe/desk/doctype/sidebar_item_group/sidebar_item_group.json
frappe,P2,missing,Sidebar Item Group,Groupe d'éléments de la barre latérale,frappe/desk/doctype/sidebar_item_group/sidebar_item_group.json frappe/desk/doctype/workspace_sidebar_item/workspace_sidebar_item.json
frappe,P2,missing,Sidebar Item Group Link,Lien du groupe d'éléments de la barre latérale,frappe/desk/doctype/sidebar_item_group_link/sidebar_item_group_link.json
frappe,P2,missing,Sign Out,Se déconnecter,frappe/core/doctype/user_session_display/user_session_display.json
frappe,P2,missing,Signature,Signature,frappe/core/doctype/docfield/docfield.json frappe/custom/doctype/custom_field/custom_field.json frappe/custom/doctype/customize_form_field/customize_form_field.json frappe/email/doctype/email_account/email_account.json frappe/website/doctype/web_form_field/web_form_field.json
frappe,P2,missing,Size (MB),Taille (Mo),frappe/desk/doctype/system_health_report_tables/system_health_report_tables.json
frappe,P2,missing,Skipped,Sauté,frappe/core/doctype/patch_log/patch_log.json
frappe,P2,missing,"Skipping {0} of {1}, {2}","Sauter {0} de {1}, {2}",frappe/core/doctype/data_import/data_import.js:39
frappe,P2,missing,SocketIO Ping Check,Vérification du ping SocketIO,frappe/desk/doctype/system_health_report/system_health_report.json
frappe,P2,missing,SocketIO Transport Mode,Mode de transport SocketIO,frappe/desk/doctype/system_health_report/system_health_report.json
frappe,P2,missing,Soft-Bounced,Rebond doux,frappe/core/doctype/communication/communication.json
frappe,P2,missing,Solid,Solide,frappe/desk/doctype/desktop_settings/desktop_settings.json
frappe,P2,missing,Sort Options,Options de tri,frappe/core/doctype/docfield/docfield.json frappe/custom/doctype/custom_field/custom_field.json frappe/custom/doctype/customize_form_field/customize_form_field.json
frappe,P2,missing,Source Name,Nom de la source,frappe/desk/doctype/dashboard_chart_source/dashboard_chart_source.json
frappe,P2,missing,Spacer,Entretoise,frappe/desk/doctype/workspace_sidebar_item/workspace_sidebar_item.json frappe/public/js/frappe/views/workspace/blocks/spacer.js:23 frappe/public/js/print_format_builder/PrintFormatControls.vue:174
frappe,P2,missing,Spam,Courrier indésirable,frappe/core/doctype/communication/communication.json
frappe,P2,missing,"Specify a custom timeout, default timeout is 1500 seconds","Spécifiez un délai d'expiration personnalisé, le délai d'expiration par défaut est de 1 500 secondes",frappe/core/doctype/report/report.json
frappe,P2,missing,Sr,Sr,frappe/desk/reportview.py:458 frappe/public/js/frappe/web_form/web_form_list.js:176 frappe/templates/print_formats/standard_macros.html:44
frappe,P2,missing,Stack Trace,Trace de pile,frappe/core/doctype/recorder/recorder.js:82 frappe/core/doctype/recorder_query/recorder_query.json
frappe,P2,missing,Standard,Standard,frappe/core/doctype/page/page.json frappe/core/doctype/user_type/user_type_list.js:5 frappe/desk/doctype/desktop_icon/desktop_icon.json frappe/printing/doctype/print_format/print_format.json frappe/printing/doctype/print_format_field_template/print_format_field_template.json frappe/printing/doctype/print_style/print_style.json frappe/website/doctype/web_template/web_template.json
frappe,P2,missing,Standard Permissions,Autorisations standard,frappe/core/page/permission_manager/permission_manager.js:132
frappe,P2,missing,Standard Reports cannot be deleted,Les rapports standard ne peuvent pas être supprimés,frappe/desk/reportview.py:357
frappe,P2,missing,Standard Reports cannot be edited,Les rapports standard ne peuvent pas être modifiés,frappe/desk/reportview.py:328
frappe,P2,missing,Standard user type {0} can not be deleted.,Le type d'utilisateur standard {0} ne peut pas être supprimé.,frappe/core/doctype/user_type/user_type.py:61
frappe,P2,missing,Start,Commencer,frappe/core/doctype/recorder/recorder_list.js:87 frappe/core/report/prepared_report_analytics/prepared_report_analytics.py:45 frappe/printing/page/print/print.js:328 frappe/printing/page/print/print.js:375
frappe,P2,missing,Start Date,Date de début,frappe/automation/doctype/auto_repeat/auto_repeat.json frappe/automation/doctype/auto_repeat/auto_repeat.py:150 frappe/core/doctype/audit_trail/audit_trail.json frappe/public/js/frappe/utils/common.js:418 frappe/website/doctype/web_page/web_page.json
frappe,P2,missing,Start Import,Démarrer l'importation,frappe/core/doctype/data_import/data_import.js:111
frappe,P2,missing,Start Recording,Commencer l'enregistrement,frappe/core/doctype/recorder/recorder_list.js:201
frappe,P2,missing,Start Time,Heure de début,frappe/core/doctype/rq_worker/rq_worker.json
frappe,P2,missing,Started At,Commencé à,frappe/core/doctype/rq_job/rq_job.json
frappe,P2,missing,Statistics,Statistiques,frappe/core/doctype/rq_worker/rq_worker.json
frappe,P2,missing,Status,Statut,frappe/automation/doctype/auto_repeat/auto_repeat.json frappe/contacts/doctype/contact/contact.json frappe/core/doctype/activity_log/activity_log.json frappe/core/doctype/communication/communication.json frappe/core/doctype/data_import/data_import.js:509 frappe/core/doctype/data_import/data_import.json frappe/core/doctype/permission_log/permission_log.json frappe/core/doctype/prepared_report/prepared_report.json frappe/core/doctype/rq_job/rq_job.json frappe/core/doctype/rq_worker/rq_worker.json frappe/core/doctype/scheduled_job_log/scheduled_job_log.json frappe/core/doctype/scheduled_job_type/scheduled_job_type.json frappe/core/doctype/submission_queue/submission_queue.json frappe/core/doctype/user_invitation/user_invitation.json frappe/desk/doctype/event/event.json frappe/desk/doctype/kanban_board_column/kanban_board_column.json frappe/desk/doctype/todo/todo.json frappe/email/doctype/email_queue/email_queue.json frappe/email/doctype/email_queue_recipient/email_queue_recipient.json frappe/integrations/doctype/integration_request/integration_request.json frappe/integrations/doctype/oauth_bearer_token/oauth_bearer_token.json frappe/public/js/frappe/list/list_settings.js:357 frappe/public/js/frappe/list/list_view.js:2415 frappe/public/js/frappe/views/reports/report_view.js:974 frappe/website/doctype/personal_data_deletion_request/personal_data_deletion_request.json frappe/website/doctype/personal_data_deletion_step/personal_data_deletion_step.json frappe/workflow/doctype/workflow_action/workflow_action.json
frappe,P2,missing,Sticky,Collant,frappe/core/doctype/docfield/docfield.json frappe/public/js/frappe/form/grid_row.js:454
frappe,P2,missing,Stop,Arrêt,frappe/core/doctype/recorder/recorder_list.js:87
frappe,P2,missing,Stopped,Arrêté,frappe/core/doctype/scheduled_job_type/scheduled_job_type.json
frappe,P2,missing,Storage Usage (MB),Utilisation du stockage (Mo),frappe/desk/doctype/system_health_report/system_health_report.json
frappe,P2,missing,Storage Usage By Table,Utilisation du stockage par table,frappe/desk/doctype/system_health_report/system_health_report.json
frappe,P2,missing,Store Attached PDF Document,Stocker le document PDF joint,frappe/core/doctype/system_settings/system_settings.json
frappe,P2,missing,Store the API secret securely. It won't be displayed again.,Stockez le secret de l'API en toute sécurité. Il ne sera plus affiché.,frappe/core/doctype/user/user.js:504
frappe,P2,missing,Stores the datetime when the last reset password key was generated.,Stocke la date/heure à laquelle la dernière clé de réinitialisation du mot de passe a été générée.,frappe/core/doctype/user/user.json
frappe,P2,missing,Strip EXIF tags from uploaded images,Supprimez les balises EXIF ​​des images téléchargées,frappe/core/doctype/system_settings/system_settings.json
frappe,P2,missing,Subject,Sujet,frappe/automation/doctype/auto_repeat/auto_repeat.json frappe/core/doctype/activity_log/activity_log.json frappe/core/doctype/comment/comment.json frappe/core/doctype/communication/communication.json frappe/desk/doctype/event/event.json frappe/desk/doctype/notification_log/notification_log.json frappe/email/doctype/email_template/email_template.json frappe/email/doctype/notification/notification.js:214 frappe/email/doctype/notification/notification.json frappe/public/js/frappe/views/communication.js:110 frappe/public/js/frappe/views/inbox/inbox_view.js:63
frappe,P2,missing,Submission Queue,File d'attente de soumission,frappe/core/doctype/submission_queue/submission_queue.json
frappe,P2,missing,Submit,Soumettre,frappe/core/doctype/custom_docperm/custom_docperm.json frappe/core/doctype/docperm/docperm.json frappe/core/doctype/docshare/docshare.json frappe/core/doctype/user_document_type/user_document_type.json frappe/core/doctype/user_permission/user_permission_list.js:138 frappe/email/doctype/notification/notification.json frappe/public/js/frappe/form/quick_entry.js:225 frappe/public/js/frappe/form/templates/set_sharing.html:4 frappe/public/js/frappe/ui/capture.js:307 frappe/website/web_form/request_to_delete_data/request_to_delete_data.json
frappe,P2,missing,Submit an Issue,Soumettre un problème,frappe/core/page/permission_manager/permission_manager_help.html:39
frappe,P2,missing,Submitted,Soumis,frappe/core/doctype/comment/comment.json frappe/public/js/frappe/model/indicator.js:95 frappe/public/js/frappe/ui/filters/filter.js:538 frappe/website/doctype/web_form/templates/web_form.html:143
frappe,P2,missing,Subtitle,Sous-titre,frappe/desk/doctype/module_onboarding/module_onboarding.json
frappe,P2,missing,Subtle,Subtil,frappe/desk/doctype/desktop_settings/desktop_settings.json
frappe,P2,missing,Success,Succès,frappe/core/doctype/activity_log/activity_log.json frappe/core/doctype/data_import/data_import.js:485 frappe/core/doctype/data_import/data_import.json frappe/core/doctype/data_import_log/data_import_log.json frappe/core/doctype/docfield/docfield.json frappe/custom/doctype/custom_field/custom_field.json frappe/custom/doctype/customize_form_field/customize_form_field.json frappe/desk/doctype/bulk_update/bulk_update.js:31 frappe/public/js/frappe/form/grid.js:1193 frappe/public/js/frappe/views/translation_manager.js:21 frappe/templates/includes/login/login.js:230 frappe/templates/includes/login/login.js:236 frappe/templates/includes/login/login.js:269 frappe/templates/includes/login/login.js:277 frappe/templates/pages/integrations/gcalendar-success.html:9 frappe/workflow/doctype/workflow_action/workflow_action.py:171 frappe/workflow/doctype/workflow_state/workflow_state.json
frappe,P2,missing,Successful Job Count,Nombre de tâches réussies,frappe/core/doctype/rq_worker/rq_worker.json
frappe,P2,missing,Successfully imported {0},{0} importé avec succès,frappe/core/doctype/data_import/data_import.js:449
frappe,P2,missing,Successfully imported {0} out of {1} records.,Importation réussie de {0} à partir des enregistrements {1}.,frappe/core/doctype/data_import/data_import.js:150
frappe,P2,missing,Successfully reset onboarding status for all users.,Réinitialisez avec succès le statut d’intégration de tous les utilisateurs.,frappe/desk/doctype/form_tour/form_tour.py:87
frappe,P2,missing,Successfully signed out,Déconnexion réussie,frappe/core/doctype/user/user.py:1478
frappe,P2,missing,Successfully updated {0},{0} mis à jour avec succès,frappe/core/doctype/data_import/data_import.js:457
frappe,P2,missing,Successfully updated {0} out of {1} records.,Mise à jour réussie de {0} sur {1} enregistrements.,frappe/core/doctype/data_import/data_import.js:155
frappe,P2,missing,Suggest Optimizations,Suggérer des optimisations,frappe/core/doctype/recorder/recorder.js:15
frappe,P2,missing,Suggested Indexes,Index suggérés,frappe/core/doctype/recorder/recorder.json
frappe,P2,missing,Sunday,Dimanche,frappe/automation/doctype/assignment_rule_day/assignment_rule_day.json frappe/automation/doctype/auto_repeat_day/auto_repeat_day.json frappe/core/doctype/language/language.json frappe/core/doctype/system_settings/system_settings.json frappe/desk/doctype/event/event.json frappe/email/doctype/auto_email_report/auto_email_report.json
frappe,P2,missing,System Health Report,Rapport sur l'état du système,frappe/desk/doctype/system_health_report/system_health_report.json
frappe,P2,missing,System Health Report Errors,Erreurs du rapport sur l’état du système,frappe/desk/doctype/system_health_report_errors/system_health_report_errors.json
frappe,P2,missing,System Health Report Failing Jobs,Rapport sur l'état du système : tâches ayant échoué,frappe/desk/doctype/system_health_report_failing_jobs/system_health_report_failing_jobs.json
frappe,P2,missing,System Health Report Queue,File d'attente des rapports sur l'état du système,frappe/desk/doctype/system_health_report_queue/system_health_report_queue.json
frappe,P2,missing,System Health Report Tables,Tableaux du rapport sur l'état du système,frappe/desk/doctype/system_health_report_tables/system_health_report_tables.json
frappe,P2,missing,System Health Report Workers,Travailleurs du rapport sur l’état du système,frappe/desk/doctype/system_health_report_workers/system_health_report_workers.json
frappe,P2,missing,System Logs,Journaux système,frappe/core/workspace/build/build.json
frappe,P2,missing,System Manager,Gestionnaire de système,frappe/automation/doctype/assignment_rule/assignment_rule.json frappe/automation/doctype/auto_repeat/auto_repeat.json frappe/automation/doctype/milestone/milestone.json frappe/automation/doctype/milestone_tracker/milestone_tracker.json frappe/contacts/doctype/address/address.json frappe/contacts/doctype/address_template/address_template.json frappe/contacts/doctype/contact/contact.json frappe/contacts/doctype/gender/gender.json frappe/contacts/doctype/salutation/salutation.json frappe/core/doctype/access_log/access_log.json frappe/core/doctype/activity_log/activity_log.json frappe/core/doctype/api_request_log/api_request_log.json frappe/core/doctype/audit_trail/audit_trail.json frappe/core/doctype/comment/comment.json frappe/core/doctype/communication/communication.json frappe/core/doctype/custom_docperm/custom_docperm.json frappe/core/doctype/custom_role/custom_role.json frappe/core/doctype/data_export/data_export.json frappe/core/doctype/data_import/data_import.json frappe/core/doctype/data_import_log/data_import_log.json frappe/core/doctype/deleted_document/deleted_document.json frappe/core/doctype/docshare/docshare.json frappe/core/doctype/doctype/doctype.json frappe/core/doctype/document_naming_rule/document_naming_rule.json frappe/core/doctype/document_naming_settings/document_naming_settings.json frappe/core/doctype/document_share_key/document_share_key.json frappe/core/doctype/domain/domain.json frappe/core/doctype/domain_settings/domain_settings.json frappe/core/doctype/error_log/error_log.json frappe/core/doctype/file/file.json frappe/core/doctype/installed_applications/installed_applications.json frappe/core/doctype/language/language.json frappe/core/doctype/log_settings/log_settings.json frappe/core/doctype/module_def/module_def.json frappe/core/doctype/module_profile/module_profile.json frappe/core/doctype/navbar_settings/navbar_settings.json frappe/core/doctype/package/package.json frappe/core/doctype/package_import/package_import.json frappe/core/doctype/package_release/package_release.json frappe/core/doctype/page/page.json frappe/core/doctype/patch_log/patch_log.json frappe/core/doctype/permission_inspector/permission_inspector.json frappe/core/doctype/permission_log/permission_log.json frappe/core/doctype/prepared_report/prepared_report.json frappe/core/doctype/report/report.json frappe/core/doctype/role/role.json frappe/core/doctype/role_permission_for_page_and_report/role_permission_for_page_and_report.json frappe/core/doctype/role_profile/role_profile.json frappe/core/doctype/role_replication/role_replication.json frappe/core/doctype/rq_job/rq_job.json frappe/core/doctype/rq_worker/rq_worker.json frappe/core/doctype/scheduled_job_log/scheduled_job_log.json frappe/core/doctype/scheduled_job_type/scheduled_job_type.json frappe/core/doctype/scheduler_event/scheduler_event.json frappe/core/doctype/session_default_settings/session_default_settings.json frappe/core/doctype/sms_log/sms_log.json frappe/core/doctype/sms_settings/sms_settings.json frappe/core/doctype/submission_queue/submission_queue.json frappe/core/doctype/success_action/success_action.json frappe/core/doctype/system_settings/system_settings.json frappe/core/doctype/translation/translation.json frappe/core/doctype/user/user.json frappe/core/doctype/user_group/user_group.json frappe/core/doctype/user_invitation/user_invitation.json frappe/core/doctype/user_permission/user_permission.json frappe/core/doctype/user_type/user_type.json frappe/core/doctype/version/version.json frappe/core/doctype/view_log/view_log.json frappe/custom/doctype/client_script/client_script.json frappe/custom/doctype/custom_field/custom_field.json frappe/custom/doctype/customize_form/customize_form.json frappe/custom/doctype/doctype_layout/doctype_layout.json frappe/custom/doctype/property_setter/property_setter.json frappe/desk/doctype/bulk_update/bulk_update.json frappe/desk/doctype/calendar_view/calendar_view.json frappe/desk/doctype/changelog_feed/changelog_feed.json frappe/desk/doctype/console_log/console_log.json frappe/desk/doctype/custom_html_block/custom_html_block.json frappe/desk/doctype/dashboard/dashboard.json frappe/desk/doctype/dashboard_chart/dashboard_chart.json frappe/desk/doctype/dashboard_chart_source/dashboard_chart_source.json frappe/desk/doctype/desktop_icon/desktop_icon.json frappe/desk/doctype/desktop_settings/desktop_settings.json frappe/desk/doctype/event/event.json frappe/desk/doctype/form_tour/form_tour.json frappe/desk/doctype/global_search_settings/global_search_settings.json frappe/desk/doctype/kanban_board/kanban_board.json frappe/desk/doctype/list_view_settings/list_view_settings.json frappe/desk/doctype/module_onboarding/module_onboarding.json frappe/desk/doctype/note/note.json frappe/desk/doctype/number_card/number_card.json frappe/desk/doctype/route_history/route_history.json frappe/desk/doctype/sidebar_item_group/sidebar_item_group.json frappe/desk/doctype/system_health_report/system_health_report.json frappe/desk/doctype/tag/tag.json frappe/desk/doctype/tag_link/tag_link.json frappe/desk/doctype/todo/todo.json frappe/desk/doctype/workspace_settings/workspace_settings.json frappe/desk/doctype/workspace_sidebar/workspace_sidebar.json frappe/email/doctype/auto_email_report/auto_email_report.json frappe/email/doctype/document_follow/document_follow.json frappe/email/doctype/email_account/email_account.json frappe/email/doctype/email_domain/email_domain.json frappe/email/doctype/email_flag_queue/email_flag_queue.json frappe/email/doctype/email_queue/email_queue.json frappe/email/doctype/email_rule/email_rule.json frappe/email/doctype/email_template/email_template.json frappe/email/doctype/email_unsubscribe/email_unsubscribe.json frappe/email/doctype/notification/notification.json frappe/email/doctype/unhandled_email/unhandled_email.json frappe/geo/doctype/country/country.json frappe/geo/doctype/currency/currency.json frappe/integrations/doctype/connected_app/connected_app.json frappe/integrations/doctype/geolocation_settings/geolocation_settings.json frappe/integrations/doctype/google_calendar/google_calendar.json frappe/integrations/doctype/google_contacts/google_contacts.json frappe/integrations/doctype/google_settings/google_settings.json frappe/integrations/doctype/integration_request/integration_request.json frappe/integrations/doctype/ldap_settings/ldap_settings.json frappe/integrations/doctype/oauth_authorization_code/oauth_authorization_code.json frappe/integrations/doctype/oauth_bearer_token/oauth_bearer_token.json frappe/integrations/doctype/oauth_client/oauth_client.json frappe/integrations/doctype/oauth_provider_settings/oauth_provider_settings.json frappe/integrations/doctype/oauth_settings/oauth_settings.json frappe/integrations/doctype/push_notification_settings/push_notification_settings.json frappe/integrations/doctype/slack_webhook_url/slack_webhook_url.json frappe/integrations/doctype/social_login_key/social_login_key.json frappe/integrations/doctype/token_cache/token_cache.json frappe/integrations/doctype/webhook/webhook.json frappe/integrations/doctype/webhook_request_log/webhook_request_log.json frappe/printing/doctype/letter_head/letter_head.json frappe/printing/doctype/network_printer_settings/network_printer_settings.json frappe/printing/doctype/print_format/print_format.json frappe/printing/doctype/print_format_field_template/print_format_field_template.json frappe/printing/doctype/print_heading/print_heading.json frappe/printing/doctype/print_settings/print_settings.json frappe/printing/doctype/print_style/print_style.json frappe/website/doctype/discussion_reply/discussion_reply.json frappe/website/doctype/discussion_topic/discussion_topic.json frappe/website/doctype/personal_data_deletion_request/personal_data_deletion_request.json frappe/website/doctype/personal_data_download_request/personal_data_download_request.json frappe/website/doctype/utm_campaign/utm_campaign.json frappe/website/doctype/utm_medium/utm_medium.json frappe/website/doctype/utm_source/utm_source.json frappe/website/doctype/web_page_view/web_page_view.json frappe/website/doctype/web_template/web_template.json frappe/website/doctype/website_route_meta/website_route_meta.json frappe/workflow/doctype/workflow/workflow.json frappe/workflow/doctype/workflow_action_master/workflow_action_master.json frappe/workflow/doctype/workflow_state/workflow_state.json frappe/workflow/doctype/workflow_transition_tasks/workflow_transition_tasks.json
frappe,P2,missing,System Manager privileges required.,Privilèges de gestionnaire système requis.,frappe/desk/page/backups/backups.js:38
frappe,P2,missing,System Settings,Paramètres système,frappe/core/doctype/system_settings/system_settings.json
frappe,P2,missing,Tab Break,Saut de tabulation,frappe/core/doctype/docfield/docfield.json frappe/custom/doctype/custom_field/custom_field.json frappe/custom/doctype/customize_form_field/customize_form_field.json
frappe,P2,missing,Table,Tableau,frappe/core/doctype/data_export/exporter.py:23 frappe/core/doctype/docfield/docfield.json frappe/core/doctype/recorder_suggested_index/recorder_suggested_index.json frappe/custom/doctype/custom_field/custom_field.json frappe/custom/doctype/customize_form_field/customize_form_field.json frappe/desk/doctype/system_health_report_tables/system_health_report_tables.json frappe/printing/page/print_format_builder/print_format_builder_field.html:39 frappe/website/doctype/web_form_field/web_form_field.json
frappe,P2,missing,Table Field,Champ de table,frappe/core/doctype/version/version_view.html:73
frappe,P2,missing,Table Fieldname,Nom du champ de la table,frappe/core/doctype/doctype_link/doctype_link.json
frappe,P2,missing,Table Fieldname Missing,Nom de champ de table manquant,frappe/core/doctype/doctype/doctype.py:1218
frappe,P2,missing,"Table MultiSelect requires a table with at least one Link field, but none was found in {0}","La table MultiSelect nécessite une table avec au moins un champ Lien, mais aucun n'a été trouvé dans {0}",frappe/desk/search.py:271
frappe,P2,missing,Tag,Étiqueter,frappe/desk/doctype/tag/tag.json
frappe,P2,missing,Task,Tâche,frappe/desk/doctype/todo/todo_calendar.js:19 frappe/desk/doctype/todo/todo_calendar.js:25 frappe/workflow/doctype/workflow_transition_task/workflow_transition_task.json
frappe,P2,missing,Telemetry,Télémétrie,frappe/core/doctype/system_settings/system_settings.json
frappe,P2,missing,Test Data,Données de test,frappe/core/doctype/translation/test_translation.py:47 frappe/core/doctype/translation/test_translation.py:54
frappe,P2,missing,Test Job ID,ID de tâche de test,frappe/desk/doctype/system_health_report/system_health_report.json
frappe,P2,missing,Test Spanish,Test d'espagnol,frappe/core/doctype/translation/test_translation.py:49 frappe/core/doctype/translation/test_translation.py:57
frappe,P2,missing,The File URL you've entered is incorrect,L'URL du fichier que vous avez saisie est incorrecte,frappe/core/doctype/file/file.py:230
frappe,P2,missing,The application name will be used in the Login page.,Le nom de l'application sera utilisé dans la page de connexion.,frappe/core/doctype/system_settings/system_settings.json
frappe,P2,missing,"The document type selected is a child table, so the parent document type is required.","Le type de document sélectionné est une table enfant, le type de document parent est donc obligatoire.",frappe/desk/doctype/dashboard_chart/dashboard_chart.json frappe/desk/doctype/number_card/number_card.json
frappe,P2,missing,The field {0} in {1} does not allow ignoring user permissions,Le champ {0} dans {1} ne permet pas d'ignorer les autorisations des utilisateurs,frappe/desk/search.py:284
frappe,P2,missing,The field {0} in {1} links to {2} and not {3},Le champ {0} dans {1} renvoie à {2} et non à {3},frappe/desk/search.py:294
frappe,P2,missing,The field {0} is mandatory,Le champ {0} est obligatoire,frappe/core/doctype/user_type/user_type.py:110
frappe,P2,missing,The fieldname you've specified in Attached To Field is invalid,Le nom de champ que vous avez spécifié dans Attaché au champ n'est pas valide.,frappe/core/doctype/file/file.py:158
frappe,P2,missing,The following values are invalid: {0}. Values must be one of {1},Les valeurs suivantes ne sont pas valides : {0}. Les valeurs doivent être l'une des valeurs suivantes : {1},frappe/core/doctype/data_import/importer.py:1088
frappe,P2,missing,The following values do not exist for {0}: {1},Les valeurs suivantes n'existent pas pour {0} : {1},frappe/core/doctype/data_import/importer.py:1045
frappe,P2,missing,The limit has not set for the user type {0} in the site config file.,La limite n'a pas été définie pour le type d'utilisateur {0} dans le fichier de configuration du site.,frappe/core/doctype/user_type/user_type.py:89
frappe,P2,missing,The next tour will start from where the user left off.,La prochaine visite commencera là où l'utilisateur s'est arrêté.,frappe/desk/doctype/form_tour/form_tour.json
frappe,P2,missing,The report you requested has been generated.<br><br>Click here to download:<br><a href='{0}'>{0}</a><br><br>This link will expire in {1} hours.,Le rapport que vous avez demandé a été généré.<br><br>Cliquez ici pour télécharger :<br><a href='{0}'>{0}</a><br><br>Ce lien expirera dans {1} heures.,frappe/desk/utils.py:106
frappe,P2,missing,The reset password link has been expired,Le lien de réinitialisation du mot de passe a expiré,frappe/core/doctype/user/user.py:1047
frappe,P2,missing,The reset password link has either been used before or is invalid,Le lien de réinitialisation du mot de passe a déjà été utilisé ou n'est pas valide.,frappe/core/doctype/user/user.py:1049
frappe,P2,missing,The role {0} should be a custom role.,Le rôle {0} doit être un rôle personnalisé.,frappe/core/doctype/user_type/user_type.py:114
frappe,P2,missing,The selected document {0} is not a {1}.,Le document sélectionné {0} n'est pas un {1}.,frappe/core/doctype/audit_trail/audit_trail.py:46
frappe,P2,missing,The system provides many pre-defined roles. You can add new roles to set finer permissions.,Le système propose de nombreux rôles prédéfinis. Vous pouvez ajouter de nouveaux rôles pour définir des autorisations plus précises.,frappe/core/page/permission_manager/permission_manager_help.html:9
frappe,P2,missing,The total number of user document types limit has been crossed.,La limite du nombre total de types de documents utilisateur a été dépassée.,frappe/core/doctype/user_type/user_type.py:97
frappe,P2,missing,These announcements will appear inside a dismissible alert below the Navbar.,Ces annonces apparaîtront dans une alerte pouvant être ignorée sous la barre de navigation.,frappe/core/doctype/navbar_settings/navbar_settings.json
frappe,P2,missing,This PDF cannot be uploaded as it contains unsafe content.,Ce PDF ne peut pas être téléchargé car il contient du contenu dangereux.,frappe/core/doctype/file/file.py:406
frappe,P2,missing,This card is visible only to Administrator and System Managers by default. Set a DocType to share with users who have read access.,"Par défaut, cette carte n'est visible que par l'administrateur et les gestionnaires système. Définissez un DocType à partager avec les utilisateurs disposant d'un accès en lecture.",frappe/desk/doctype/number_card/number_card.js:484
frappe,P2,missing,"This doctype has pending migrations, run 'bench migrate' before modifying the doctype to avoid losing changes.","Ce doctype a des migrations en attente, exécutez « bench migrate » avant de modifier le doctype pour éviter de perdre les modifications.",frappe/core/doctype/doctype/doctype.py:1069
frappe,P2,missing,This document has already been queued for submission. You can track the progress over {0}.,Ce document a déjà été mis en file d'attente pour soumission. Vous pouvez suivre la progression sur {0}.,frappe/core/doctype/submission_queue/submission_queue.py:171
frappe,P2,missing,This file is attached to a protected document and cannot be deleted.,Ce fichier est joint à un document protégé et ne peut pas être supprimé.,frappe/core/doctype/file/file.py:532
frappe,P2,missing,This file is public. It can be accessed without authentication.,Ce fichier est public. Il est accessible sans authentification.,frappe/core/doctype/file/file.js:20
frappe,P2,missing,This is a virtual doctype and data is cleared periodically.,Il s'agit d'un doctype virtuel et les données sont effacées périodiquement.,frappe/core/doctype/rq_job/rq_job.js:9
frappe,P2,missing,This site is running in developer mode. Any change made here will be updated in code.,Ce site fonctionne en mode développeur. Toute modification apportée ici sera mise à jour dans le code.,frappe/core/doctype/doctype/doctype.js:73
frappe,P2,missing,This value specifies the max number of rows that can be rendered in report view.,Cette valeur spécifie le nombre maximum de lignes pouvant être affichées dans la vue rapport.,frappe/core/doctype/system_settings/system_settings.json
frappe,P2,missing,This will reset this tour and show it to all users. Are you sure?,Cela réinitialisera cette visite et la montrera à tous les utilisateurs. Es-tu sûr?,frappe/desk/doctype/form_tour/form_tour.js:103
frappe,P2,missing,"This will terminate the job immediately and might be dangerous, are you sure?","Cela mettra fin au travail immédiatement et pourrait être dangereux, en êtes-vous sûr ?",frappe/core/doctype/data_import/data_import.js:182 frappe/core/doctype/prepared_report/prepared_report.js:68 frappe/core/doctype/rq_job/rq_job.js:15
frappe,P2,missing,Thursday,Jeudi,frappe/automation/doctype/assignment_rule_day/assignment_rule_day.json frappe/automation/doctype/auto_repeat_day/auto_repeat_day.json frappe/core/doctype/language/language.json frappe/core/doctype/system_settings/system_settings.json frappe/desk/doctype/event/event.json frappe/email/doctype/auto_email_report/auto_email_report.json
frappe,P2,missing,Time Interval,Intervalle de temps,frappe/desk/doctype/dashboard_chart/dashboard_chart.json
frappe,P2,missing,Time Taken,Temps pris,frappe/core/doctype/rq_job/rq_job.json
frappe,P2,missing,Time Window (Seconds),Fenêtre de temps (secondes),frappe/core/doctype/server_script/server_script.json
frappe,P2,missing,Time in Queries,Temps dans les requêtes,frappe/core/doctype/recorder/recorder.json
frappe,P2,missing,Timed Out,Délai expiré,frappe/core/doctype/data_import/data_import.json
frappe,P2,missing,Timeless Launchpad,Launchpad intemporel,frappe/desk/doctype/desktop_settings/desktop_settings.json
frappe,P2,missing,Timeline,Chronologie,frappe/core/doctype/user/user.json
frappe,P2,missing,Timeout,Temps mort,frappe/core/doctype/rq_job/rq_job.json
frappe,P2,missing,Timeout (In Seconds),Délai d'expiration (en secondes),frappe/core/doctype/report/report.json
frappe,P2,missing,Tip: Try the new dropdown console using,Astuce : Essayez la nouvelle console déroulante en utilisant,frappe/desk/doctype/system_console/system_console.js:41
frappe,P2,missing,Title,Titre,frappe/core/doctype/doctype/boilerplate/controller_list.html:14 frappe/core/doctype/doctype/boilerplate/controller_list.html:23 frappe/core/doctype/doctype_state/doctype_state.json frappe/core/doctype/error_log/error_log.json frappe/core/doctype/page/page.json frappe/desk/doctype/changelog_feed/changelog_feed.json frappe/desk/doctype/form_tour/form_tour.json frappe/desk/doctype/form_tour_step/form_tour_step.json frappe/desk/doctype/module_onboarding/module_onboarding.json frappe/desk/doctype/note/note.json frappe/desk/doctype/onboarding_step/onboarding_step.json frappe/desk/doctype/system_health_report_errors/system_health_report_errors.json frappe/desk/doctype/workspace/workspace.json frappe/desk/doctype/workspace_sidebar/workspace_sidebar.json frappe/email/doctype/email_group/email_group.json frappe/public/js/frappe/views/workspace/workspace.js:407 frappe/website/doctype/discussion_topic/discussion_topic.json frappe/website/doctype/help_article/help_article.json frappe/website/doctype/portal_menu_item/portal_menu_item.json frappe/website/doctype/web_form/web_form.json frappe/website/doctype/web_page/web_page.json frappe/website/doctype/website_sidebar/website_sidebar.json frappe/website/doctype/website_sidebar_item/website_sidebar_item.json
frappe,P2,missing,To,À,frappe/core/doctype/communication/communication.json frappe/core/doctype/permission_log/permission_log.js:12 frappe/public/js/frappe/views/inbox/inbox_view.js:70
frappe,P2,missing,To Date,À ce jour,frappe/desk/doctype/dashboard_chart/dashboard_chart.json frappe/website/report/website_analytics/website_analytics.js:14
frappe,P2,missing,"To enable server scripts, read the {0}.","Pour activer les scripts du serveur, lisez le {0}.",frappe/core/doctype/server_script/server_script.js:40
frappe,P2,missing,"To export this step as JSON, link it in a Onboarding document and save the document.","Pour exporter cette étape au format JSON, liez-la dans un document d'intégration et enregistrez le document.",frappe/desk/doctype/onboarding_step/onboarding_step.js:18
frappe,P2,missing,To print output use <code>print(text)</code>,"Pour imprimer la sortie, utilisez <code>print(text)</code>",frappe/desk/doctype/system_console/system_console.json
frappe,P2,missing,"To set the role {0} in the user {1}, kindly set the {2} field as {3} in one of the {4} record.","Pour définir le rôle {0} dans l'utilisateur {1}, veuillez définir le champ {2} comme {3} dans l'un des enregistrements {4}.",frappe/core/doctype/user_type/user_type.py:291
frappe,P2,missing,Too Many Documents,Trop de documents,frappe/desk/doctype/bulk_update/bulk_update.py:68 frappe/model/workflow.py:310
frappe,P2,missing,Top 10,Top 10,frappe/core/report/prepared_report_analytics/prepared_report_analytics.js:13
frappe,P2,missing,Top Center,En haut au centre,frappe/desk/doctype/form_tour_step/form_tour_step.json frappe/printing/doctype/print_format/print_format.json frappe/public/js/print_format_builder/PrintFormatControls.vue:245
frappe,P2,missing,Top Errors,Principales erreurs,frappe/desk/doctype/system_health_report/system_health_report.json
frappe,P2,missing,Top Right,En haut à droite,frappe/desk/doctype/form_tour_step/form_tour_step.json frappe/printing/doctype/print_format/print_format.json frappe/public/js/print_format_builder/PrintFormatControls.vue:246
frappe,P2,missing,Total,Total,frappe/desk/query_report.py:622 frappe/public/js/frappe/views/reports/print_grid.html:45 frappe/public/js/frappe/views/reports/query_report.js:1354 frappe/public/js/frappe/views/reports/report_view.js:1547
frappe,P2,missing,Total Background Workers,Total des travailleurs en arrière-plan,frappe/desk/doctype/system_health_report/system_health_report.json
frappe,P2,missing,Total Errors (last 1 day),Total des erreurs (dernier jour),frappe/desk/doctype/system_health_report/system_health_report.json
frappe,P2,missing,Total Outgoing Emails,Total des e-mails sortants,frappe/desk/doctype/system_health_report/system_health_report.json
frappe,P2,missing,Total Users,Nombre total d'utilisateurs,frappe/desk/doctype/system_health_report/system_health_report.json
frappe,P2,missing,Total Working Time,Temps de travail total,frappe/core/doctype/rq_worker/rq_worker.json
frappe,P2,missing,Trace ID,ID de trace,frappe/core/doctype/error_log/error_log.json
frappe,P2,missing,Track Steps,Suivre les étapes,frappe/desk/doctype/form_tour/form_tour.json
frappe,P2,missing,Transgender,Transgenre,frappe/desk/page/setup_wizard/install_fixtures.py:31
frappe,P2,missing,Translate Link Fields,Traduire les champs de lien,frappe/core/doctype/doctype/doctype.json frappe/custom/doctype/customize_form/customize_form.json
frappe,P2,missing,Translator,Traducteur,frappe/core/doctype/translation/translation.json
frappe,P2,missing,Tuesday,Mardi,frappe/automation/doctype/assignment_rule_day/assignment_rule_day.json frappe/automation/doctype/auto_repeat_day/auto_repeat_day.json frappe/core/doctype/language/language.json frappe/core/doctype/system_settings/system_settings.json frappe/desk/doctype/event/event.json frappe/email/doctype/auto_email_report/auto_email_report.json
frappe,P2,missing,Type,Taper,frappe/core/doctype/communication/communication.json frappe/core/doctype/docfield/docfield.json frappe/custom/doctype/customize_form_field/customize_form_field.json frappe/desk/doctype/console_log/console_log.json frappe/desk/doctype/dashboard_chart/dashboard_chart.json frappe/desk/doctype/notification_log/notification_log.json frappe/desk/doctype/number_card/number_card.json frappe/desk/doctype/system_console/system_console.json frappe/desk/doctype/workspace/workspace.json frappe/desk/doctype/workspace_link/workspace_link.json frappe/desk/doctype/workspace_shortcut/workspace_shortcut.json frappe/desk/doctype/workspace_sidebar_item/workspace_sidebar_item.json frappe/public/js/frappe/views/file/file_view.js:371 frappe/public/js/frappe/views/workspace/workspace.js:413 frappe/public/js/frappe/widgets/widget_dialog.js:404 frappe/website/doctype/web_template/web_template.json frappe/www/attribution.html:35
frappe,P2,missing,UI Tour,Visite guidée de l'interface utilisateur,frappe/desk/doctype/form_tour/form_tour.json frappe/desk/doctype/form_tour_step/form_tour_step.json
frappe,P2,missing,UID,UID,frappe/core/doctype/communication/communication.json frappe/email/doctype/email_flag_queue/email_flag_queue.json frappe/email/doctype/unhandled_email/unhandled_email.json
frappe,P2,missing,URL,URL,frappe/desk/doctype/workspace/workspace.json frappe/desk/doctype/workspace_shortcut/workspace_shortcut.json frappe/desk/doctype/workspace_sidebar_item/workspace_sidebar_item.json frappe/integrations/doctype/integration_request/integration_request.json frappe/integrations/doctype/webhook_request_log/webhook_request_log.json frappe/public/js/frappe/widgets/widget_dialog.js:471 frappe/website/doctype/top_bar_item/top_bar_item.json frappe/website/doctype/website_slideshow_item/website_slideshow_item.json
frappe,P2,missing,URL must start with http:// or https://,L'URL doit commencer par http:// ou https://,frappe/core/doctype/file/file.py:241
frappe,P2,missing,UUID,UUID,frappe/core/doctype/doctype/doctype.json
frappe,P2,missing,Un-following document {0},Document non suivi {0},frappe/desk/form/document_follow.py:79
frappe,P2,missing,Unhandled Emails,E-mails non gérés,frappe/desk/doctype/system_health_report/system_health_report.json
frappe,P2,missing,Unique,Unique,frappe/core/doctype/docfield/docfield.json frappe/custom/doctype/custom_field/custom_field.json frappe/custom/doctype/customize_form_field/customize_form_field.json
frappe,P2,missing,Unlock Reference Document,Déverrouiller le document de référence,frappe/core/doctype/submission_queue/submission_queue.js:7
frappe,P2,missing,Update,Mise à jour,frappe/core/doctype/data_import/data_import_list.js:36 frappe/core/doctype/document_naming_settings/document_naming_settings.json frappe/core/doctype/role_permission_for_page_and_report/role_permission_for_page_and_report.js:23 frappe/custom/doctype/customize_form/customize_form.js:438 frappe/desk/doctype/bulk_update/bulk_update.js:15 frappe/printing/page/print_format_builder/print_format_builder.js:447 frappe/printing/page/print_format_builder/print_format_builder.js:507 frappe/printing/page/print_format_builder/print_format_builder.js:678 frappe/printing/page/print_format_builder/print_format_builder.js:765 frappe/public/js/frappe/form/grid_row.js:427
frappe,P2,missing,Update Hooks Resolution Order,Mettre à jour l’ordre de résolution des hooks,frappe/core/doctype/installed_applications/installed_applications.js:6 frappe/core/doctype/installed_applications/installed_applications.js:13
frappe,P2,missing,Update Order,Mettre à jour la commande,frappe/core/doctype/installed_applications/installed_applications.js:45
frappe,P2,missing,Update Password,Mettre à jour le mot de passe,frappe/desk/page/setup_wizard/setup_wizard.js:494
frappe,P2,missing,Update Profile,Mettre à jour le profil,frappe/core/web_form/edit_profile/edit_profile.json
frappe,P2,missing,Updating counter may lead to document name conflicts if not done properly,La mise à jour du compteur peut entraîner des conflits de noms de documents si elle n'est pas effectuée correctement,frappe/core/doctype/document_naming_rule/document_naming_rule.js:17
frappe,P2,missing,Updating global settings,Mise à jour des paramètres globaux,frappe/desk/page/setup_wizard/setup_wizard.py:23
frappe,P2,missing,Updating naming series options,Mise à jour des options de séries de noms,frappe/core/doctype/document_naming_settings/document_naming_settings.js:59
frappe,P2,missing,"Updating {0} of {1}, {2}","Mise à jour de {0} de {1}, {2}",frappe/core/doctype/data_import/data_import.js:36
frappe,P2,missing,Use % for any non empty value.,Utilisez % pour toute valeur non vide.,frappe/desk/doctype/onboarding_step/onboarding_step.json
frappe,P2,missing,Use Number Format from Currency,Utiliser le format numérique à partir de la devise,frappe/core/doctype/system_settings/system_settings.json
frappe,P2,missing,Use if the default settings don't seem to detect your data correctly,À utiliser si les paramètres par défaut ne semblent pas détecter correctement vos données,frappe/core/doctype/data_import/data_import.json
frappe,P2,missing,Used OAuth,OAuth utilisé,frappe/core/doctype/user_email/user_email.json
frappe,P2,missing,User,Utilisateur,frappe/automation/doctype/assignment_rule_user/assignment_rule_user.json frappe/automation/doctype/auto_repeat_user/auto_repeat_user.json frappe/automation/doctype/reminder/reminder.json frappe/core/doctype/access_log/access_log.json frappe/core/doctype/activity_log/activity_log.json frappe/core/doctype/api_request_log/api_request_log.json frappe/core/doctype/communication/communication.json frappe/core/doctype/docshare/docshare.json frappe/core/doctype/log_setting_user/log_setting_user.json frappe/core/doctype/permission_inspector/permission_inspector.json frappe/core/doctype/user/user.json frappe/core/doctype/user_group_member/user_group_member.json frappe/core/doctype/user_invitation/user_invitation.json frappe/core/doctype/user_permission/user_permission.json frappe/core/page/permission_manager/permission_manager.js:366 frappe/core/report/permitted_documents_for_user/permitted_documents_for_user.js:8 frappe/core/report/user_doctype_permissions/user_doctype_permissions.js:8 frappe/core/workspace/users/users.json frappe/desk/doctype/dashboard_settings/dashboard_settings.json frappe/desk/doctype/note_seen_by/note_seen_by.json frappe/desk/doctype/notification_settings/notification_settings.json frappe/desk/doctype/route_history/route_history.json frappe/email/doctype/document_follow/document_follow.json frappe/integrations/doctype/google_calendar/google_calendar.json frappe/integrations/doctype/oauth_authorization_code/oauth_authorization_code.json frappe/integrations/doctype/oauth_bearer_token/oauth_bearer_token.json frappe/integrations/doctype/oauth_client/oauth_client.json frappe/integrations/doctype/token_cache/token_cache.json frappe/integrations/doctype/webhook_request_log/webhook_request_log.json frappe/public/js/frappe/form/templates/set_sharing.html:20 frappe/website/doctype/personal_data_download_request/personal_data_download_request.json frappe/workflow/doctype/workflow_action/workflow_action.json
frappe,P2,missing,User Activity Report,Rapport d'activité des utilisateurs,frappe/core/doctype/report/user_activity_report.json
frappe,P2,missing,User Activity Report Without Sort,Rapport d'activité utilisateur sans tri,frappe/core/doctype/report/user_activity_report_without_sort.json
frappe,P2,missing,User Details,Détails de l'utilisateur,frappe/core/doctype/user/user.json
frappe,P2,missing,User Doctype Permissions,Autorisations de type de document utilisateur,frappe/core/report/user_doctype_permissions/user_doctype_permissions.json
frappe,P2,missing,User Document Type,Type de document utilisateur,frappe/core/doctype/user_document_type/user_document_type.json
frappe,P2,missing,User Document Types Limit Exceeded,Limite de types de documents utilisateur dépassée,frappe/core/doctype/user_type/user_type.py:98
frappe,P2,missing,User Group,Groupe d'utilisateurs,frappe/core/doctype/user_group/user_group.json
frappe,P2,missing,User Group Member,Membre du groupe d'utilisateurs,frappe/core/doctype/user_group_member/user_group_member.json
frappe,P2,missing,User Group Members,Membres du groupe d'utilisateurs,frappe/core/doctype/user_group/user_group.json
frappe,P2,missing,User Id Field,Champ d'identifiant d'utilisateur,frappe/core/doctype/user_type/user_type.json
frappe,P2,missing,User Id Field is mandatory in the user type {0},Le champ ID utilisateur est obligatoire dans le type d'utilisateur {0},frappe/core/doctype/user_type/user_type.py:283
frappe,P2,missing,User Invitation,Invitation de l'utilisateur,frappe/core/doctype/user_invitation/user_invitation.json
frappe,P2,missing,User Permissions are used to limit users to specific records.,Les autorisations utilisateur sont utilisées pour limiter les utilisateurs à des enregistrements spécifiques.,frappe/core/page/permission_manager/permission_manager_help.html:32
frappe,P2,missing,User Permissions created successfully,Autorisations utilisateur créées avec succès,frappe/core/doctype/user_permission/user_permission_list.js:124
frappe,P2,missing,User Role,Rôle de l'utilisateur,frappe/core/doctype/user_role/user_role.json frappe/integrations/doctype/ldap_group_mapping/ldap_group_mapping.json
frappe,P2,missing,User Role Profile,Profil de rôle utilisateur,frappe/core/doctype/user_role_profile/user_role_profile.json
frappe,P2,missing,User Select Document Type,Type de document sélectionné par l'utilisateur,frappe/core/doctype/user_select_document_type/user_select_document_type.json
frappe,P2,missing,User Session Display,Affichage de la session utilisateur,frappe/core/doctype/user_session_display/user_session_display.json
frappe,P2,missing,User Type Module,Module Type d'utilisateur,frappe/core/doctype/user_type/user_type.json frappe/core/doctype/user_type_module/user_type_module.json
frappe,P2,missing,User does not have permission to create the new {0},L'utilisateur n'est pas autorisé à créer le nouveau {0},frappe/core/doctype/user_type/user_type.py:83
frappe,P2,missing,User is disabled,L'utilisateur est désactivé,frappe/core/doctype/user_invitation/user_invitation.py:102
frappe,P2,missing,User {0} does not have the permission to create a Workspace.,L'utilisateur {0} n'est pas autorisé à créer un espace de travail.,frappe/desk/doctype/workspace/workspace.py:306
frappe,P2,missing,User {0} impersonated as {1},Utilisateur {0} usurpé l'identité de {1},frappe/core/doctype/user/user.py:1449
frappe,P2,missing,User {0} is not permitted to access this document.,L'utilisateur {0} n'est pas autorisé à accéder à ce document.,frappe/desk/form/assign_to.py:104
frappe,P2,missing,Users are only able to delete attached files if the document is either in draft or if the document is canceled and they are also able to delete the document.,"Les utilisateurs ne peuvent supprimer les fichiers joints que si le document est soit en brouillon, soit si le document est annulé et ils peuvent également supprimer le document.",frappe/core/doctype/doctype/doctype.json frappe/custom/doctype/customize_form/customize_form.json
frappe,P2,untranslated_copy,Utilization,Utilisation,frappe/desk/doctype/system_health_report_workers/system_health_report_workers.json
frappe,P2,untranslated_copy,Utilization %,% d'utilisation,frappe/core/doctype/rq_worker/rq_worker.json
frappe,P2,missing,Value,Valeur,frappe/automation/doctype/milestone/milestone.json frappe/core/doctype/defaultvalue/defaultvalue.json frappe/core/doctype/document_naming_rule_condition/document_naming_rule_condition.json frappe/core/doctype/prepared_report/prepared_report.js:8 frappe/core/doctype/sms_parameter/sms_parameter.json frappe/desk/doctype/dashboard_chart/dashboard_chart.js:305 frappe/desk/doctype/dashboard_chart/dashboard_chart.js:439 frappe/desk/doctype/number_card/number_card.js:208 frappe/desk/doctype/number_card/number_card.js:347 frappe/email/doctype/auto_email_report/auto_email_report.js:95 frappe/integrations/doctype/query_parameters/query_parameters.json frappe/integrations/doctype/webhook_header/webhook_header.json frappe/public/js/frappe/list/bulk_operations.js:336 frappe/public/js/frappe/list/bulk_operations.js:398 frappe/public/js/frappe/list/list_view_permission_restrictions.html:4 frappe/website/doctype/web_form/web_form.js:213 frappe/website/doctype/website_meta_tag/website_meta_tag.json
frappe,P2,missing,Values Changed,Valeurs modifiées,frappe/core/doctype/version/version_view.html:9
frappe,P2,missing,Version,Version,frappe/core/doctype/version/version.json
frappe,P2,missing,View,Voir,frappe/desk/doctype/form_tour/form_tour.json
frappe,P2,missing,View Doctype Permissions,Afficher les autorisations de type de document,frappe/core/doctype/user/user.js:149
frappe,P2,missing,View File,Afficher le fichier,frappe/core/doctype/file/file.js:4
frappe,P2,missing,View Sidebar,Afficher la barre latérale,frappe/desk/doctype/workspace_sidebar/workspace_sidebar.js:7
frappe,P2,missing,View Switcher,Voir le sélecteur,frappe/core/doctype/user/user.json
frappe,P2,missing,View all {0} users,Afficher tous les utilisateurs {0},frappe/core/page/permission_manager/permission_manager.js:395
frappe,P2,missing,Views,Vues,frappe/core/doctype/doctype/doctype.json frappe/core/workspace/build/build.json
frappe,P2,missing,Virtual,Virtuel,frappe/core/doctype/docfield/docfield.json
frappe,P2,missing,Virtual tables must be virtual fields,Les tables virtuelles doivent être des champs virtuels,frappe/core/doctype/doctype/doctype.py:1672
frappe,P2,missing,Visibility,Visibilité,frappe/core/doctype/docfield/docfield.json
frappe,P2,missing,Visit Desktop,Visitez le bureau,frappe/desk/doctype/desktop_settings/desktop_settings.js:6
frappe,P2,missing,Warning,Avertissement,frappe/core/doctype/docfield/docfield.json frappe/custom/doctype/custom_field/custom_field.json frappe/custom/doctype/customize_form_field/customize_form_field.json frappe/public/js/frappe/router.js:613 frappe/workflow/doctype/workflow_state/workflow_state.json
frappe,P2,missing,Warning: Naming is not set,Avertissement : le nom n'est pas défini,frappe/core/doctype/doctype/doctype.py:1140
frappe,P2,missing,Warning: Updating counter may lead to document name conflicts if not done properly,Avertissement : La mise à jour du compteur peut entraîner des conflits de noms de documents si elle n'est pas effectuée correctement,frappe/core/doctype/document_naming_rule/document_naming_rule.json
frappe,P2,missing,Warning: Usage of 'format:' is discouraged.,Avertissement : L'utilisation de « format : » est déconseillée.,frappe/core/doctype/doctype/doctype.py:458
frappe,P2,missing,Watch Video,Regarder la vidéo,frappe/desk/doctype/onboarding_step/onboarding_step.json
frappe,P2,missing,We do not allow editing of this document. Simply click the Edit button on the workspace page to make your workspace editable and customize it as you wish,Nous n'autorisons pas la modification de ce document. Cliquez simplement sur le bouton Modifier sur la page de l'espace de travail pour rendre votre espace de travail modifiable et personnalisez-le à votre guise.,frappe/desk/doctype/workspace/workspace.js:34
frappe,P2,missing,Webhook Request Log,Journal des demandes de webhook,frappe/core/workspace/build/build.json frappe/integrations/doctype/webhook_request_log/webhook_request_log.json
frappe,P2,missing,Website,Site web,frappe/core/doctype/module_def/module_def.json frappe/public/js/frappe/ui/sidebar/sidebar_header.js:37 frappe/public/js/frappe/ui/toolbar/about.js:11 frappe/website/workspace/website/website.json
frappe,P2,missing,Website Manager,Gestionnaire de site Web,frappe/core/doctype/comment/comment.json frappe/website/doctype/about_us_settings/about_us_settings.json frappe/website/doctype/color/color.json frappe/website/doctype/contact_us_settings/contact_us_settings.json frappe/website/doctype/help_category/help_category.json frappe/website/doctype/portal_settings/portal_settings.json frappe/website/doctype/web_form/web_form.json frappe/website/doctype/web_page/web_page.json frappe/website/doctype/website_script/website_script.json frappe/website/doctype/website_settings/website_settings.json frappe/website/doctype/website_sidebar/website_sidebar.json frappe/website/doctype/website_slideshow/website_slideshow.json frappe/website/doctype/website_theme/website_theme.json
frappe,P2,missing,Website Search Field,Champ de recherche du site Web,frappe/core/doctype/doctype/doctype.json
frappe,P2,missing,Website Search Field must be a valid fieldname,Le champ de recherche de site Web doit être un nom de champ valide,frappe/core/doctype/doctype/doctype.py:1537
frappe,P2,missing,Websocket,Prise Web,frappe/desk/doctype/system_health_report/system_health_report.json
frappe,P2,missing,Wednesday,Mercredi,frappe/automation/doctype/assignment_rule_day/assignment_rule_day.json frappe/automation/doctype/auto_repeat_day/auto_repeat_day.json frappe/core/doctype/language/language.json frappe/core/doctype/system_settings/system_settings.json frappe/desk/doctype/event/event.json frappe/email/doctype/auto_email_report/auto_email_report.json
frappe,P2,missing,Weekly,Hebdomadaire,frappe/automation/doctype/auto_repeat/auto_repeat.json frappe/core/doctype/scheduled_job_type/scheduled_job_type.json frappe/core/doctype/server_script/server_script.json frappe/core/doctype/user/user.json frappe/desk/doctype/dashboard_chart/dashboard_chart.json frappe/desk/doctype/event/event.json frappe/desk/doctype/number_card/number_card.json frappe/email/doctype/auto_email_report/auto_email_report.json frappe/public/js/frappe/utils/common.js:408 frappe/website/report/website_analytics/website_analytics.js:24
frappe,P2,missing,Welcome,Accueillir,frappe/desk/page/setup_wizard/setup_wizard.js:384
frappe,P2,missing,Welcome Workspace,Espace de travail de bienvenue,frappe/core/workspace/welcome_workspace/welcome_workspace.json
frappe,P2,missing,Welcome to {0},Bienvenue à {0},frappe/core/doctype/user/user.py:515
frappe,P2,missing,"When sending document using email, store the PDF on Communication. Warning: This can increase your storage usage.","Lors de l'envoi d'un document par courrier électronique, stockez le PDF sur Communication. Avertissement : Cela peut augmenter votre utilisation du stockage.",frappe/core/doctype/system_settings/system_settings.json
frappe,P2,missing,"When uploading files, force the use of the web-based image capture. If this is unchecked, the default behavior is to use the mobile native camera when use from a mobile is detected.","Lors du téléchargement de fichiers, forcez l'utilisation de la capture d'image basée sur le Web. Si cette case n'est pas cochée, le comportement par défaut consiste à utiliser la caméra native du mobile lorsqu'une utilisation depuis un mobile est détectée.",frappe/core/doctype/system_settings/system_settings.json
frappe,P2,missing,"When you Amend a document after Cancel and save it, it will get a new number that is a version of the old number.","Lorsque vous modifiez un document après l'avoir annulé et que vous l'enregistrez, il obtient un nouveau numéro qui est une version de l'ancien numéro.",frappe/core/page/permission_manager/permission_manager_help.html:18
frappe,P2,missing,"Will add ""%"" before and after the query","Ajoutera ""%"" avant et après la requête",frappe/core/doctype/report_filter/report_filter.json
frappe,P2,missing,Will run scheduled jobs only once a day for inactive sites. Set it to 0 to avoid automatically disabling the scheduler.,Exécutera les tâches planifiées une seule fois par jour pour les sites inactifs. Réglez-le sur 0 pour éviter de désactiver automatiquement le planificateur.,frappe/core/doctype/system_settings/system_settings.json
frappe,P2,missing,Worker Information,Informations sur les travailleurs,frappe/core/doctype/rq_worker/rq_worker.json
frappe,P2,missing,Worker Name,Nom du travailleur,frappe/core/doctype/rq_worker/rq_worker.json
frappe,P2,untranslated_copy,Workflow,Flux de travail,frappe/core/doctype/comment/comment.json frappe/core/doctype/doctype/doctype.json frappe/public/js/workflow_builder/store.js:129 frappe/workflow/doctype/workflow/workflow.json
frappe,P2,missing,Workflow Task,Tâche de flux de travail,frappe/core/doctype/server_script/server_script.json
frappe,P2,missing,Workspace,Espace de travail,frappe/core/doctype/user/user.json frappe/core/workspace/build/build.json frappe/desk/doctype/desktop_icon/desktop_icon.json frappe/desk/doctype/workspace/workspace.json frappe/desk/doctype/workspace_sidebar_item/workspace_sidebar_item.json frappe/public/js/frappe/ui/toolbar/search_utils.js:100 frappe/public/js/frappe/ui/toolbar/search_utils.js:601 frappe/public/js/frappe/utils/utils.js:968 frappe/public/js/frappe/views/workspace/workspace.js:10
frappe,P2,missing,Workspace Chart,Graphique de l'espace de travail,frappe/desk/doctype/workspace_chart/workspace_chart.json
frappe,P2,missing,Workspace Custom Block,Bloc personnalisé de l'espace de travail,frappe/desk/doctype/workspace_custom_block/workspace_custom_block.json
frappe,P2,missing,Workspace Link,Lien vers l'espace de travail,frappe/desk/doctype/workspace_link/workspace_link.json
frappe,P2,missing,Workspace Manager,Gestionnaire d'espace de travail,frappe/desk/doctype/custom_html_block/custom_html_block.json frappe/desk/doctype/workspace/workspace.json frappe/desk/doctype/workspace_settings/workspace_settings.json
frappe,P2,missing,Workspace Number Card,Carte de numéro d'espace de travail,frappe/desk/doctype/workspace_number_card/workspace_number_card.json
frappe,P2,missing,Workspace Quick List,Liste rapide de l'espace de travail,frappe/desk/doctype/workspace_quick_list/workspace_quick_list.json
frappe,P2,missing,Workspace Settings,Paramètres de l'espace de travail,frappe/desk/doctype/workspace_settings/workspace_settings.json frappe/hooks.py
frappe,P2,missing,Workspace Setup Completed,Configuration de l'espace de travail terminée,frappe/desk/doctype/workspace_settings/workspace_settings.json
frappe,P2,missing,Workspace Shortcut,Raccourci de l'espace de travail,frappe/desk/doctype/workspace_shortcut/workspace_shortcut.json
frappe,P2,missing,Workspace Sidebar,Barre latérale de l'espace de travail,frappe/desk/doctype/desktop_icon/desktop_icon.js:17 frappe/desk/doctype/workspace_sidebar/workspace_sidebar.json
frappe,P2,missing,Workspace Sidebar Item,Élément de la barre latérale de l'espace de travail,frappe/desk/doctype/workspace_sidebar_item/workspace_sidebar_item.json
frappe,P2,missing,Workspace Visibility,Visibilité de l'espace de travail,frappe/desk/doctype/workspace_settings/workspace_settings.json
frappe,P2,missing,Workspaces,Espaces de travail,frappe/desk/doctype/form_tour/form_tour.json
frappe,P2,missing,Wrapping up,Conclusion,frappe/desk/page/setup_wizard/setup_wizard.py:41
frappe,P2,missing,Year,Année,frappe/desk/doctype/dashboard_chart/dashboard_chart.json frappe/website/doctype/company_history/company_history.json
frappe,P2,missing,Yearly,Annuel,frappe/automation/doctype/auto_repeat/auto_repeat.json frappe/core/doctype/scheduled_job_type/scheduled_job_type.json frappe/core/doctype/server_script/server_script.json frappe/desk/doctype/dashboard_chart/dashboard_chart.json frappe/desk/doctype/event/event.json frappe/desk/doctype/number_card/number_card.json frappe/email/doctype/auto_email_report/auto_email_report.json frappe/public/js/frappe/utils/common.js:412
frappe,P2,missing,Yellow,Jaune,frappe/core/doctype/doctype_state/doctype_state.json frappe/desk/doctype/kanban_board_column/kanban_board_column.json
frappe,P2,missing,You are not allowed to edit the report.,Vous n'êtes pas autorisé à modifier le rapport.,frappe/core/doctype/report/report.py:396
frappe,P2,missing,"You are only allowed to update order, do not remove or add apps.","Vous êtes uniquement autorisé à mettre à jour la commande, sans supprimer ni ajouter d'applications.",frappe/core/doctype/installed_applications/installed_applications.py:125
frappe,P2,missing,"You can change Submitted documents by cancelling them and then, amending them.",Vous pouvez modifier les documents soumis en les annulant puis en les modifiant.,frappe/core/page/permission_manager/permission_manager_help.html:17
frappe,P2,missing,You can increase the limit from System Settings.,Vous pouvez augmenter la limite à partir des paramètres système.,frappe/core/doctype/file/file.py:768
frappe,P2,missing,You can only set the 3 custom doctypes in the Document Types table.,Vous pouvez uniquement définir les 3 types de documents personnalisés dans le tableau Types de documents.,frappe/core/doctype/user_type/user_type.py:104
frappe,P2,missing,You can set a high value here if multiple users will be logging in from the same network.,Vous pouvez définir ici une valeur élevée si plusieurs utilisateurs se connectent à partir du même réseau.,frappe/core/doctype/system_settings/system_settings.json
frappe,P2,missing,You can use Customize Form to set levels on fields.,Vous pouvez utiliser Personnaliser le formulaire pour définir des niveaux sur les champs.,frappe/core/page/permission_manager/permission_manager_help.html:27
frappe,P2,missing,You do not have import permission for {0},Vous ne disposez pas d'une autorisation d'importation pour {0},frappe/core/doctype/data_import/data_import.py:83
frappe,P2,missing,You do not have permission to access {0}: {1}.,Vous n'êtes pas autorisé à accéder à {0} : {1}.,frappe/desk/query_report.py:969
frappe,P2,missing,You need to be Workspace Manager to delete a public workspace.,Vous devez être Workspace Manager pour supprimer un espace de travail public.,frappe/desk/doctype/workspace/workspace.py:129 frappe/desk/doctype/workspace_sidebar/workspace_sidebar.py:75
frappe,P2,missing,You need to be Workspace Manager to edit this document,Vous devez être Workspace Manager pour modifier ce document,frappe/desk/doctype/workspace/workspace.py:78
frappe,P2,missing,You need to select indexes you want to add first.,Vous devez d'abord sélectionner les index que vous souhaitez ajouter.,frappe/core/doctype/recorder/recorder.js:38
frappe,P2,missing,You've been invited to join {0},Vous avez été invité à rejoindre {0},frappe/core/doctype/user_invitation/user_invitation.py:113
frappe,P2,missing,"Your CSV file is being generated and will appear in the Attachments section once ready. Additionally, you will get notified when the file is available for download.","Votre fichier CSV est en cours de génération et apparaîtra dans la section Pièces jointes une fois prêt. De plus, vous serez averti lorsque le fichier sera disponible en téléchargement.",frappe/core/doctype/prepared_report/prepared_report.js:57
frappe,P2,missing,Your browser does not support the audio element.,Votre navigateur ne prend pas en charge l'élément audio.,frappe/core/doctype/file/file.js:78
frappe,P2,missing,Your browser does not support the video element.,Votre navigateur ne prend pas en charge l'élément vidéo.,frappe/core/doctype/file/file.js:60
frappe,P2,missing,Your exported report: {0},Votre rapport exporté : {0},frappe/desk/utils.py:105
frappe,P2,missing,Your report is being generated in the background. You will receive an email on {0} with a download link once it is ready.,Votre rapport est généré en arrière-plan. Vous recevrez un e-mail le {0} avec un lien de téléchargement une fois qu'il sera prêt.,frappe/desk/query_report.py:343 frappe/desk/reportview.py:399
frappe,P2,missing,cProfile Output,Sortie cProfile,frappe/core/doctype/recorder/recorder.json
frappe,P2,missing,cyan,cyan,frappe/desk/doctype/workspace/workspace.json
frappe,P2,missing,dd.mm.yyyy,jj.mm.aaaa,frappe/core/doctype/language/language.json frappe/core/doctype/system_settings/system_settings.json
frappe,P2,missing,deferred,différé,frappe/core/doctype/rq_job/rq_job.json
frappe,P2,missing,emacs,emacs,frappe/core/doctype/user/user.json
frappe,P2,missing,email,e-mail,frappe/core/doctype/permission_inspector/permission_inspector.json frappe/website/doctype/social_link_settings/social_link_settings.json
frappe,P2,missing,gray,gris,frappe/desk/doctype/workspace/workspace.json
frappe,P2,missing,grey,gris,frappe/desk/doctype/workspace/workspace.json
frappe,P2,missing,label,étiquette,frappe/desk/desktop.py:255 frappe/desk/query_report.py:292
frappe,P2,missing,light-blue,bleu clair,frappe/desk/doctype/workspace/workspace.json
frappe,P2,missing,long,long,frappe/core/doctype/rq_job/rq_job.json frappe/core/doctype/rq_worker/rq_worker.json
frappe,P2,missing,macOS Launchpad,Barre de lancement macOS,frappe/desk/doctype/desktop_settings/desktop_settings.json
frappe,P2,missing,pink,rose,frappe/desk/doctype/workspace/workspace.json
frappe,P2,missing,processlist,liste de processus,frappe/desk/doctype/system_console/system_console.json
frappe,P2,missing,short,court,frappe/core/doctype/rq_job/rq_job.json frappe/core/doctype/rq_worker/rq_worker.json
frappe,P2,missing,starting the setup...,démarrage de l'installation...,frappe/desk/page/setup_wizard/setup_wizard.js:201
frappe,P2,missing,version_table,version_table,frappe/core/doctype/audit_trail/audit_trail.json
frappe,P2,missing,via Google Meet,via Google Rencontre,frappe/desk/doctype/event/event.json
frappe,P2,missing,vim,vim,frappe/core/doctype/user/user.json
frappe,P2,missing,vscode,vscode,frappe/core/doctype/user/user.json
frappe,P2,missing,when clicked on element it will focus popover if present.,"lorsque vous cliquez sur un élément, le popover se concentrera s'il est présent.",frappe/desk/doctype/form_tour_step/form_tour_step.json
frappe,P2,untranslated_copy,{0},{0},frappe/desk/doctype/event/event.js:87 frappe/public/js/frappe/form/footer/form_timeline.js:547
frappe,P2,missing,{0} can not be more than {1},{0} ne peut pas être supérieur à {1},frappe/core/doctype/system_settings/system_settings.py:159
frappe,P2,missing,"{0} contains an invalid Fetch From expression, Fetch From can't be self-referential.","{0} contient une expression Fetch From non valide, Fetch From ne peut pas être auto-référentiel.",frappe/core/doctype/doctype/doctype.py:1620
frappe,P2,missing,{0} format could not be determined from the values in this column. Defaulting to {1}.,"Le format {0} n'a pas pu être déterminé à partir des valeurs de cette colonne. Par défaut, {1}.",frappe/core/doctype/data_import/importer.py:1070
frappe,P2,missing,{0} is a not a valid zip file,{0} n'est pas un fichier zip valide,frappe/core/doctype/file/file.py:576
frappe,P2,missing,{0} is not a field of doctype {1},{0} n'est pas un champ du doctype {1},frappe/core/doctype/document_naming_rule/document_naming_rule.py:50
frappe,P2,missing,{0} is not a zip file,{0} n'est pas un fichier zip,frappe/core/doctype/file/file.py:556
frappe,P2,missing,{0} is not an allowed role for {1},{0} n'est pas un rôle autorisé pour {1},frappe/core/doctype/user_invitation/user_invitation.py:182
frappe,P2,missing,{0} just impersonated as you. They gave this reason: {1},{0} vient de se faire passer pour vous. Ils ont donné cette raison : {1},frappe/core/doctype/user/user.py:1458
frappe,P2,missing,"{0} must begin and end with a letter and can only contain letters, hyphen or underscore.","{0} doit commencer et se terminer par une lettre et ne peut contenir que des lettres, un trait d'union ou un trait de soulignement.",frappe/core/doctype/language/language.py:79
frappe,P2,missing,{0} removed their assignment.,{0} a supprimé son affectation.,frappe/desk/doctype/todo/todo.py:58
frappe,P2,missing,{0} should be indexed because it's referred in dashboard connections,{0} doit être indexé car il est référencé dans les connexions du tableau de bord,frappe/core/doctype/doctype/doctype.py:318
frappe,P2,missing,{0} with the role <strong>{1}</strong>,{0} avec le rôle <strong>{1}</strong>,frappe/core/page/permission_manager/permission_manager.js:378
frappe,P2,missing,{0}: fieldname cannot be set to reserved keyword {1},{0} : le nom du champ ne peut pas être défini sur le mot-clé réservé {1},frappe/core/doctype/doctype/doctype.py:1283
frappe,P2,missing,{} does not support automated log clearing.,{} ne prend pas en charge la suppression automatique des journaux.,frappe/core/doctype/log_settings/log_settings.py:54
frappe,P2,missing,{} field cannot be empty.,Le champ {} ne peut pas être vide.,frappe/core/doctype/audit_trail/audit_trail.py:41
