app,priority,status,source_text,translated_text,refs
erpnext,P3,missing, Phantom Item,Objet fantôme,erpnext/public/js/bom_configurator/bom_configurator.bundle.js:144 erpnext/public/js/bom_configurator/bom_configurator.bundle.js:185
erpnext,P3,missing,% Produced,% produit,erpnext/subcontracting/doctype/subcontracting_inward_order/subcontracting_inward_order.json
erpnext,P3,missing,% Raw Material Received,% de matière première reçue,erpnext/subcontracting/doctype/subcontracting_inward_order/subcontracting_inward_order.json
erpnext,P3,missing,% Raw Material Returned,% de matière première retournée,erpnext/subcontracting/doctype/subcontracting_inward_order/subcontracting_inward_order.json
erpnext,P3,untranslated_copy,0-30,0-30,erpnext/accounts/report/payment_period_based_on_invoice_date/payment_period_based_on_invoice_date.py:114
erpnext,P3,untranslated_copy,1-10,1-10,erpnext/crm/doctype/lead/lead.json erpnext/crm/doctype/opportunity/opportunity.json erpnext/crm/doctype/prospect/prospect.json
erpnext,P3,untranslated_copy,1000+,1000+,erpnext/crm/doctype/lead/lead.json erpnext/crm/doctype/opportunity/opportunity.json erpnext/crm/doctype/prospect/prospect.json
erpnext,P3,untranslated_copy,11-50,11-50,erpnext/crm/doctype/lead/lead.json erpnext/crm/doctype/opportunity/opportunity.json erpnext/crm/doctype/prospect/prospect.json
erpnext,P3,untranslated_copy,1{0},1{0},erpnext/regional/report/uae_vat_201/uae_vat_201.py:95 erpnext/regional/report/uae_vat_201/uae_vat_201.py:101
erpnext,P3,untranslated_copy,201-500,201-500,erpnext/crm/doctype/lead/lead.json erpnext/crm/doctype/opportunity/opportunity.json erpnext/crm/doctype/prospect/prospect.json
erpnext,P3,untranslated_copy,30-60,30-60,erpnext/accounts/report/payment_period_based_on_invoice_date/payment_period_based_on_invoice_date.py:115
erpnext,P3,untranslated_copy,501-1000,501-1000,erpnext/crm/doctype/lead/lead.json erpnext/crm/doctype/opportunity/opportunity.json erpnext/crm/doctype/prospect/prospect.json
erpnext,P3,untranslated_copy,51-200,51-200,erpnext/crm/doctype/lead/lead.json erpnext/crm/doctype/opportunity/opportunity.json erpnext/crm/doctype/prospect/prospect.json
erpnext,P3,untranslated_copy,60-90,60-90,erpnext/accounts/report/payment_period_based_on_invoice_date/payment_period_based_on_invoice_date.py:116
erpnext,P3,missing,"<b>Cannot create asset.</b><br><br>You're trying to create <b>{0} asset(s)</b> from {2} {3}.<br>However, only <b>{1} item(s)</b> were purchased and <b>{4} asset(s)</b> already exist against {5}.","<b>Impossible de créer un élément.</b><br><br>Vous essayez de créer <b>{0} élément(s)</b> à partir de {2} {3}.<br>Cependant, seuls <b>{1} article(s)</b> ont été achetés et <b>{4} élément(s)</b> existent déjà pour {5}.",erpnext/assets/doctype/asset/asset.py:533
erpnext,P3,missing,<b>Row #{0}:</b> Bundle {1} in warehouse {2} has insufficient packed items:<br><div style='margin-top: 15px;'><ul style='line-height: 0.8;'>{3}</ul></div>,<b>Rangée n°{0} :</b> Le lot {1} dans l'entrepôt {2} ne contient pas suffisamment d'articles emballés :<br><div style='margin-top: 15px;'><ul style='line-height: 0.8;'>{3}</ul></div>,erpnext/accounts/doctype/pos_invoice/pos_invoice.py:432
erpnext,P3,untranslated_copy,"<div class=""text-muted text-center"">{0}</div>","<div class=""text-muted text-center"">{0}</div>",erpnext/public/js/bank_reconciliation_tool/dialog_manager.js:262
erpnext,P3,missing,"<h4>Contract Template Example</h4>

<pre>Contract for Customer {{ party_name }}

-Valid From : {{ start_date }} 
-Valid To : {{ end_date }}
</pre>

<h4>How to get fieldnames</h4>

<p>The field names you can use in your Contract Template are the fields in the Contract for which you are creating the template. You can find out the fields of any documents via Setup &gt; Customize Form View and selecting the document type (e.g. Contract)</p>

<h4>Templating</h4>

<p>Templates are compiled using the Jinja Templating Language. To learn more about Jinja, <a class=""strong"" href=""http://jinja.pocoo.org/docs/dev/templates/"">read this documentation.</a></p>","<h4>Exemple de modèle de contrat</h4>

<pre>Contrat pour le client {{ party_name }}

-Valable à partir de : {{ start_date }} 
-Valide jusqu'à : {{ end_date }}
</pre>

<h4>Comment obtenir les noms de champs</h4>

<p>Les noms de champs que vous pouvez utiliser dans votre modèle de contrat sont les champs du contrat pour lequel vous créez le modèle. Vous pouvez connaître les champs de n'importe quel document via Configuration &gt; Personnalisez l'affichage du formulaire et sélectionnez le type de document (par exemple, contrat) </p>

<h4>Modèles</h4>

Les modèles <p> sont compilés à l'aide du langage de modèles Jinja. Pour en savoir plus sur Jinja, <a class=""strong"" href=""http://jinja.pocoo.org/docs/dev/templates/"">lisez cette documentation.</a></p>",erpnext/crm/doctype/contract_template/contract_template.json
erpnext,P3,missing,"<label class=""control-label"" style=""margin-bottom: 0px;"">Account Number Settings</label>","<label class=""control-label"" style=""margin-bottom: 0px;"">Paramètres du numéro de compte</label>",erpnext/accounts/doctype/cheque_print_template/cheque_print_template.json
erpnext,P3,missing,"<label class=""control-label"" style=""margin-bottom: 0px;"">Amount In Words</label>","<label class=""control-label"" style=""margin-bottom: 0px;"">Montant en lettres</label>",erpnext/accounts/doctype/cheque_print_template/cheque_print_template.json
erpnext,P3,missing,<li>Item {0} in row(s) {1} billed more than {2}</li>,<li>Article {0} dans la(les) ligne(s) {1} facturé plus de {2}</li>,erpnext/controllers/accounts_controller.py:2261
erpnext,P3,missing,"<li>Packed Item {0}: Required {1}, Available {2}</li>","<li>Article emballé {0} : requis {1}, disponible {2}</li>",erpnext/accounts/doctype/pos_invoice/pos_invoice.py:423
erpnext,P3,missing,<li>Payment document required for row(s): {0}</li>,<li>Document de paiement requis pour la(les) ligne(s) : {0}</li>,erpnext/accounts/doctype/bank_clearance/bank_clearance.py:118
erpnext,P3,missing,<li>{}</li>,<li>{}</li>,erpnext/accounts/doctype/process_statement_of_accounts/process_statement_of_accounts.py:163 erpnext/utilities/bulk_transaction.py:35
erpnext,P3,missing,<p>Cannot overbill for the following Items:</p>,<p>Impossible de surfacturer les articles suivants :</p>,erpnext/controllers/accounts_controller.py:2258
erpnext,P3,missing,<p>Following {0}s doesn't belong to Company {1} :</p>,<p>Les {0} suivants n'appartiennent pas à la société {1} :</p>,erpnext/accounts/doctype/process_statement_of_accounts/process_statement_of_accounts.py:157
erpnext,P3,missing,<p>Please correct the following row(s):</p><ul>,<p>Veuillez corriger la ou les lignes suivantes :</p><ul>,erpnext/accounts/doctype/bank_clearance/bank_clearance.py:116
erpnext,P3,missing,<p>Posting Date {0} cannot be before Purchase Order date for the following:</p><ul>,<p>Date de publication {0} ne peut pas être antérieure à la date du bon de commande pour les éléments suivants :</p><ul>,erpnext/controllers/buying_controller.py:121
erpnext,P3,missing,"<p>To allow over-billing, please set allowance in Accounts Settings.</p>","<p>Pour autoriser la surfacturation, veuillez définir une allocation dans les paramètres des comptes.</p>",erpnext/controllers/accounts_controller.py:2270
erpnext,P3,missing,"<pre><h5>Message Example</h5>

&lt;p&gt; Thank You for being a part of {{ doc.company }}! We hope you are enjoying the service.&lt;/p&gt;

&lt;p&gt; Please find enclosed the E Bill statement. The outstanding amount is {{ doc.grand_total }}.&lt;/p&gt;

&lt;p&gt; We don't want you to be spending time running around in order to pay for your Bill.<br>After all, life is beautiful and the time you have in hand should be spent to enjoy it!<br>So here are our little ways to help you get more time for life! &lt;/p&gt;

&lt;a href=""{{ payment_url }}""&gt; click here to pay &lt;/a&gt;

</pre>
","<pre><h5>Exemple de message</h5>

&lt;p&gt; Merci de faire partie de {{ doc.company }} ! Nous espérons que vous appréciez le service.&lt;/p&gt;

&lt;p&gt; Veuillez trouver ci-joint le relevé E Bill. Le montant impayé est de {{ doc.grand_total }}.&lt;/p&gt;

&lt;p&gt; Nous ne voulons pas que vous passiez du temps à courir partout pour payer votre facture.<br>Après tout, la vie est belle et le temps que vous avez en main devrait être consacré à en profiter !<br>Voici donc nos petites façons de vous aider à avoir plus de temps pour la vie ! &lt;/p&gt;

&lt;a href=""{{ payment_url }}""&gt; cliquez ici pour payer &lt;/a&gt;

</pre>",erpnext/accounts/doctype/payment_gateway_account/payment_gateway_account.json
erpnext,P3,missing,"<pre><h5>Message Example</h5>

&lt;p&gt;Dear {{ doc.contact_person }},&lt;/p&gt;

&lt;p&gt;Requesting payment for {{ doc.doctype }}, {{ doc.name }} for {{ doc.grand_total }}.&lt;/p&gt;

&lt;a href=""{{ payment_url }}""&gt; click here to pay &lt;/a&gt;

</pre>
","<pre><h5>Exemple de message</h5>

&lt;p&gt;Cher {{ doc.contact_person }},&lt;/p&gt;

&lt;p&gt;Demande de paiement pour {{ doc.doctype }}, {{ doc.name }} pour {{ doc.grand_total }}.&lt;/p&gt;

&lt;a href=""{{ payment_url }}""&gt; cliquez ici pour payer &lt;/a&gt;

</pre>",erpnext/accounts/doctype/payment_request/payment_request.json
erpnext,P3,missing,"<span class=""h4""><b>Reports & Masters</b></span>","<span class=""h4""><b>Rapports & Masters</b></span>",erpnext/assets/workspace/assets/assets.json
erpnext,P3,missing,"<span class=""h4""><b>Shortcuts</b></span>","<span class=""h4""><b>Raccourcis</b></span>",erpnext/accounts/workspace/payables/payables.json erpnext/accounts/workspace/receivables/receivables.json
erpnext,P3,missing,"<span class=""h4""><b>Subcontracting Inward and Outward</b></span>","<span class=""h4""><b>Sous-traitance entrante et sortante</b></span>",erpnext/subcontracting/workspace/subcontracting/subcontracting.json
erpnext,P3,missing,<strong>Grand Total:</strong> {0},<strong>Total général :</strong> {0},erpnext/accounts/doctype/payment_request/payment_request.py:1002
erpnext,P3,missing,<strong>Outstanding Amount:</strong> {0},<strong>Montant impayé :</strong> {0},erpnext/accounts/doctype/payment_request/payment_request.py:1003
erpnext,P3,missing,A Reverse Journal Entry {0} already exists for this Journal Entry.,Une écriture de journal inversée {0} existe déjà pour cette écriture de journal.,erpnext/accounts/doctype/journal_entry/journal_entry.py:1952
erpnext,P3,untranslated_copy,API Details,Détails de l'API,erpnext/accounts/doctype/currency_exchange_settings/currency_exchange_settings.json
erpnext,P3,missing,Account Category,Catégorie de compte,erpnext/accounts/doctype/account/account.json erpnext/accounts/doctype/account/account_tree.js:166 erpnext/accounts/doctype/account_category/account_category.json
erpnext,P3,missing,Account Category Name,Nom de la catégorie de compte,erpnext/accounts/doctype/account_category/account_category.json
erpnext,P3,missing,Account Data,Données du compte,erpnext/accounts/doctype/financial_report_row/financial_report_row.json
erpnext,P3,missing,Account Detail Level,Niveau de détail du compte,erpnext/accounts/report/balance_sheet/balance_sheet.js:20 erpnext/accounts/report/cash_flow/cash_flow.js:29 erpnext/accounts/report/custom_financial_statement/custom_financial_statement.js:21 erpnext/accounts/report/profit_and_loss_statement/profit_and_loss_statement.js:20
erpnext,P3,missing,Account is mandatory,Le compte est obligatoire,erpnext/accounts/doctype/budget/budget.py:150
erpnext,P3,missing,Account {0} cannot be converted to Group as it is already set as {1} for {2}.,Le compte {0} ne peut pas être converti en groupe car il est déjà défini comme {1} pour {2}.,erpnext/accounts/doctype/account/account.py:291
erpnext,P3,missing,Account {0} cannot be disabled as it is already set as {1} for {2}.,Le compte {0} ne peut pas être désactivé car il est déjà défini comme {1} pour {2}.,erpnext/accounts/doctype/account/account.py:288
erpnext,P3,missing,Account {0} does not belong to company {1},Le compte {0} n'appartient pas à la société {1},erpnext/accounts/doctype/budget/budget.py:159
erpnext,P3,missing,Account {0} should be of type Expense,Le compte {0} doit être de type Dépense,erpnext/accounts/doctype/journal_entry/journal_entry.py:337
erpnext,P3,missing,Accounting Dimension Filter,Filtre de dimension comptable,erpnext/accounts/doctype/accounting_dimension_filter/accounting_dimension_filter.json
erpnext,P3,missing,Accounting Entry for Landed Cost Voucher for SCR {0},Écriture comptable pour pièce de prix au débarquement pour SCR {0},erpnext/subcontracting/doctype/subcontracting_receipt/subcontracting_receipt.py:873
erpnext,P3,missing,Accounts Included in Report,Comptes inclus dans le rapport,erpnext/accounts/doctype/financial_report_template/financial_report_template.js:192
erpnext,P3,missing,Accounts Missing from Report,Comptes manquants dans le rapport,erpnext/accounts/doctype/financial_report_template/financial_report_template.js:166 erpnext/accounts/doctype/financial_report_template/financial_report_template.js:191
erpnext,P3,missing,Accounts Receivable / Payable Tuning,Réglage des comptes clients/payeurs,erpnext/accounts/doctype/accounts_settings/accounts_settings.json
erpnext,P3,missing,Accrued Expenses,Frais à payer,erpnext/accounts/doctype/account/chart_of_accounts/verified/standard_chart_of_accounts.py:158 erpnext/accounts/doctype/account/chart_of_accounts/verified/standard_chart_of_accounts_with_account_number.py:265
erpnext,P3,missing,Accumulated Monthly Budget for Account {0} against {1} {2} is {3}. It will be collectively ({4}) exceeded by {5},Le budget mensuel accumulé pour le compte {0} par rapport à {1} {2} est de {3}. Il sera collectivement ({4}) dépassé par {5},erpnext/controllers/budget_controller.py:425
erpnext,P3,missing,Accumulated Monthly Budget for Account {0} against {1}: {2} is {3}. It will be exceeded by {4},Budget mensuel accumulé pour le compte {0} par rapport à {1} : {2} est {3}. Il sera dépassé de {4},erpnext/controllers/budget_controller.py:327
erpnext,P3,missing,Action if Accumulative Monthly Budget Exceeded on Cumulative Expense,Action si le budget mensuel cumulé est dépassé sur les dépenses cumulées,erpnext/accounts/doctype/budget/budget.json
erpnext,P3,missing,Action if Anual Budget Exceeded on Cumulative Expense,Action en cas de dépassement du budget annuel sur les dépenses cumulées,erpnext/accounts/doctype/budget/budget.json
erpnext,P3,missing,Action if Same Rate is Not Maintained Throughout  Internal Transaction,Action si le même taux n'est pas maintenu tout au long de la transaction interne,erpnext/accounts/doctype/accounts_settings/accounts_settings.json
erpnext,P3,missing,Active Subcontracted Items,Articles sous-traités actifs,erpnext/subcontracting/workspace/subcontracting/subcontracting.json
erpnext,P3,missing,Actual Demand,Demande réelle,erpnext/manufacturing/doctype/master_production_schedule/master_production_schedule.json
erpnext,P3,missing,Actual End Date cannot be before Actual Start Date,La date de fin réelle ne peut pas être antérieure à la date de début réelle,erpnext/manufacturing/doctype/work_order/work_order.py:222
erpnext,P3,missing,Actual Expenses,Dépenses réelles,erpnext/accounts/doctype/budget/budget.py:601
erpnext,P3,missing,Actual Posting,Publication réelle,erpnext/accounts/report/deferred_revenue_and_expense/deferred_revenue_and_expense.py:430
erpnext,P3,missing,Ad-hoc Qty,Quantité ponctuelle,erpnext/manufacturing/report/material_requirements_planning_report/material_requirements_planning_report.py:1005
erpnext,P3,missing,Add Phantom Item,Ajouter un article fantôme,erpnext/public/js/bom_configurator/bom_configurator.bundle.js:281 erpnext/public/js/bom_configurator/bom_configurator.bundle.js:416
erpnext,P3,missing,Add Safety Stock,Ajouter un stock de sécurité,erpnext/manufacturing/report/material_requirements_planning_report/material_requirements_planning_report.js:82
erpnext,P3,missing,Additional Discount Amount ({discount_amount}) cannot exceed the total before such discount ({total_before_discount}),Le montant de la remise supplémentaire ({discount_amount}) ne peut pas dépasser le total avant cette remise ({total_before_discount}),erpnext/controllers/taxes_and_totals.py:805
erpnext,P3,missing,Additional Material Transfer,Transfert de matériel supplémentaire,erpnext/manufacturing/doctype/work_order/work_order.js:787
erpnext,P3,missing,Additional Transferred Qty,Quantité transférée supplémentaire,erpnext/manufacturing/doctype/work_order/work_order.json
erpnext,P3,missing,"Additional Transferred Qty {0}
					cannot be greater than {1}.
					To fix this, increase the percentage value
					of the field 'Transfer Extra Raw Materials to WIP'
					in Manufacturing Settings.","Quantité transférée supplémentaire {0}
					ne peut pas être supérieur à {1}.
					Pour résoudre ce problème, augmentez la valeur en pourcentage
					du champ 'Transférer les matières premières supplémentaires vers l'en-cours'
					dans Paramètres de fabrication.",erpnext/manufacturing/doctype/work_order/work_order.py:660
erpnext,P3,missing,Additional {0} {1} of item {2} required as per BOM to complete this transaction,{0} {1} supplémentaire de l'article {2} requis selon la nomenclature pour terminer cette transaction,erpnext/subcontracting/doctype/subcontracting_receipt/subcontracting_receipt.py:590
erpnext,P3,missing,Adjust Qty,Ajuster la quantité,erpnext/manufacturing/doctype/sales_forecast_item/sales_forecast_item.json
erpnext,P3,missing,Advance Payment Ledger Entry,Écriture au grand livre des paiements anticipés,erpnext/accounts/doctype/advance_payment_ledger_entry/advance_payment_ledger_entry.json
erpnext,P3,missing,Advance Tax,Impôt anticipé,erpnext/accounts/doctype/advance_tax/advance_tax.json erpnext/accounts/doctype/purchase_invoice/purchase_invoice.json
erpnext,P3,missing,Advance paid against {0} {1} cannot be greater than Grand Total {2},L'avance versée sur {0} {1} ne peut pas être supérieure au total général {2},erpnext/accounts/doctype/journal_entry/journal_entry.py:845
erpnext,P3,missing,Advanced Filtering,Filtrage avancé,erpnext/accounts/doctype/financial_report_row/financial_report_row.json
erpnext,P3,missing,Against Supplier Invoice {0},Contre facture fournisseur {0},erpnext/accounts/doctype/purchase_invoice/purchase_invoice.py:332
erpnext,P3,missing,Against Voucher No,Contre Bon Non,erpnext/accounts/doctype/advance_payment_ledger_entry/advance_payment_ledger_entry.json erpnext/accounts/doctype/payment_ledger_entry/payment_ledger_entry.json erpnext/accounts/report/general_ledger/general_ledger.js:57 erpnext/accounts/report/payment_ledger/payment_ledger.js:71 erpnext/accounts/report/payment_ledger/payment_ledger.py:192
erpnext,P3,missing,Ageing Report based on {0} up to {1},Rapport de vieillissement basé sur {0} jusqu'à {1},erpnext/accounts/doctype/process_statement_of_accounts/process_statement_of_accounts.html:104 erpnext/accounts/doctype/process_statement_of_accounts/process_statement_of_accounts_accounts_receivable.html:352
erpnext,P3,missing,Agent Busy Message,Message d'occupation de l'agent,erpnext/telephony/doctype/incoming_call_settings/incoming_call_settings.json erpnext/telephony/doctype/voice_call_settings/voice_call_settings.json
erpnext,P3,missing,Agent Unavailable Message,Message d'indisponibilité de l'agent,erpnext/telephony/doctype/incoming_call_settings/incoming_call_settings.json erpnext/telephony/doctype/voice_call_settings/voice_call_settings.json
erpnext,P3,missing,Agents,Agents,erpnext/crm/doctype/appointment_booking_settings/appointment_booking_settings.json
erpnext,P3,missing,All allocations have been successfully reconciled,Toutes les allocations ont été rapprochées avec succès,erpnext/accounts/doctype/process_payment_reconciliation_log/process_payment_reconciliation_log.json
erpnext,P3,missing,All items in this document already have a linked Quality Inspection.,Tous les éléments de ce document ont déjà une inspection qualité liée.,erpnext/public/js/controllers/transaction.js:2903
erpnext,P3,missing,"All the required items (raw materials) will be fetched from BOM and populated in this table. Here you can also change the Source Warehouse for any item. And during the production, you can track transferred raw materials from this table.","Tous les éléments requis (matières premières) seront extraits de la nomenclature et renseignés dans ce tableau. Ici, vous pouvez également modifier l'entrepôt source pour n'importe quel article. Et pendant la production, vous pouvez suivre les matières premières transférées à partir de ce tableau.",erpnext/manufacturing/doctype/work_order/work_order.js:1171
erpnext,P3,missing,Allocated Entries,Entrées attribuées,erpnext/accounts/doctype/payment_reconciliation/payment_reconciliation.json
erpnext,P3,missing,Allocation,Allocation,erpnext/accounts/doctype/payment_reconciliation/payment_reconciliation.js:282 erpnext/accounts/doctype/payment_reconciliation/payment_reconciliation.json
erpnext,P3,missing,Allocations,Allocations,erpnext/accounts/doctype/process_payment_reconciliation_log/process_payment_reconciliation_log.json erpnext/accounts/doctype/unreconcile_payment/unreconcile_payment.json erpnext/public/js/utils/unreconcile.js:104
erpnext,P3,missing,Allow Editing of Items and Quantities in Work Order,Autoriser la modification des articles et des quantités dans le bon de travail,erpnext/manufacturing/doctype/manufacturing_settings/manufacturing_settings.json
erpnext,P3,missing,Allow Implicit Pegged Currency Conversion,Autoriser la conversion implicite de devises indexées,erpnext/accounts/doctype/accounts_settings/accounts_settings.json
erpnext,P3,missing,Allow Item to Be Added Multiple Times in a Transaction,Autoriser l'ajout d'un article plusieurs fois dans une transaction,erpnext/controllers/selling_controller.py:838
erpnext,P3,missing,Allow Or Restrict Dimension,Autoriser ou restreindre la dimension,erpnext/accounts/doctype/accounting_dimension_filter/accounting_dimension_filter.json
erpnext,P3,missing,Allowed primary roles are 'Customer' and 'Supplier'. Please select one of these roles only.,Les rôles principaux autorisés sont « Client » et « Fournisseur ». Veuillez sélectionner un seul de ces rôles.,erpnext/accounts/doctype/party_link/party_link.py:27
erpnext,P3,missing,"Alternatively, you can download the template and fill your data in.",Vous pouvez également télécharger le modèle et remplir vos données.,erpnext/accounts/doctype/chart_of_accounts_importer/chart_of_accounts_importer.py:378
erpnext,P3,missing,Amount (AED),Montant (AED),erpnext/regional/report/uae_vat_201/uae_vat_201.py:22
erpnext,P3,missing,Amount in party's bank account currency,Montant dans la devise du compte bancaire du parti,erpnext/accounts/doctype/payment_request/payment_request.json
erpnext,P3,missing,Amount in transaction currency,Montant en devise de transaction,erpnext/accounts/doctype/payment_request/payment_request.json
erpnext,P3,missing,Annual Budget for Account {0} against {1} {2} is {3}. It will be collectively ({4}) exceeded by {5},Le budget annuel du compte {0} contre {1} {2} est {3}. Il sera collectivement ({4}) dépassé par {5},erpnext/controllers/budget_controller.py:449
erpnext,P3,missing,Annual Budget for Account {0} against {1}: {2} is {3}. It will be exceeded by {4},Budget annuel du compte {0} contre {1} : {2} est {3}. Il sera dépassé de {4},erpnext/controllers/budget_controller.py:314
erpnext,P3,missing,Another Budget record '{0}' already exists against {1} '{2}' and account '{3}' with overlapping fiscal years.,Un autre enregistrement budgétaire « {0} » existe déjà pour {1} « {2} » et le compte « {3} » avec des exercices fiscaux qui se chevauchent.,erpnext/accounts/doctype/budget/budget.py:142
erpnext,P3,missing,"Another Cost Center Allocation record {0} applicable from {1}, hence this allocation will be applicable upto {2}","Un autre enregistrement d'allocation de centre de coûts {0} applicable à partir du {1}, cette allocation sera donc applicable jusqu'au {2}",erpnext/accounts/doctype/cost_center_allocation/cost_center_allocation.py:107
erpnext,P3,missing,Another Payment Request is already processed,Une autre demande de paiement est déjà traitée,erpnext/accounts/doctype/payment_request/payment_request.py:752
erpnext,P3,missing,Applicable Dimension,Dimensions applicables,erpnext/accounts/doctype/accounting_dimension_filter/accounting_dimension_filter.json
erpnext,P3,missing,Applicable On Account,Applicable sur le compte,erpnext/accounts/doctype/accounting_dimension_filter/accounting_dimension_filter.json erpnext/accounts/doctype/applicable_on_account/applicable_on_account.json
erpnext,P3,missing,Applicable on Cumulative Expense,Applicable sur les dépenses cumulées,erpnext/accounts/doctype/budget/budget.json
erpnext,P3,missing,Apply Recursion Over (As Per Transaction UOM),Appliquer la récursion sur (selon l'UdM de la transaction),erpnext/accounts/doctype/pricing_rule/pricing_rule.json erpnext/accounts/doctype/promotional_scheme_product_discount/promotional_scheme_product_discount.json
erpnext,P3,missing,Apply restriction on dimension values,Appliquer une restriction sur les valeurs de dimension,erpnext/accounts/doctype/accounting_dimension_filter/accounting_dimension_filter.json
erpnext,P3,missing,Appointment Created Successfully,Rendez-vous créé avec succès,erpnext/www/book_appointment/index.js:237
erpnext,P3,missing,Appointment Scheduling Disabled,Planification de rendez-vous désactivée,erpnext/www/book_appointment/index.py:20
erpnext,P3,missing,Appointment Scheduling has been disabled for this site,La prise de rendez-vous a été désactivée pour ce site,erpnext/www/book_appointment/index.py:21
erpnext,P3,missing,Appointment was created. But no lead was found. Please check the email to confirm,Le rendez-vous a été créé. Mais aucune piste n'a été trouvée. Veuillez vérifier l'e-mail pour confirmer,erpnext/crm/doctype/appointment/appointment.py:101
erpnext,P3,missing,Approximately match the description/party name against parties,Correspond approximativement à la description/au nom du parti et aux partis,erpnext/accounts/doctype/accounts_settings/accounts_settings.json
erpnext,P3,missing,Are you sure you want to clear all demo data?,Êtes-vous sûr de vouloir effacer toutes les données de démonstration ?,erpnext/public/js/utils/demo.js:20
erpnext,P3,missing,Are you sure you want to delete this Item?,Êtes-vous sûr de vouloir supprimer cet élément ?,erpnext/public/js/bom_configurator/bom_configurator.bundle.js:480
erpnext,P3,missing,Are you sure you want to delete {0}?<p>This action will also delete all associated Common Code documents.</p>,Êtes-vous sûr de vouloir supprimer {0} ?<p>Cette action supprimera également tous les documents du Code commun associés.</p>,erpnext/edi/doctype/code_list/code_list.js:18
erpnext,P3,missing,Are you sure you want to revise this budget? The current budget will be cancelled and a new draft will be created.,Êtes-vous sûr de vouloir réviser ce budget ? Le budget actuel sera annulé et un nouveau projet sera créé.,erpnext/accounts/doctype/budget/budget.js:82
erpnext,P3,missing,"As there are sufficient Sub Assembly Items, Work Order is not required for Warehouse {0}.","Comme il y a suffisamment d'articles de sous-assemblage, un bon de travail n'est pas requis pour l'entrepôt {0}.",erpnext/manufacturing/doctype/production_plan/production_plan.py:1066
erpnext,P3,missing,Asset Activity,Activité des actifs,erpnext/assets/doctype/asset_activity/asset_activity.json erpnext/assets/report/asset_activity/asset_activity.json erpnext/assets/workspace/assets/assets.json
erpnext,P3,missing,Asset Capitalization,Capitalisation des actifs,erpnext/assets/doctype/asset/asset.json erpnext/assets/doctype/asset_capitalization/asset_capitalization.json erpnext/assets/workspace/assets/assets.json
erpnext,P3,missing,Asset Capitalization Asset Item,Élément d'actif de capitalisation d'actif,erpnext/assets/doctype/asset_capitalization_asset_item/asset_capitalization_asset_item.json
erpnext,P3,missing,Asset Capitalization Service Item,Élément de service de capitalisation des actifs,erpnext/assets/doctype/asset_capitalization_service_item/asset_capitalization_service_item.json
erpnext,P3,missing,Asset Capitalization Stock Item,Article de stock de capitalisation d'actif,erpnext/assets/doctype/asset_capitalization_stock_item/asset_capitalization_stock_item.json
erpnext,P3,missing,Asset Depreciation Schedule,Calendrier d'amortissement des actifs,erpnext/assets/doctype/asset_depreciation_schedule/asset_depreciation_schedule.json
erpnext,P3,missing,Asset Depreciation Schedule for Asset {0} and Finance Book {1} is not using shift based depreciation,Le plan d'amortissement des actifs pour l'actif {0} et le livre financier {1} n'utilise pas l'amortissement basé sur les équipes.,erpnext/assets/doctype/asset_shift_allocation/asset_shift_allocation.py:179
erpnext,P3,missing,Asset Depreciation Schedule not found for Asset {0} and Finance Book {1},Plan d'amortissement des actifs introuvable pour l'actif {0} et le livre financier {1},erpnext/assets/doctype/asset_depreciation_schedule/asset_depreciation_schedule.py:247 erpnext/assets/doctype/asset_shift_allocation/asset_shift_allocation.py:185
erpnext,P3,missing,Asset Depreciation Schedule {0} for Asset {1} already exists.,Le plan d'amortissement de l'actif {0} pour l'actif {1} existe déjà.,erpnext/assets/doctype/asset_depreciation_schedule/asset_depreciation_schedule.py:83
erpnext,P3,missing,Asset Depreciation Schedule {0} for Asset {1} and Finance Book {2} already exists.,Le plan d'amortissement des actifs {0} pour l'actif {1} et le livre financier {2} existe déjà.,erpnext/assets/doctype/asset_depreciation_schedule/asset_depreciation_schedule.py:77
erpnext,P3,missing,"Asset Depreciation Schedules created/updated:<br>{0}<br><br>Please check, edit if needed, and submit the Asset.","Plans d'amortissement des actifs créés/mis à jour :<br>{0}<br><br>Veuillez vérifier, modifier si nécessaire et soumettre l'actif.",erpnext/assets/doctype/asset/asset.py:236
erpnext,P3,missing,Asset Disposal,Cession d'actifs,erpnext/accounts/doctype/journal_entry/journal_entry.json
erpnext,P3,missing,Asset Repair Consumed Item,Objet consommé pour la réparation des actifs,erpnext/assets/doctype/asset_repair_consumed_item/asset_repair_consumed_item.json
erpnext,P3,missing,Asset Repair Purchase Invoice,Facture d'achat de réparation d'actifs,erpnext/assets/doctype/asset_repair_purchase_invoice/asset_repair_purchase_invoice.json
erpnext,P3,missing,Asset Shift Allocation,Répartition des actifs,erpnext/assets/doctype/asset_shift_allocation/asset_shift_allocation.json
erpnext,P3,missing,Asset Shift Factor,Facteur de déplacement des actifs,erpnext/assets/doctype/asset_shift_factor/asset_shift_factor.json
erpnext,P3,missing,Asset Shift Factor {0} is set as default currently. Please change it first.,Le facteur de transfert d'actifs {0} est actuellement défini par défaut. Veuillez d'abord le changer.,erpnext/assets/doctype/asset_shift_factor/asset_shift_factor.py:32
erpnext,P3,missing,Asset cannot be scrapped before the last depreciation entry.,L'immobilisation ne peut pas être mise au rebut avant la dernière écriture d'amortissement.,erpnext/assets/doctype/asset/depreciation.py:391
erpnext,P3,missing,Asset capitalized after Asset Capitalization {0} was submitted,Actif capitalisé après la soumission de la capitalisation de l'actif {0},erpnext/assets/doctype/asset_capitalization/asset_capitalization.py:612
erpnext,P3,missing,Asset created after being split from Asset {0},Actif créé après avoir été séparé de l'actif {0},erpnext/assets/doctype/asset/asset.py:1403
erpnext,P3,missing,Asset issued to Employee {0},Actif délivré à l'employé {0},erpnext/assets/doctype/asset_movement/asset_movement.py:168
erpnext,P3,missing,Asset out of order due to Asset Repair {0},Actif hors service en raison d'une réparation d'actif {0},erpnext/assets/doctype/asset_repair/asset_repair.py:179
erpnext,P3,missing,Asset received at Location {0} and issued to Employee {1},Actif reçu à l'emplacement {0} et délivré à l'employé {1},erpnext/assets/doctype/asset_movement/asset_movement.py:155
erpnext,P3,missing,Asset restored,Actif restauré,erpnext/assets/doctype/asset/depreciation.py:452
erpnext,P3,missing,Asset restored after Asset Capitalization {0} was cancelled,Actif restauré après l'annulation de la capitalisation de l'actif {0},erpnext/assets/doctype/asset_capitalization/asset_capitalization.py:620
erpnext,P3,missing,Asset updated due to Asset Repair {0} {1}.,Actif mis à jour en raison de la réparation de l'actif {0} {1}.,erpnext/assets/doctype/asset_repair/asset_repair.py:442
erpnext,P3,missing,Asset {0} does not belong to the custodian {1},L'actif {0} n'appartient pas au dépositaire {1},erpnext/assets/doctype/asset_movement/asset_movement.py:92
erpnext,P3,missing,Asset {0} does not belong to the location {1},L'actif {0} n'appartient pas à l'emplacement {1},erpnext/assets/doctype/asset_movement/asset_movement.py:64
erpnext,P3,missing,Asset {0} has been updated. Please set the depreciation details if any and submit it.,"L'actif {0} a été mis à jour. Veuillez définir les détails de l'amortissement, le cas échéant, et les soumettre.",erpnext/assets/doctype/asset_capitalization/asset_capitalization.py:586
erpnext,P3,missing,Asset {0} is in {1} status and cannot be repaired.,L'actif {0} a le statut {1} et ne peut pas être réparé.,erpnext/assets/doctype/asset_repair/asset_repair.py:75
erpnext,P3,missing,Asset {0} is not set to calculate depreciation.,L'actif {0} n'est pas configuré pour calculer l'amortissement.,erpnext/assets/doctype/asset_depreciation_schedule/asset_depreciation_schedule.py:96
erpnext,P3,missing,Asset {0} is not submitted. Please submit the asset before proceeding.,L'actif {0} n'est pas soumis. Veuillez soumettre l'actif avant de continuer.,erpnext/assets/doctype/asset_depreciation_schedule/asset_depreciation_schedule.py:102
erpnext,P3,missing,Asset {assets_link} created for {item_code},Actif {assets_link} créé pour {item_code},erpnext/controllers/buying_controller.py:1020
erpnext,P3,missing,Asset's depreciation schedule updated after Asset Shift Allocation {0},Plan d'amortissement de l'actif mis à jour après Asset Shift Allocation {0},erpnext/assets/doctype/asset_shift_allocation/asset_shift_allocation.py:223
erpnext,P3,missing,Asset's value adjusted after cancellation of Asset Value Adjustment {0},Valeur de l'actif ajustée après annulation de l'ajustement de la valeur de l'actif {0},erpnext/assets/doctype/asset_value_adjustment/asset_value_adjustment.py:81
erpnext,P3,missing,Asset's value adjusted after submission of Asset Value Adjustment {0},Valeur de l'actif ajustée après la soumission de l'ajustement de la valeur de l'actif {0},erpnext/assets/doctype/asset_value_adjustment/asset_value_adjustment.py:71
erpnext,P3,missing,Assets {assets_link} created for {item_code},Éléments {assets_link} créés pour {item_code},erpnext/controllers/buying_controller.py:1025
erpnext,P3,missing,At least one account with exchange gain or loss is required,Au moins un compte avec gain ou perte de change est requis,erpnext/accounts/doctype/exchange_rate_revaluation/exchange_rate_revaluation.py:84
erpnext,P3,missing,At least one asset has to be selected.,Au moins un actif doit être sélectionné.,erpnext/assets/doctype/asset/asset.py:1269
erpnext,P3,missing,At least one invoice has to be selected.,Au moins une facture doit être sélectionnée.,erpnext/accounts/doctype/pos_invoice/pos_invoice.py:1037
erpnext,P3,missing,At least one item should be entered with negative quantity in return document,Au moins un article doit être saisi avec une quantité négative dans le document de retour,erpnext/controllers/sales_and_purchase_return.py:168
erpnext,P3,missing,At least one of the Selling or Buying must be selected,Au moins une des options Vente ou Achat doit être sélectionnée,erpnext/accounts/doctype/pricing_rule/pricing_rule.py:204
erpnext,P3,missing,At least one row is required for a financial report template,Au moins une ligne est requise pour un modèle de rapport financier,erpnext/accounts/doctype/financial_report_template/financial_report_template.js:25
erpnext,P3,missing,At row {0}: Parent Row No cannot be set for item {1},À la ligne {0} : le numéro de ligne parent ne peut pas être défini pour l'élément {1},erpnext/manufacturing/doctype/bom_creator/bom_creator.py:95
erpnext,P3,missing,At row {0}: Serial and Batch Bundle {1} has already created. Please remove the values from the serial no or batch no fields.,À la ligne {0} : le lot série et lot {1} a déjà été créé. Veuillez supprimer les valeurs des champs numéro de série ou numéro de lot.,erpnext/controllers/stock_controller.py:631
erpnext,P3,missing,At row {0}: set Parent Row No for item {1},À la ligne {0} : définissez le numéro de ligne parent pour l'élément {1}.,erpnext/manufacturing/doctype/bom_creator/bom_creator.py:89
erpnext,P3,missing,Atleast one raw material for Finished Good Item {0} should be customer provided.,Au moins une matière première pour le produit fini {0} doit être fournie par le client.,erpnext/subcontracting/doctype/subcontracting_inward_order/subcontracting_inward_order.py:225
erpnext,P3,missing,"Attach a comma separated .csv file with two columns, one for the old name and one for the new name.","Joignez un fichier .csv séparé par des virgules avec deux colonnes, une pour l'ancien nom et une pour le nouveau nom.",erpnext/utilities/doctype/rename_tool/rename_tool.json
erpnext,P3,missing,Auto Tax Settings Error,Erreur dans les paramètres de taxe automatique,erpnext/accounts/doctype/accounts_settings/accounts_settings.py:148
erpnext,P3,missing,Auto match and set the Party in Bank Transactions,Correspondance automatique et définition de la partie dans les transactions bancaires,erpnext/accounts/doctype/accounts_settings/accounts_settings.json
erpnext,P3,missing,Automatically Add Taxes from Taxes and Charges Template,Ajouter automatiquement des taxes à partir du modèle de taxes et de frais,erpnext/accounts/doctype/accounts_settings/accounts_settings.json
erpnext,P3,missing,Automatically post balancing accounting entry,Valider automatiquement l'écriture comptable d'équilibrage,erpnext/accounts/doctype/accounting_dimension_detail/accounting_dimension_detail.json
erpnext,P3,missing,Average Completion,Achèvement moyen,erpnext/projects/report/project_summary/project_summary.py:124
erpnext,P3,missing,BFS,BFS,erpnext/accounts/doctype/bisect_accounting_statements/bisect_accounting_statements.json
erpnext,P3,missing,BIN Qty,Qté de BIN,erpnext/manufacturing/doctype/material_request_plan_item/material_request_plan_item.json
erpnext,P3,missing,BOM UOM,Nomenclature UOM,erpnext/manufacturing/report/bom_stock_report/bom_stock_report.py:27
erpnext,P3,missing,BOM Update Tool Log with job status maintained,Journal de l'outil de mise à jour de la nomenclature avec statut du travail conservé,erpnext/manufacturing/doctype/bom_update_log/bom_update_log.json
erpnext,P3,missing,BOM Updation already in progress. Please wait until {0} is complete.,Mise à jour de la nomenclature déjà en cours. Veuillez attendre que {0} soit terminé.,erpnext/manufacturing/doctype/bom_update_log/bom_update_log.py:99
erpnext,P3,missing,BOM Updation is queued and may take a few minutes. Check {0} for progress.,La mise à jour de la nomenclature est en file d'attente et peut prendre quelques minutes. Vérifiez {0} pour connaître les progrès.,erpnext/manufacturing/doctype/bom_update_tool/bom_update_tool.js:81
erpnext,P3,missing,BOM recursion: {1} cannot be parent or child of {0},Récursivité de la nomenclature : {1} ne peut pas être parent ou enfant de {0},erpnext/manufacturing/doctype/bom/bom.py:700
erpnext,P3,missing,"BOMs creation has been enqueued, kindly check the status after some time","La création des nomenclatures a été mise en file d'attente, veuillez vérifier l'état après un certain temps.",erpnext/manufacturing/doctype/bom_creator/bom_creator.py:224
erpnext,P3,missing,Backflush Materials From WIP Warehouse,Articles de post-consommation de l'entrepôt WIP,erpnext/manufacturing/doctype/bom_operation/bom_operation.json erpnext/manufacturing/doctype/job_card/job_card.json erpnext/manufacturing/doctype/work_order/work_order.js:368 erpnext/manufacturing/doctype/work_order_operation/work_order_operation.json
erpnext,P3,missing,Balance Sheet Closing Balance,Solde de clôture du bilan,erpnext/accounts/doctype/process_period_closing_voucher/process_period_closing_voucher.json
erpnext,P3,missing,Balance Sheet Summary,Sommaire du bilan,erpnext/accounts/doctype/bisect_accounting_statements/bisect_accounting_statements.json erpnext/accounts/doctype/bisect_nodes/bisect_nodes.json
erpnext,P3,missing,Balance Type,Type de solde,erpnext/accounts/doctype/financial_report_row/financial_report_row.json
erpnext,P3,missing,Bank Account {} in Bank Transaction {} is not matching with Bank Account {},Le compte bancaire {} dans la transaction bancaire {} ne correspond pas au compte bancaire {},erpnext/accounts/doctype/bank_transaction/bank_transaction.py:376
erpnext,P3,missing,Bank/Cash Account {0} doesn't belong to company {1},Le compte bancaire/espèce {0} n'appartient pas à la société {1},erpnext/accounts/doctype/process_payment_reconciliation/process_payment_reconciliation.py:57
erpnext,P3,missing,Base Total Billable Amount,Montant total facturable de base,erpnext/projects/doctype/timesheet/timesheet.json
erpnext,P3,missing,Base Total Billed Amount,Montant total facturé de base,erpnext/projects/doctype/timesheet/timesheet.json
erpnext,P3,missing,Base Total Costing Amount,Montant du coût total de base,erpnext/projects/doctype/timesheet/timesheet.json
erpnext,P3,missing,Batch not created for item {} since it does not have a batch series.,Lot non créé pour l'article {} car il n'a pas de série de lots.,erpnext/manufacturing/doctype/work_order/work_order.py:880
erpnext,P3,missing,Batch {0} is not available in warehouse {1},Le lot {0} n'est pas disponible dans l'entrepôt {1},erpnext/controllers/sales_and_purchase_return.py:1071
erpnext,P3,missing,Below Subscription Plans are of different currency to the party default billing currency/Company currency: {0},Les plans d'abonnement ci-dessous sont dans une devise différente de la devise de facturation par défaut de la partie/devise de l'entreprise : {0},erpnext/accounts/doctype/subscription/subscription.py:320
erpnext,P3,missing,Billing Address does not belong to the {0},L'adresse de facturation n'appartient pas au {0},erpnext/controllers/accounts_controller.py:573
erpnext,P3,missing,Billing Interval in Subscription Plan must be Month to follow calendar months,L'intervalle de facturation dans le plan d'abonnement doit être un mois pour suivre les mois civils,erpnext/accounts/doctype/subscription/subscription.py:363
erpnext,P3,missing,Bisect Accounting Statements,États comptables en deux parties,erpnext/accounts/doctype/bisect_accounting_statements/bisect_accounting_statements.json
erpnext,P3,missing,Bisect Left,Bisecter à gauche,erpnext/accounts/doctype/bisect_accounting_statements/bisect_accounting_statements.js:9
erpnext,P3,missing,Bisect Nodes,Nœuds bissectés,erpnext/accounts/doctype/bisect_nodes/bisect_nodes.json
erpnext,P3,missing,Bisect Right,Bisecter à droite,erpnext/accounts/doctype/bisect_accounting_statements/bisect_accounting_statements.js:13
erpnext,P3,missing,Bisecting From,Couper en deux à partir de,erpnext/accounts/doctype/bisect_accounting_statements/bisect_accounting_statements.json
erpnext,P3,missing,Bisecting Left ...,Coupe en deux à gauche...,erpnext/accounts/doctype/bisect_accounting_statements/bisect_accounting_statements.js:61
erpnext,P3,missing,Bisecting Right ...,Coupe en deux à droite...,erpnext/accounts/doctype/bisect_accounting_statements/bisect_accounting_statements.js:71
erpnext,P3,missing,Bisecting To,Couper en deux,erpnext/accounts/doctype/bisect_accounting_statements/bisect_accounting_statements.json
erpnext,P3,missing,Biweekly,Bihebdomadaire,erpnext/accounts/doctype/process_statement_of_accounts/process_statement_of_accounts.json
erpnext,P3,missing,Blank Line,Ligne vide,erpnext/accounts/doctype/financial_report_row/financial_report_row.json
erpnext,P3,missing,Body,Corps,erpnext/accounts/doctype/process_statement_of_accounts/process_statement_of_accounts.json
erpnext,P3,missing,Bold Text,Texte en gras,erpnext/accounts/doctype/financial_report_row/financial_report_row.json
erpnext,P3,missing,"Bold text for emphasis (totals, major headings)","Texte en gras pour souligner (totaux, titres principaux)",erpnext/accounts/doctype/financial_report_row/financial_report_row.json
erpnext,P3,missing,Book Tax Loss on Early Payment Discount,Comptabiliser une perte fiscale sur l'escompte pour paiement anticipé,erpnext/accounts/doctype/accounts_settings/accounts_settings.json
erpnext,P3,missing,Books have been closed till the period ending on {0},Les livres ont été fermés jusqu'à la période se terminant le {0},erpnext/accounts/general_ledger.py:811
erpnext,P3,missing,Both {0} Account: {1} and Advance Account: {2} must be of same currency for company: {3},Le compte {0} : {1} et le compte d'avance : {2} doivent être dans la même devise pour la société : {3},erpnext/utilities/transaction_base.py:230
erpnext,P3,missing,Bucket Size,Taille du seau,erpnext/manufacturing/report/material_requirements_planning_report/material_requirements_planning_report.js:101
erpnext,P3,untranslated_copy,Budget,Budget,erpnext/accounts/doctype/accounts_settings/accounts_settings.json erpnext/accounts/doctype/budget/budget.json erpnext/accounts/doctype/cost_center/cost_center.js:45 erpnext/accounts/doctype/cost_center/cost_center_tree.js:65 erpnext/accounts/doctype/cost_center/cost_center_tree.js:73 erpnext/accounts/doctype/cost_center/cost_center_tree.js:81 erpnext/accounts/report/budget_variance_report/budget_variance_report.py:99 erpnext/accounts/report/budget_variance_report/budget_variance_report.py:109 erpnext/accounts/report/budget_variance_report/budget_variance_report.py:380 erpnext/accounts/workspace/accounting/accounting.json
erpnext,P3,missing,Budget Amount can not be {0}.,Le montant du budget ne peut pas être {0}.,erpnext/accounts/doctype/budget/budget.py:84
erpnext,P3,missing,Budget Distribution,Répartition du budget,erpnext/accounts/doctype/budget/budget.json erpnext/accounts/doctype/budget_distribution/budget_distribution.json
erpnext,P3,missing,Budget Distribution Total,Répartition budgétaire totale,erpnext/accounts/doctype/budget/budget.json
erpnext,P3,missing,Budget End Date,Date de fin du budget,erpnext/accounts/doctype/budget/budget.json
erpnext,P3,missing,Budget Limit Exceeded,Limite budgétaire dépassée,erpnext/accounts/doctype/budget/budget.py:229
erpnext,P3,missing,Budget Start Date,Date de début du budget,erpnext/accounts/doctype/budget/budget.json
erpnext,P3,untranslated_copy,Budgets,Budgets,erpnext/accounts/doctype/fiscal_year/fiscal_year_dashboard.py:8
erpnext,P3,missing,Buffered Cursor,Curseur tamponné,erpnext/accounts/doctype/accounts_settings/accounts_settings.json
erpnext,P3,missing,Build All?,Tout construire ?,erpnext/manufacturing/report/work_order_stock_report/work_order_stock_report.py:162
erpnext,P3,missing,Build Tree,Construire un arbre,erpnext/accounts/doctype/bisect_accounting_statements/bisect_accounting_statements.js:20
erpnext,P3,missing,Buildable Qty,Quantité constructible,erpnext/manufacturing/report/work_order_stock_report/work_order_stock_report.py:155
erpnext,P3,missing,Bulk Rename Jobs,Renommer les tâches en masse,erpnext/utilities/doctype/rename_tool/rename_tool.js:70
erpnext,P3,missing,Bulk Transaction Log,Journal des transactions en masse,erpnext/bulk_transaction/doctype/bulk_transaction_log/bulk_transaction_log.json
erpnext,P3,missing,Bulk Transaction Log Detail,Détails du journal des transactions en masse,erpnext/bulk_transaction/doctype/bulk_transaction_log_detail/bulk_transaction_log_detail.json
erpnext,P3,missing,CRM Note,Remarque CRM,erpnext/crm/doctype/crm_note/crm_note.json
erpnext,P3,missing,Calculate Ageing With,Calculer le vieillissement avec,erpnext/accounts/report/accounts_payable/accounts_payable.js:62 erpnext/accounts/report/accounts_payable_summary/accounts_payable_summary.js:28 erpnext/accounts/report/accounts_receivable/accounts_receivable.js:91 erpnext/accounts/report/accounts_receivable_summary/accounts_receivable_summary.js:28
erpnext,P3,missing,Calculate but don't show on final report,Calculer mais ne pas afficher dans le rapport final,erpnext/accounts/doctype/financial_report_row/financial_report_row.json
erpnext,P3,missing,Calculate daily depreciation using total days in depreciation period,Calculer l'amortissement quotidien en utilisant le nombre total de jours dans la période d'amortissement,erpnext/accounts/doctype/accounts_settings/accounts_settings.json
erpnext,P3,missing,Calculated Amount,Montant calculé,erpnext/accounts/doctype/financial_report_row/financial_report_row.json
erpnext,P3,missing,Calculated Discount Mismatch,Disparité de remise calculée,erpnext/accounts/report/calculated_discount_mismatch/calculated_discount_mismatch.json
erpnext,P3,missing,Call Handling Schedule,Calendrier de traitement des appels,erpnext/telephony/doctype/incoming_call_settings/incoming_call_settings.json
erpnext,P3,missing,Call Receiving Device,Appareil de réception d'appels,erpnext/telephony/doctype/voice_call_settings/voice_call_settings.json
erpnext,P3,missing,Call Routing,Routage des appels,erpnext/telephony/doctype/incoming_call_settings/incoming_call_settings.json
erpnext,P3,missing,Call Schedule Row {0}: To time slot should always be ahead of From time slot.,Ligne de planification d'appel {0} : le créneau horaire d'arrivée doit toujours être en avance sur le créneau horaire de départ.,erpnext/telephony/doctype/incoming_call_settings/incoming_call_settings.js:58 erpnext/telephony/doctype/incoming_call_settings/incoming_call_settings.py:48
erpnext,P3,missing,Call Summary Saved,Résumé de l'appel enregistré,erpnext/public/js/call_popup/call_popup.js:186
erpnext,P3,missing,Callback,Rappel,erpnext/telephony/doctype/call_log/call_log.js:8
erpnext,P3,missing,Campaign Item,Objet de campagne,erpnext/accounts/doctype/campaign_item/campaign_item.json
erpnext,P3,missing,Can not close Work Order. Since {0} Job Cards are in Work In Progress state.,Impossible de fermer le bon de travail. Étant donné que les fiches de travail {0} sont à l’état Travail en cours.,erpnext/manufacturing/doctype/work_order/work_order.py:2454
erpnext,P3,missing,"Can not filter based on Child Account, if grouped by Account","Impossible de filtrer en fonction du compte enfant, s'il est regroupé par compte",erpnext/accounts/report/general_ledger/general_ledger.py:80
erpnext,P3,missing,Cannot Assign Cashier,Impossible d'affecter un caissier,erpnext/accounts/doctype/pos_opening_entry/pos_opening_entry.py:76
erpnext,P3,missing,Cannot Create Return,Impossible de créer un retour,erpnext/controllers/sales_and_purchase_return.py:376
erpnext,P3,missing,Cannot Resubmit Ledger entries for vouchers in Closed fiscal year.,Impossible de soumettre à nouveau les écritures comptables pour les pièces justificatives de l'exercice clos.,erpnext/accounts/doctype/repost_accounting_ledger/repost_accounting_ledger.py:73
erpnext,P3,missing,Cannot apply TDS against multiple parties in one entry,Impossible d'appliquer TDS à plusieurs parties dans une seule entrée,erpnext/accounts/doctype/journal_entry/journal_entry.py:1327
erpnext,P3,missing,Cannot cancel Asset Depreciation Schedule {0} as it has a draft journal entry {1}.,Impossible d'annuler le plan d'amortissement des actifs {0} car il contient une écriture de journal brouillon {1}.,erpnext/assets/doctype/asset_depreciation_schedule/asset_depreciation_schedule.py:118
erpnext,P3,missing,Cannot cancel POS Closing Entry,Impossible d'annuler l'entrée de clôture du point de vente,erpnext/accounts/doctype/pos_closing_entry/pos_closing_entry.py:246
erpnext,P3,missing,Cannot cancel this Manufacturing Stock Entry as quantity of Finished Good produced cannot be less than quantity delivered in the linked Subcontracting Inward Order.,Impossible d'annuler cette entrée de stock de fabrication car la quantité de produit fini produit ne peut pas être inférieure à la quantité livrée dans la commande entrante de sous-traitance liée.,erpnext/controllers/subcontracting_inward_controller.py:587
erpnext,P3,missing,Cannot cancel this document as it is linked with the submitted asset {asset_link}. Please cancel the asset to continue.,Impossible d'annuler ce document car il est lié à l'élément soumis {asset_link}. Veuillez annuler l'élément pour continuer.,erpnext/controllers/buying_controller.py:1129
erpnext,P3,missing,Cannot change Reference Document Type.,Impossible de modifier le type de document de référence.,erpnext/accounts/doctype/accounting_dimension/accounting_dimension.py:73
erpnext,P3,missing,Cannot complete task {0} as its dependant task {1} are not completed / cancelled.,Impossible de terminer la tâche {0} car ses tâches dépendantes {1} ne sont pas terminées/annulées.,erpnext/projects/doctype/task/task.py:145
erpnext,P3,missing,Cannot convert Task to non-group because the following child Tasks exist: {0}.,"Impossible de convertir une tâche en tâche non-groupe, car les tâches enfants suivantes existent : {0}.",erpnext/projects/doctype/task/task.js:49
erpnext,P3,missing,Cannot convert to Group because Account Type is selected.,Impossible de convertir en groupe car le type de compte est sélectionné.,erpnext/accounts/doctype/account/account.py:440
erpnext,P3,missing,Cannot create accounting entries against disabled accounts: {0},Impossible de créer des écritures comptables pour les comptes désactivés : {0},erpnext/accounts/general_ledger.py:148
erpnext,P3,missing,Cannot create return for consolidated invoice {0}.,Impossible de créer un retour pour la facture consolidée {0}.,erpnext/controllers/sales_and_purchase_return.py:375
erpnext,P3,missing,Cannot delete an item which has been ordered,Impossible de supprimer un article commandé,erpnext/controllers/accounts_controller.py:3768
erpnext,P3,missing,Cannot disassemble more than produced quantity.,Impossible de démonter plus que la quantité produite.,erpnext/manufacturing/doctype/work_order/work_order.py:677
erpnext,P3,missing,Cannot find Item or Warehouse with this Barcode,Impossible de trouver l'article ou l'entrepôt avec ce code-barres,erpnext/public/js/utils/barcode_scanner.js:62
erpnext,P3,missing,Cannot find a default warehouse for item {0}. Please set one in the Item Master or in Stock Settings.,Impossible de trouver un entrepôt par défaut pour l'article {0}. Veuillez en définir un dans la liste des articles ou dans les paramètres de stock.,erpnext/controllers/accounts_controller.py:3720
erpnext,P3,missing,Cannot produce more than {0} items for {1},Impossible de produire plus de {0} objets pour {1},erpnext/manufacturing/doctype/work_order/work_order.py:1424
erpnext,P3,missing,Cannot reduce quantity than ordered or purchased quantity,Impossible de réduire la quantité par rapport à la quantité commandée ou achetée,erpnext/controllers/accounts_controller.py:3900
erpnext,P3,missing,Cannot retrieve link token for update. Check Error Log for more information,Impossible de récupérer le jeton de lien pour la mise à jour. Consultez le journal des erreurs pour plus d'informations,erpnext/accounts/doctype/bank/bank.js:66
erpnext,P3,missing,Cannot retrieve link token. Check Error Log for more information,Impossible de récupérer le jeton de lien. Consultez le journal des erreurs pour plus d'informations,erpnext/erpnext_integrations/doctype/plaid_settings/plaid_settings.js:68
erpnext,P3,missing,Capital Equipment,Biens d'équipement,erpnext/accounts/doctype/account/chart_of_accounts/verified/standard_chart_of_accounts.py:44 erpnext/accounts/doctype/account/chart_of_accounts/verified/standard_chart_of_accounts_with_account_number.py:77
erpnext,P3,missing,Capitalize Asset,Capitaliser l'actif,erpnext/assets/doctype/asset/asset.js:210
erpnext,P3,missing,Capitalize Repair Cost,Capitaliser le coût de réparation,erpnext/assets/doctype/asset_repair/asset_repair.json
erpnext,P3,missing,Capitalize this asset before submitting.,Capitalisez cet actif avant de soumettre.,erpnext/assets/doctype/asset/asset.js:208
erpnext,P3,missing,Capitalized,En majuscule,erpnext/assets/doctype/asset/asset.json erpnext/assets/doctype/asset/asset_list.js:14
erpnext,P3,missing,Cashier is currently assigned to another POS.,Le caissier est actuellement affecté à un autre point de vente.,erpnext/accounts/doctype/pos_opening_entry/pos_opening_entry.py:77
erpnext,P3,missing,Categorize by Account,Classer par compte,erpnext/accounts/report/general_ledger/general_ledger.js:129
erpnext,P3,missing,Categorize by Party,Classer par parti,erpnext/accounts/report/general_ledger/general_ledger.js:133
erpnext,P3,missing,Categorize by Voucher,Classer par bon,erpnext/accounts/doctype/process_statement_of_accounts/process_statement_of_accounts.json erpnext/accounts/report/general_ledger/general_ledger.js:121
erpnext,P3,missing,Categorize by Voucher (Consolidated),Classer par bon (consolidé),erpnext/accounts/doctype/process_statement_of_accounts/process_statement_of_accounts.json erpnext/accounts/report/general_ledger/general_ledger.js:125
erpnext,P3,missing,Category Details,Détails de la catégorie,erpnext/accounts/doctype/tax_withholding_category/tax_withholding_category.json
erpnext,P3,missing,Checked On,Vérifié,erpnext/accounts/doctype/ledger_health/ledger_health.json
erpnext,P3,missing,Checking this will round off the tax amount to the nearest integer,Cocher cette case arrondira le montant de la taxe à l'entier le plus proche.,erpnext/accounts/doctype/tax_withholding_category/tax_withholding_category.json
erpnext,P3,missing,Cheques and Deposits Incorrectly cleared,Chèques et dépôts mal compensés,erpnext/accounts/report/cheques_and_deposits_incorrectly_cleared/cheques_and_deposits_incorrectly_cleared.json
erpnext,P3,missing,Claimed Landed Cost Amount (Company Currency),Montant du coût au débarquement réclamé (devise de la société),erpnext/accounts/doctype/purchase_invoice/purchase_invoice.json
erpnext,P3,missing,Clear Demo Data,Effacer les données de démonstration,erpnext/public/js/utils/demo.js:11
erpnext,P3,missing,Clearing Demo Data...,Effacement des données de démonstration...,erpnext/public/js/utils/demo.js:24
erpnext,P3,missing,Click on 'Get Finished Goods for Manufacture' to fetch the items from the above Sales Orders. Items only for which a BOM is present will be fetched.,Cliquez sur « Obtenir les produits finis à fabriquer » pour récupérer les articles des commandes client ci-dessus. Seuls les articles pour lesquels une nomenclature est présente seront récupérés.,erpnext/manufacturing/doctype/production_plan/production_plan.js:719
erpnext,P3,missing,Click on Get Sales Orders to fetch sales orders based on the above filters.,Cliquez sur Obtenir les commandes client pour récupérer les commandes client en fonction des filtres ci-dessus.,erpnext/manufacturing/doctype/production_plan/production_plan.js:714
erpnext,P3,missing,Click this button if you encounter a negative stock error for a serial or batch item. The system will fetch the available serials or batches automatically.,Cliquez sur ce bouton si vous rencontrez une erreur de stock négatif pour un article en série ou en lot. Le système récupérera automatiquement les séries ou lots disponibles.,erpnext/subcontracting/doctype/subcontracting_receipt/subcontracting_receipt.json
erpnext,P3,missing,Closed Work Order can not be stopped or Re-opened,Le bon de travail fermé ne peut pas être arrêté ou rouvert,erpnext/manufacturing/doctype/work_order/work_order.py:2377
erpnext,P3,missing,Closing Balance as per Bank Statement,Solde de clôture selon le relevé bancaire,erpnext/public/js/bank_reconciliation_tool/number_card.js:18
erpnext,P3,missing,Closing Balance as per ERP,Solde de clôture selon ERP,erpnext/public/js/bank_reconciliation_tool/number_card.js:24
erpnext,P3,missing,Closing [Opening + Total] ,Clôture [Ouverture + Total],erpnext/accounts/report/general_ledger/general_ledger.html:141
erpnext,P3,missing,"Code to reference this line in formulas (e.g., REV100, EXP200, ASSET100)","Code pour référencer cette ligne dans les formules (par exemple, REV100, EXP200, ASSET100)",erpnext/accounts/doctype/financial_report_row/financial_report_row.json
erpnext,P3,missing,Collect Outstanding Amount,Collecter le montant impayé,erpnext/accounts/doctype/pos_invoice/pos_invoice.js:281
erpnext,P3,missing,"Color to highlight values (e.g., red for exceptions)","Couleur pour mettre en évidence les valeurs (par exemple, rouge pour les exceptions)",erpnext/accounts/doctype/financial_report_row/financial_report_row.json
erpnext,P3,missing,Columns are not according to template. Please compare the uploaded file with standard template,Les colonnes ne correspondent pas au modèle. Veuillez comparer le fichier téléchargé avec le modèle standard,erpnext/accounts/doctype/chart_of_accounts_importer/chart_of_accounts_importer.py:52
erpnext,P3,missing,Combined invoice portion must equal 100%,La partie combinée de la facture doit être égale à 100 %,erpnext/accounts/doctype/payment_terms_template/payment_terms_template.py:39
erpnext,P3,missing,Communication Channel,Canal de communication,erpnext/communication/doctype/communication_medium/communication_medium.json
erpnext,P3,missing,Company Address Display,Affichage de l'adresse de l'entreprise,erpnext/accounts/doctype/dunning/dunning.json
erpnext,P3,missing,Company Address is missing. You don't have permission to update it. Please contact your System Manager.,L'adresse de l'entreprise est manquante. Vous n'êtes pas autorisé à le mettre à jour. Veuillez contacter votre gestionnaire système.,erpnext/controllers/accounts_controller.py:4311
erpnext,P3,missing,Company and Posting Date is mandatory,La société et la date de publication sont obligatoires,erpnext/accounts/doctype/exchange_rate_revaluation/exchange_rate_revaluation.py:620
erpnext,P3,missing,Company is mandatory for company account,La société est obligatoire pour le compte de l'entreprise,erpnext/accounts/doctype/bank_account/bank_account.py:72
erpnext,P3,missing,Company is mandatory for generating an invoice. Please set a default company in Global Defaults.,La société est obligatoire pour générer une facture. Veuillez définir une société par défaut dans les paramètres globaux par défaut.,erpnext/accounts/doctype/subscription/subscription.py:392
erpnext,P3,missing,Company which internal supplier represents,Entreprise représentée par le fournisseur interne,erpnext/accounts/doctype/purchase_invoice/purchase_invoice.json
erpnext,P3,missing,Company {0} added multiple times,Société {0} ajoutée plusieurs fois,erpnext/accounts/doctype/tax_withholding_category/tax_withholding_category.py:62
erpnext,P3,missing,Company {0} is added more than once,La société {0} est ajoutée plusieurs fois,erpnext/accounts/doctype/accounting_dimension/accounting_dimension.py:83
erpnext,P3,missing,Company {} does not match with POS Profile Company {},L'entreprise {} ne correspond pas au profil du point de vente. Entreprise {},erpnext/accounts/doctype/pos_invoice/pos_invoice.py:574
erpnext,P3,missing,Completed On cannot be greater than Today,Terminé le ne peut pas être supérieur à aujourd'hui,erpnext/projects/doctype/task/task.py:185
erpnext,P3,missing,Completed Projects,Projets terminés,erpnext/projects/workspace/projects/projects.json
erpnext,P3,missing,Completed Time,Temps terminé,erpnext/manufacturing/doctype/job_card_operation/job_card_operation.json
erpnext,P3,missing,Completion Date can not be before Failure Date. Please adjust the dates accordingly.,La date d’achèvement ne peut pas être antérieure à la date d’échec. Veuillez ajuster les dates en conséquence.,erpnext/assets/doctype/asset_repair/asset_repair.py:83
erpnext,P3,missing,Component Expense Account,Compte de dépenses des composants,erpnext/manufacturing/doctype/workstation_operating_component/workstation_operating_component.json
erpnext,P3,missing,Component Name,Nom du composant,erpnext/manufacturing/doctype/workstation_operating_component/workstation_operating_component.json
erpnext,P3,missing,Configure Product Assembly,Configurer l'assemblage du produit,erpnext/public/js/bom_configurator/bom_configurator.bundle.js:56
erpnext,P3,missing,Confirm before resetting posting date,Confirmer avant de réinitialiser la date de publication,erpnext/accounts/doctype/accounts_settings/accounts_settings.json
erpnext,P3,missing,Consider Entire Party Ledger Amount,Tenir compte du montant total du grand livre du parti,erpnext/accounts/doctype/tax_withholding_category/tax_withholding_category.json
erpnext,P3,missing,Consider Minimum Order Qty,Considérez la quantité minimale de commande,erpnext/manufacturing/doctype/production_plan/production_plan.json
erpnext,P3,missing,Consider Process Loss,Tenir compte de la perte de processus,erpnext/manufacturing/doctype/work_order/work_order.js:993
erpnext,P3,missing,Consider Projected Qty in Calculation,Tenir compte de la quantité projetée dans le calcul,erpnext/manufacturing/doctype/production_plan/production_plan.json
erpnext,P3,missing,Consider Projected Qty in Calculation (RM),Tenir compte de la quantité projetée dans le calcul (RM),erpnext/manufacturing/doctype/production_plan/production_plan.json
erpnext,P3,missing,Consolidate Sub Assembly Items,Consolider les éléments de sous-assemblage,erpnext/manufacturing/doctype/production_plan/production_plan.json
erpnext,P3,missing,Consolidated Trial Balance,Balance de vérification consolidée,erpnext/accounts/report/consolidated_trial_balance/consolidated_trial_balance.json
erpnext,P3,missing,Consolidated Trial Balance can be generated for Companies having same root Company.,Une balance de vérification consolidée peut être générée pour les entreprises ayant la même entreprise racine.,erpnext/accounts/report/consolidated_trial_balance/consolidated_trial_balance.py:71
erpnext,P3,missing,Consolidated Trial balance could not be generated as Exchange Rate from {0} to {1} is not available for {2}.,La balance de vérification consolidée n'a pas pu être générée car le taux de change de {0} à {1} n'est pas disponible pour {2}.,erpnext/accounts/report/consolidated_trial_balance/consolidated_trial_balance.py:153
erpnext,P3,missing,Consumed Asset Total Value,Valeur totale de l'actif consommé,erpnext/assets/doctype/asset_capitalization/asset_capitalization.json
erpnext,P3,missing,Consumed Assets,Actifs consommés,erpnext/assets/doctype/asset_capitalization/asset_capitalization.json
erpnext,P3,missing,Consumed Items Cost,Coût des articles consommés,erpnext/assets/doctype/asset_repair/asset_repair.json
erpnext,P3,missing,Consumed Qty cannot be greater than Reserved Qty for item {0},La quantité consommée ne peut pas être supérieure à la quantité réservée pour l'article {0},erpnext/manufacturing/doctype/work_order/work_order.py:1712
erpnext,P3,missing,Consumed Stock Items,Articles en stock consommés,erpnext/assets/doctype/asset_capitalization/asset_capitalization.json erpnext/assets/doctype/asset_repair/asset_repair.json
erpnext,P3,missing,"Consumed Stock Items, Consumed Asset Items or Consumed Service Items is mandatory for Capitalization","Les articles de stock consommés, les articles d'actifs consommés ou les articles de service consommés sont obligatoires pour la capitalisation.",erpnext/assets/doctype/asset_capitalization/asset_capitalization.py:303
erpnext,P3,missing,Consumed Stock Total Value,Valeur totale du stock consommé,erpnext/assets/doctype/asset_capitalization/asset_capitalization.json
erpnext,P3,missing,Contact Person does not belong to the {0},La personne de contact n'appartient pas au {0},erpnext/controllers/accounts_controller.py:585
erpnext,P3,untranslated_copy,Contact:,Contact:,erpnext/accounts/letterhead/company_letterhead.html:101 erpnext/accounts/letterhead/company_letterhead_grey.html:119
erpnext,P3,untranslated_copy,Contact: ,Contact:,erpnext/accounts/print_format/sales_invoice_print/sales_invoice_print.html:55
erpnext,P3,missing,Contract Template Help,Aide sur les modèles de contrat,erpnext/crm/doctype/contract_template/contract_template.json
erpnext,P3,missing,Control Action for Cumulative Expense,Action de contrôle pour les dépenses cumulées,erpnext/accounts/doctype/budget/budget.json
erpnext,P3,missing,Conversion factor for item {0} has been reset to 1.0 as the uom {1} is same as stock uom {2}.,"Le facteur de conversion pour l'article {0} a été réinitialisé à 1,0 car l'unité de commande {1} est la même que l'unité de stock {2}.",erpnext/controllers/stock_controller.py:86
erpnext,P3,missing,Conversion rate cannot be 0,Le taux de conversion ne peut pas être 0,erpnext/controllers/accounts_controller.py:2955
erpnext,P3,missing,"Conversion rate is 1.00, but document currency is different from company currency","Le taux de conversion est de 1,00, mais la devise du document est différente de la devise de l'entreprise.",erpnext/controllers/accounts_controller.py:2962
erpnext,P3,missing,Conversion rate must be 1.00 if document currency is same as company currency,"Le taux de conversion doit être de 1,00 si la devise du document est la même que celle de l'entreprise.",erpnext/controllers/accounts_controller.py:2958
erpnext,P3,missing,Cost Center Allocation,Répartition des centres de coûts,erpnext/accounts/doctype/cost_center_allocation/cost_center_allocation.json erpnext/accounts/workspace/accounting/accounting.json
erpnext,P3,missing,Cost Center Allocation Percentage,Pourcentage d'allocation du centre de coûts,erpnext/accounts/doctype/cost_center_allocation_percentage/cost_center_allocation_percentage.json
erpnext,P3,missing,Cost Center Allocation Percentages,Pourcentages de répartition des centres de coûts,erpnext/accounts/doctype/cost_center_allocation/cost_center_allocation.json
erpnext,P3,missing,Cost Center for Item rows has been updated to {0},Le centre de coûts des lignes d'articles a été mis à jour et devient {0}.,erpnext/public/js/utils/sales_common.js:517
erpnext,P3,missing,"Cost Center is a part of Cost Center Allocation, hence cannot be converted to a group",Le centre de coûts fait partie de l'allocation de centre de coûts et ne peut donc pas être converti en groupe.,erpnext/accounts/doctype/cost_center/cost_center.py:75
erpnext,P3,missing,Cost Center with Allocation records can not be converted to a group,Les enregistrements de centre de coûts avec allocation ne peuvent pas être convertis en groupe.,erpnext/accounts/doctype/cost_center/cost_center.py:72
erpnext,P3,missing,Cost Center {0} cannot be used for allocation as it is used as main cost center in other allocation record.,Le centre de coûts {0} ne peut pas être utilisé pour l'imputation car il est utilisé comme centre de coûts principal dans un autre enregistrement d'imputation.,erpnext/accounts/doctype/cost_center_allocation/cost_center_allocation.py:152
erpnext,P3,missing,Cost Center {} doesn't belong to Company {},Le centre de coûts {} n'appartient pas à la société {},erpnext/assets/doctype/asset/asset.py:353
erpnext,P3,missing,Cost Center {} is a group cost center and group cost centers cannot be used in transactions,Le centre de coûts {} est un centre de coûts de groupe et les centres de coûts de groupe ne peuvent pas être utilisés dans les transactions.,erpnext/assets/doctype/asset/asset.py:360
erpnext,P3,missing,Cost of Poor Quality Report,Rapport sur le coût d'une mauvaise qualité,erpnext/manufacturing/report/cost_of_poor_quality_report/cost_of_poor_quality_report.json
erpnext,P3,missing,Costing and Billing fields has been updated,Les champs de calcul des coûts et de facturation ont été mis à jour,erpnext/projects/doctype/project/project.js:140
erpnext,P3,missing,Could not find a suitable shift to match the difference: {0},Impossible de trouver une équipe appropriée pour correspondre à la différence : {0},erpnext/assets/doctype/asset_shift_allocation/asset_shift_allocation.py:129
erpnext,P3,missing,Cr,Cr,erpnext/accounts/doctype/account/account_tree.js:85 erpnext/accounts/doctype/bank_clearance/bank_clearance.py:82 erpnext/templates/form_grid/bank_reconciliation_grid.html:16
erpnext,P3,missing,Create Depreciation Entry,Créer une écriture d'amortissement,erpnext/assets/doctype/asset/asset.js:162
erpnext,P3,missing,Create Employee records.,Créez des dossiers d'employés.,erpnext/utilities/activation.py:136
erpnext,P3,missing,Create Job Card based on Batch Size,Créer une fiche de travail en fonction de la taille du lot,erpnext/manufacturing/doctype/operation/operation.json
erpnext,P3,missing,Create Journal Entries,Créer des entrées de journal,erpnext/accounts/doctype/payment_order/payment_order.js:39
erpnext,P3,missing,Create MPS,Créer un MPS,erpnext/manufacturing/doctype/sales_forecast/sales_forecast.js:41
erpnext,P3,missing,Create Multi-level BOM,Créer une nomenclature à plusieurs niveaux,erpnext/manufacturing/doctype/bom_creator/bom_creator.js:164
erpnext,P3,missing,Create Payment Entry for Consolidated POS Invoices.,Créez une saisie de paiement pour les factures POS consolidées.,erpnext/accounts/doctype/pos_invoice/pos_invoice.py:859
erpnext,P3,missing,Create {0} {1} ?,Créer {0} {1} ?,erpnext/public/js/bulk_transaction_processing.js:14
erpnext,P3,missing,Creating Journal Entries...,Création d'entrées de journal...,erpnext/accounts/doctype/exchange_rate_revaluation/exchange_rate_revaluation.js:92
erpnext,P3,missing,Creating Subcontracting Receipt ...,Création d'une réception de sous-traitance...,erpnext/subcontracting/doctype/subcontracting_order/subcontracting_order.js:583
erpnext,P3,missing,Creation of <b><a href='/app/{0}'>{1}(s)</a></b> successful,Création de <b><a href='/app/{0}'>{1}(s)</a></b> réussie,erpnext/utilities/bulk_transaction.py:210
erpnext,P3,missing,"Creation of {0} failed.
				Check <b><a href=""/app/bulk-transaction-log"">Bulk Transaction Log</a></b>","La création de {0} a échoué.
				Vérifiez le <b><a href=""/app/bulk-transaction-log"">Journal des transactions groupées</a></b>",erpnext/utilities/bulk_transaction.py:227
erpnext,P3,missing,"Creation of {0} partially successful.
				Check <b><a href=""/app/bulk-transaction-log"">Bulk Transaction Log</a></b>","Création de {0} partiellement réussie.
				Vérifiez le <b><a href=""/app/bulk-transaction-log"">Journal des transactions groupées</a></b>",erpnext/utilities/bulk_transaction.py:218
erpnext,P3,missing,Credit Amount in Reporting Currency,Montant du crédit dans la devise de présentation,erpnext/accounts/doctype/account_closing_balance/account_closing_balance.json erpnext/accounts/doctype/gl_entry/gl_entry.json
erpnext,P3,missing,Credit Amount in Transaction Currency,Montant du crédit dans la devise de la transaction,erpnext/accounts/doctype/gl_entry/gl_entry.json
erpnext,P3,missing,Creditor Turnover Ratio,Ratio de rotation des créanciers,erpnext/accounts/report/financial_ratios/financial_ratios.py:213
erpnext,P3,missing,Cron Interval should be between 1 and 59 Min,L'intervalle Cron doit être compris entre 1 et 59 minutes,erpnext/accounts/doctype/accounts_settings/accounts_settings.py:135
erpnext,P3,missing,Currency Exchange Settings Details,Détails des paramètres de change,erpnext/accounts/doctype/currency_exchange_settings_details/currency_exchange_settings_details.json
erpnext,P3,missing,Currency Exchange Settings Result,Résultat des paramètres de change,erpnext/accounts/doctype/currency_exchange_settings_result/currency_exchange_settings_result.json
erpnext,P3,missing,Currency filters are currently unsupported in Custom Financial Report.,Les filtres de devises ne sont actuellement pas pris en charge dans le rapport financier personnalisé.,erpnext/accounts/doctype/financial_report_template/financial_report_engine.py:226
erpnext,P3,missing,Current Asset,Actif actuel,erpnext/accounts/doctype/account/account.json
erpnext,P3,missing,Current Level,Niveau actuel,erpnext/manufacturing/doctype/bom_update_log/bom_update_log.json
erpnext,P3,missing,Current Liability,Responsabilité actuelle,erpnext/accounts/doctype/account/account.json
erpnext,P3,missing,Current Node,Nœud actuel,erpnext/accounts/doctype/bisect_accounting_statements/bisect_accounting_statements.json
erpnext,P3,missing,Current Ratio,Rapport actuel,erpnext/accounts/report/financial_ratios/financial_ratios.py:152
erpnext,P3,missing,Custom API,API personnalisée,erpnext/accounts/doctype/financial_report_row/financial_report_row.json
erpnext,P3,missing,Custom Financial Statement,État financier personnalisé,erpnext/accounts/doctype/financial_report_template/financial_report_template.json erpnext/accounts/report/custom_financial_statement/custom_financial_statement.json
erpnext,P3,missing,Custom delimiters,Délimiteurs personnalisés,erpnext/accounts/doctype/bank_statement_import/bank_statement_import.json
erpnext,P3,missing,Customer > Customer Group > Territory,Client > Groupe de clients > Territoire,erpnext/accounts/doctype/pricing_rule/pricing_rule.js:50
erpnext,P3,missing,Customer Advances,Avances client,erpnext/accounts/doctype/account/chart_of_accounts/verified/standard_chart_of_accounts.py:159 erpnext/accounts/doctype/account/chart_of_accounts/verified/standard_chart_of_accounts_with_account_number.py:269
erpnext,P3,missing,Customer Currency,Devise du client,erpnext/subcontracting/doctype/subcontracting_inward_order/subcontracting_inward_order.json
erpnext,P3,missing,Customer Group Item,Article du groupe de clients,erpnext/accounts/doctype/customer_group_item/customer_group_item.json
erpnext,P3,missing,Customer Group: {0} does not exist,Groupe de clients : {0} n'existe pas,erpnext/accounts/report/accounts_receivable/accounts_receivable.py:1336
erpnext,P3,missing,Customer Warehouse,Entrepôt client,erpnext/subcontracting/doctype/subcontracting_inward_order/subcontracting_inward_order.json
erpnext,P3,missing,Customer Warehouse {0} does not belong to Customer {1}.,L'entrepôt client {0} n'appartient pas au client {1}.,erpnext/subcontracting/doctype/subcontracting_inward_order/subcontracting_inward_order.py:145
erpnext,P3,missing,Customer: ,Client:,erpnext/accounts/doctype/process_statement_of_accounts/process_statement_of_accounts.html:19 erpnext/accounts/doctype/process_statement_of_accounts/process_statement_of_accounts.html:21
erpnext,P3,missing,DFS,DFS,erpnext/accounts/doctype/bisect_accounting_statements/bisect_accounting_statements.json
erpnext,P3,missing,Daily Time to send,Heure quotidienne d'envoi,erpnext/projects/doctype/project/project.json
erpnext,P3,missing,Data Based On,Données basées sur,erpnext/crm/report/opportunity_summary_by_sales_stage/opportunity_summary_by_sales_stage.js:15
erpnext,P3,missing,Data Fetch Method,Méthode de récupération de données,erpnext/accounts/doctype/accounts_settings/accounts_settings.json
erpnext,P3,missing,Data Source,Source de données,erpnext/accounts/doctype/financial_report_row/financial_report_row.json
erpnext,P3,missing,Date ,Date,erpnext/bulk_transaction/doctype/bulk_transaction_log_detail/bulk_transaction_log_detail.json
erpnext,P3,missing,Date must be between {0} and {1},La date doit être comprise entre le {0} et le {1},erpnext/maintenance/doctype/maintenance_visit/maintenance_visit.py:72 erpnext/maintenance/doctype/maintenance_visit/maintenance_visit.py:92
erpnext,P3,missing,Date: {0} to {1},Date : {0} au {1},erpnext/accounts/doctype/process_statement_of_accounts/process_statement_of_accounts.html:25
erpnext,P3,missing,Dates,Dates,erpnext/accounts/doctype/gl_entry/gl_entry.json
erpnext,P3,missing,Dates to Process,Dates à traiter,erpnext/accounts/doctype/process_period_closing_voucher/process_period_closing_voucher.json
erpnext,P3,missing,Days before the current subscription period,Jours avant la période d'abonnement en cours,erpnext/accounts/doctype/subscription/subscription.json
erpnext,P3,missing,DeLinked,Délié,erpnext/accounts/doctype/advance_payment_ledger_entry/advance_payment_ledger_entry.json erpnext/accounts/doctype/payment_ledger_entry/payment_ledger_entry.json
erpnext,P3,missing,Debit / Credit Note Posting Date,Date de comptabilisation de la note de débit/crédit,erpnext/accounts/doctype/payment_reconciliation_allocation/payment_reconciliation_allocation.json
erpnext,P3,missing,Debit Amount in Reporting Currency,Montant du débit dans la devise de présentation,erpnext/accounts/doctype/account_closing_balance/account_closing_balance.json erpnext/accounts/doctype/gl_entry/gl_entry.json
erpnext,P3,missing,Debit Amount in Transaction Currency,Montant du débit dans la devise de la transaction,erpnext/accounts/doctype/gl_entry/gl_entry.json
erpnext,P3,missing,"Debit Note will update it's own outstanding amount, even if 'Return Against' is specified.","La note de débit mettra à jour son propre montant impayé, même si « Retour contre » est spécifié.",erpnext/accounts/doctype/purchase_invoice/purchase_invoice.json
erpnext,P3,missing,Debit-Credit Mismatch,Inadéquation débit-crédit,erpnext/accounts/doctype/ledger_health_monitor/ledger_health_monitor.json
erpnext,P3,missing,Debit-Credit mismatch,Inadéquation Débit-Crédit,erpnext/accounts/doctype/ledger_health/ledger_health.json
erpnext,P3,missing,Debt Equity Ratio,Ratio d’endettement,erpnext/accounts/report/financial_ratios/financial_ratios.py:170
erpnext,P3,missing,Debtor Turnover Ratio,Taux de rotation des débiteurs,erpnext/accounts/report/financial_ratios/financial_ratios.py:212
erpnext,P3,missing,Debtor/Creditor,Débiteur/Créancier,erpnext/accounts/party.py:617
erpnext,P3,missing,Debtor/Creditor Advance,Avance débiteur/créancier,erpnext/accounts/party.py:620
erpnext,P3,missing,Default Advance Account,Compte d'avance par défaut,erpnext/accounts/doctype/payment_reconciliation/payment_reconciliation.json erpnext/accounts/doctype/process_payment_reconciliation/process_payment_reconciliation.json
erpnext,P3,missing,Default BOM not found for FG Item {0},Nomenclature par défaut introuvable pour l'article FG {0},erpnext/controllers/accounts_controller.py:3938
erpnext,P3,missing,Default Common Code,Code commun par défaut,erpnext/edi/doctype/code_list/code_list.json
erpnext,P3,missing,Default Service Level Agreement for {0} already exists.,L’accord de niveau de service par défaut pour {0} existe déjà.,erpnext/support/doctype/service_level_agreement/service_level_agreement.py:161
erpnext,P3,missing,Deferred Revenue and Expense,Produits et dépenses reportés,erpnext/accounts/report/deferred_revenue_and_expense/deferred_revenue_and_expense.json
erpnext,P3,missing,Delayed Tasks Summary,Résumé des tâches retardées,erpnext/projects/report/delayed_tasks_summary/delayed_tasks_summary.json erpnext/projects/workspace/projects/projects.json
erpnext,P3,missing,Delete Accounting and Stock Ledger Entries on deletion of Transaction,Supprimer les écritures comptables et boursières lors de la suppression de la transaction,erpnext/accounts/doctype/accounts_settings/accounts_settings.json
erpnext,P3,missing,Delete Cancelled Ledger Entries,Supprimer les écritures comptables annulées,erpnext/accounts/doctype/repost_accounting_ledger/repost_accounting_ledger.json
erpnext,P3,missing,Deleting {0} and all associated Common Code documents...,Suppression de {0} et de tous les documents du code commun associés...,erpnext/edi/doctype/code_list/code_list.js:28
erpnext,P3,missing,Delivery From Date,Date de livraison,erpnext/manufacturing/doctype/master_production_schedule/master_production_schedule.js:119
erpnext,P3,missing,Delivery To Date,Livraison à ce jour,erpnext/manufacturing/doctype/master_production_schedule/master_production_schedule.js:125
erpnext,P3,missing,Demand,Demande,erpnext/manufacturing/doctype/master_production_schedule/master_production_schedule.json erpnext/manufacturing/report/exponential_smoothing_forecasting/exponential_smoothing_forecasting.py:233 erpnext/manufacturing/report/material_requirements_planning_report/material_requirements_planning_report.py:311 erpnext/manufacturing/report/material_requirements_planning_report/material_requirements_planning_report.py:376
erpnext,P3,missing,Demand Qty,Quantité demandée,erpnext/manufacturing/doctype/sales_forecast_item/sales_forecast_item.json erpnext/manufacturing/report/material_requirements_planning_report/material_requirements_planning_report.py:999
erpnext,P3,missing,Demand vs Supply,Demande vs offre,erpnext/manufacturing/report/material_requirements_planning_report/material_requirements_planning_report.py:323 erpnext/manufacturing/report/material_requirements_planning_report/material_requirements_planning_report.py:388
erpnext,P3,missing,Dependent Task {0} is not a Template Task,La tâche dépendante {0} n'est pas une tâche modèle,erpnext/projects/doctype/task/task.py:178
erpnext,P3,missing,Deposit,Dépôt,erpnext/accounts/doctype/bank_transaction/bank_transaction.json erpnext/public/js/bank_reconciliation_tool/data_table_manager.js:60
erpnext,P3,missing,Depreciate based on daily pro-rata,Amortir au prorata journalier,erpnext/assets/doctype/asset_depreciation_schedule/asset_depreciation_schedule.json erpnext/assets/doctype/asset_finance_book/asset_finance_book.json
erpnext,P3,missing,Depreciate based on shifts,Amortir en fonction des quarts de travail,erpnext/assets/doctype/asset_depreciation_schedule/asset_depreciation_schedule.json erpnext/assets/doctype/asset_finance_book/asset_finance_book.json
erpnext,P3,missing,Depreciation Details,Détails de l'amortissement,erpnext/assets/doctype/asset_depreciation_schedule/asset_depreciation_schedule.json
erpnext,P3,missing,Depreciation Entry Posting Status,Statut de comptabilisation de la saisie d'amortissement,erpnext/assets/doctype/asset/asset.json
erpnext,P3,missing,Depreciation Entry against asset {0},Écriture d'amortissement sur l'actif {0},erpnext/assets/doctype/asset/asset.py:1237
erpnext,P3,missing,Depreciation Entry against {0} worth {1},Écriture d'amortissement contre {0} d'une valeur de {1},erpnext/assets/doctype/asset/depreciation.py:253
erpnext,P3,missing,Depreciation Expense Account should be an Income or Expense Account.,Le compte de dépenses d’amortissement doit être un compte de revenus ou de dépenses.,erpnext/assets/doctype/asset/depreciation.py:300
erpnext,P3,missing,Depreciation Posting Date cannot be before Available-for-use Date,La date de comptabilisation de l'amortissement ne peut pas être antérieure à la date de disponibilité pour utilisation.,erpnext/assets/doctype/asset/asset.js:795
erpnext,P3,missing,Depreciation Row {0}: Depreciation Posting Date cannot be before Available-for-use Date,Ligne d'amortissement {0} : La date de comptabilisation de l'amortissement ne peut pas être antérieure à la date de disponibilité pour utilisation.,erpnext/assets/doctype/asset/asset.py:382
erpnext,P3,missing,Depreciation Schedule View,Vue Plan d'amortissement,erpnext/assets/doctype/asset/asset.json
erpnext,P3,missing,Depreciation cannot be calculated for fully depreciated assets,L'amortissement ne peut pas être calculé pour les actifs entièrement amortis,erpnext/assets/doctype/asset/asset.py:477
erpnext,P3,missing,Depreciation eliminated via reversal,Amortissement éliminé par reprise,erpnext/accounts/report/asset_depreciations_and_balances/asset_depreciations_and_balances.py:659
erpnext,P3,missing,"Descriptive name for your template (e.g., 'Standard P&L', 'Detailed Balance Sheet')","Nom descriptif de votre modèle (par exemple, « P&L standard », « Bilan détaillé »)",erpnext/accounts/doctype/financial_report_template/financial_report_template.json
erpnext,P3,missing,Difference Qty,Quantité de différence,erpnext/manufacturing/report/bom_stock_calculated/bom_stock_calculated.py:100
erpnext,P3,missing,Dimension Filter Help,Aide sur le filtre de dimension,erpnext/accounts/doctype/accounting_dimension_filter/accounting_dimension_filter.json
erpnext,P3,missing,Dimension-wise Accounts Balance Report,Rapport sur le solde des comptes par dimension,erpnext/accounts/report/dimension_wise_accounts_balance_report/dimension_wise_accounts_balance_report.json
erpnext,P3,missing,Dimensions,Dimensions,erpnext/accounts/doctype/gl_entry/gl_entry.json
erpnext,P3,missing,Direct Expense,Dépense directe,erpnext/accounts/doctype/account/account.json
erpnext,P3,missing,Disable template to prevent use in reports,Désactiver le modèle pour empêcher son utilisation dans les rapports,erpnext/accounts/doctype/financial_report_template/financial_report_template.json
erpnext,P3,missing,Disabled Account Selected,Compte désactivé sélectionné,erpnext/accounts/general_ledger.py:149
erpnext,P3,missing,Disabled pricing rules since this {} is an internal transfer,Règles de tarification désactivées car il s'agit de {} un transfert interne,erpnext/controllers/accounts_controller.py:903
erpnext,P3,missing,Disabled tax included prices since this {} is an internal transfer,Prix ​​handicapés taxes comprises puisqu'il s'agit d'un {} transfert interne,erpnext/controllers/accounts_controller.py:917
erpnext,P3,missing,Disassemble Qty cannot be less than or equal to <b>0</b>.,La quantité à démonter ne peut pas être inférieure ou égale à <b>0</b>.,erpnext/manufacturing/doctype/work_order/work_order.js:443
erpnext,P3,missing,Discount Amount in Transaction,Montant de la remise dans la transaction,erpnext/accounts/report/calculated_discount_mismatch/calculated_discount_mismatch.py:58
erpnext,P3,missing,Discount Percentage can be applied either against a Price List or for all Price List.,"Le pourcentage de remise peut être appliqué soit à une liste de prix, soit à toutes les listes de prix.",erpnext/accounts/doctype/pricing_rule/pricing_rule.js:42
erpnext,P3,missing,Discount Percentage in Transaction,Pourcentage de remise dans la transaction,erpnext/accounts/report/calculated_discount_mismatch/calculated_discount_mismatch.py:52
erpnext,P3,missing,Discount Validity Based On,Validité de la remise basée sur,erpnext/accounts/doctype/payment_schedule/payment_schedule.json erpnext/accounts/doctype/payment_term/payment_term.json erpnext/accounts/doctype/payment_terms_template_detail/payment_terms_template_detail.json
erpnext,P3,missing,Discrepancy between General and Payment Ledger,Écart entre le grand livre général et le grand livre des paiements,erpnext/accounts/doctype/ledger_health_monitor/ledger_health_monitor.json
erpnext,P3,missing,Discretionary Reason,Raison discrétionnaire,erpnext/accounts/doctype/loyalty_point_entry/loyalty_point_entry.json
erpnext,P3,missing,Display Name,Nom d'affichage,erpnext/accounts/doctype/financial_report_row/financial_report_row.json
erpnext,P3,missing,Disposal date {0} cannot be before {1} date {2} of the asset.,La date de cession {0} ne peut pas être antérieure au {1} date {2} du bien.,erpnext/assets/doctype/asset/depreciation.py:826
erpnext,P3,missing,Distribute Additional Costs Based On ,Répartir les coûts supplémentaires en fonction de,erpnext/subcontracting/doctype/subcontracting_order/subcontracting_order.json erpnext/subcontracting/doctype/subcontracting_receipt/subcontracting_receipt.json
erpnext,P3,missing,Distribute Equally,Distribuer équitablement,erpnext/accounts/doctype/budget/budget.json
erpnext,P3,missing,Distribution Frequency,Fréquence de distribution,erpnext/accounts/doctype/budget/budget.json
erpnext,P3,missing,Do you still want to enable immutable ledger?,Souhaitez-vous toujours activer le registre immuable ?,erpnext/accounts/doctype/accounts_settings/accounts_settings.js:15
erpnext,P3,missing,Do you want to submit the stock entry?,Voulez-vous soumettre l’entrée de stock ?,erpnext/manufacturing/doctype/job_card/job_card.js:103
erpnext,P3,missing,Document Type already used as a dimension,Type de document déjà utilisé comme dimension,erpnext/accounts/doctype/accounting_dimension/accounting_dimension.py:65
erpnext,P3,missing,Documents Processed on each trigger. Queue Size should be between 5 and 100,Documents traités à chaque déclencheur. La taille de la file d'attente doit être comprise entre 5 et 100,erpnext/accounts/doctype/accounts_settings/accounts_settings.json
erpnext,P3,missing,Documents: {0} have deferred revenue/expense enabled for them. Cannot repost.,Documents : {0} ont des revenus/dépenses différés activés pour eux. Impossible de republier.,erpnext/accounts/doctype/repost_accounting_ledger/repost_accounting_ledger.py:257
erpnext,P3,missing,Don't Enforce Free Item Qty,N'appliquez pas la quantité d'articles gratuits,erpnext/accounts/doctype/pricing_rule/pricing_rule.json
erpnext,P3,missing,Download CSV Template,Télécharger le modèle CSV,erpnext/public/js/utils/serial_no_batch_selector.js:235
erpnext,P3,missing,Download Required Materials,Télécharger le matériel requis,erpnext/manufacturing/doctype/production_plan/production_plan.json
erpnext,P3,missing,Dr/Cr,Dr/Cr,erpnext/accounts/report/customer_ledger_summary/customer_ledger_summary.py:248
erpnext,P3,missing,Drop Procedures,Procédures de suppression,erpnext/accounts/doctype/accounts_settings/accounts_settings.json
erpnext,P3,missing,Drops existing SQL Procedures and Function setup by Accounts Receivable report,Supprime les procédures SQL existantes et la configuration des fonctions par rapport de comptes clients,erpnext/accounts/doctype/accounts_settings/accounts_settings.json
erpnext,P3,missing,Due Date cannot be after {0},La date d'échéance ne peut pas être postérieure au {0},erpnext/accounts/party.py:703
erpnext,P3,missing,Due Date cannot be before {0},La date d'échéance ne peut pas être antérieure au {0},erpnext/accounts/party.py:679
erpnext,P3,missing,Dunning Amount (Company Currency),Montant de la relance (devise de la société),erpnext/accounts/doctype/dunning/dunning.json
erpnext,P3,missing,Dunning Level,Niveau de relance,erpnext/accounts/doctype/overdue_payment/overdue_payment.json
erpnext,P3,missing,Duplicate Finance Book,Livre de finances en double,erpnext/assets/doctype/asset/asset.py:409
erpnext,P3,missing,Duplicate Operating Component {0} found in Operating Components,Composant d'exploitation en double {0} trouvé dans les composants d'exploitation,erpnext/manufacturing/doctype/workstation/workstation.py:79 erpnext/manufacturing/doctype/workstation_type/workstation_type.py:37
erpnext,P3,missing,Duplicate POS Fields,Champs POS en double,erpnext/accounts/doctype/pos_settings/pos_settings.py:43
erpnext,P3,missing,Duplicate POS Invoices found,Factures PDV en double trouvées,erpnext/accounts/doctype/pos_closing_entry/pos_closing_entry.py:104 erpnext/accounts/doctype/pos_invoice_merge_log/pos_invoice_merge_log.py:64
erpnext,P3,missing,Duplicate Sales Invoices found,Factures de vente en double trouvées,erpnext/accounts/doctype/pos_closing_entry/pos_closing_entry.py:157
erpnext,P3,missing,Edit BOM,Modifier la nomenclature,erpnext/public/js/bom_configurator/bom_configurator.bundle.js:528
erpnext,P3,missing,Edit Note,Modifier la note,erpnext/public/js/utils/crm_activities.js:186
erpnext,P3,missing,Either 'Selling' or 'Buying' must be selected,Vous devez sélectionner « Vente » ou « Acheter »,erpnext/accounts/doctype/promotional_scheme/promotional_scheme.py:147
erpnext,P3,missing,Either Workstation or Workstation Type is mandatory,Le poste de travail ou le type de poste de travail est obligatoire,erpnext/public/js/bom_configurator/bom_configurator.bundle.js:290 erpnext/public/js/bom_configurator/bom_configurator.bundle.js:441
erpnext,P3,missing,"Email Address must be unique, it is already used in {0}","L'adresse email doit être unique, elle est déjà utilisée dans {0}",erpnext/crm/doctype/lead/lead.py:164
erpnext,P3,missing,Email verification failed.,La vérification de l'e-mail a échoué.,erpnext/crm/doctype/appointment/appointment.py:114
erpnext,P3,missing,Employee Benefits Obligation,Obligation en matière d’avantages sociaux,erpnext/accounts/doctype/account/chart_of_accounts/verified/standard_chart_of_accounts.py:184 erpnext/accounts/doctype/account/chart_of_accounts/verified/standard_chart_of_accounts_with_account_number.py:322
erpnext,P3,missing,Employee User Id,Identifiant d'utilisateur de l'employé,erpnext/telephony/doctype/call_log/call_log.json
erpnext,P3,missing,Employee {0} does not belong to the company {1},L'employé {0} n'appartient pas à l'entreprise {1},erpnext/assets/doctype/asset_movement/asset_movement.py:79 erpnext/assets/doctype/asset_movement/asset_movement.py:100
erpnext,P3,missing,Employee {0} is currently working on another workstation. Please assign another employee.,L'employé {0} travaille actuellement sur un autre poste de travail. Veuillez affecter un autre employé.,erpnext/manufacturing/doctype/job_card/job_card.py:310
erpnext,P3,missing,Enable Automatic Party Matching,Activer la correspondance automatique des parties,erpnext/accounts/doctype/accounts_settings/accounts_settings.json
erpnext,P3,missing,Enable Fuzzy Matching,Activer la correspondance floue,erpnext/accounts/doctype/accounts_settings/accounts_settings.json
erpnext,P3,missing,Enable Health Monitor,Activer le moniteur de santé,erpnext/accounts/doctype/ledger_health_monitor/ledger_health_monitor.json
erpnext,P3,missing,Enable Immutable Ledger,Activer le grand livre immuable,erpnext/accounts/doctype/accounts_settings/accounts_settings.json
erpnext,P3,missing,Enable this checkbox even if you want to set the zero priority,Cochez cette case même si vous souhaitez définir la priorité zéro,erpnext/accounts/doctype/pricing_rule/pricing_rule.json
erpnext,P3,missing,"Enable this option to calculate daily depreciation by considering the total number of days in the entire depreciation period, (including leap years) while using daily pro-rata based depreciation",Activez cette option pour calculer l'amortissement quotidien en considérant le nombre total de jours dans toute la période d'amortissement (y compris les années bissextiles) tout en utilisant l'amortissement quotidien au prorata.,erpnext/accounts/doctype/accounts_settings/accounts_settings.json
erpnext,P3,missing,Enable to apply SLA on every {0},Activer l'application du SLA à chaque {0},erpnext/support/doctype/service_level_agreement/service_level_agreement.js:34
erpnext,P3,missing,Enabling the check box will fetch timesheet on select of a Project in Sales Invoice,L'activation de la case à cocher récupérera la feuille de temps lors de la sélection d'un projet dans la facture de vente.,erpnext/projects/doctype/projects_settings/projects_settings.json
erpnext,P3,missing,Enabling this checkbox will force each Job Card Time Log to have From Time and To Time,L'activation de cette case à cocher forcera chaque journal de temps de carte de travail à avoir De l'heure et À l'heure,erpnext/manufacturing/doctype/manufacturing_settings/manufacturing_settings.json
erpnext,P3,missing,Enabling this ensures each Purchase Invoice has a unique value in Supplier Invoice No. field within a particular fiscal year,L'activation de cette option garantit que chaque facture d'achat a une valeur unique dans le champ N° de facture fournisseur au cours d'un exercice financier particulier.,erpnext/accounts/doctype/accounts_settings/accounts_settings.json
erpnext,P3,missing,Enabling this will change the way how cancelled transactions are handled.,L'activation de cette option modifiera la façon dont les transactions annulées sont traitées.,erpnext/accounts/doctype/accounts_settings/accounts_settings.js:11
erpnext,P3,missing,End of the current subscription period,Fin de la période d'abonnement en cours,erpnext/accounts/doctype/subscription/subscription.json
erpnext,P3,missing,Enforce Time Logs,Appliquer les journaux de temps,erpnext/manufacturing/doctype/manufacturing_settings/manufacturing_settings.json
erpnext,P3,missing,Enter Company Details,Entrez les détails de l'entreprise,erpnext/public/js/print.js:51
erpnext,P3,missing,Enter Manually,Entrer manuellement,erpnext/public/js/utils/serial_no_batch_selector.js:201
erpnext,P3,missing,Enter Serial Nos,Entrez les numéros de série,erpnext/public/js/utils/serial_no_batch_selector.js:279
erpnext,P3,missing,Enter Visit Details,Entrez les détails de la visite,erpnext/maintenance/doctype/maintenance_schedule/maintenance_schedule.js:96
erpnext,P3,missing,Enter a name for Routing.,Entrez un nom pour le routage.,erpnext/manufacturing/doctype/routing/routing.js:88
erpnext,P3,missing,"Enter a name for the Operation, for example, Cutting.","Entrez un nom pour l'opération, par exemple Couper.",erpnext/manufacturing/doctype/operation/operation.js:20
erpnext,P3,missing,Enter date to scrap asset,Saisissez la date de mise au rebut de l'actif,erpnext/assets/doctype/asset/asset.js:804
erpnext,P3,missing,Enter each serial no in a new line,Entrez chaque numéro de série dans une nouvelle ligne,erpnext/public/js/utils/serial_no_batch_selector.js:282
erpnext,P3,missing,Enter the Bank Guarantee Number before submitting.,Entrez le numéro de garantie bancaire avant de soumettre.,erpnext/accounts/doctype/bank_guarantee/bank_guarantee.py:51
erpnext,P3,missing,"Enter the Operation, the table will fetch the Operation details like Hourly Rate, Workstation automatically.

 After that, set the Operation Time in minutes and the table will calculate the Operation Costs based on the Hourly Rate and Operation Time.","Entrez l'opération, le tableau récupérera automatiquement les détails de l'opération comme le taux horaire, le poste de travail.

 Après cela, définissez la durée de fonctionnement en minutes et le tableau calculera les coûts de fonctionnement en fonction du taux horaire et de la durée de fonctionnement.",erpnext/manufacturing/doctype/routing/routing.js:93
erpnext,P3,missing,Enter the name of the Beneficiary before submitting.,Entrez le nom du bénéficiaire avant de soumettre.,erpnext/accounts/doctype/bank_guarantee/bank_guarantee.py:53
erpnext,P3,missing,Enter the name of the bank or lending institution before submitting.,Entrez le nom de la banque ou de l'établissement prêteur avant de soumettre.,erpnext/accounts/doctype/bank_guarantee/bank_guarantee.py:55
erpnext,P3,missing,Enter the quantity of the Item that will be manufactured from this Bill of Materials.,Entrez la quantité de l'article qui sera fabriqué à partir de cette nomenclature.,erpnext/manufacturing/doctype/bom/bom.js:935
erpnext,P3,missing,Enter the quantity to manufacture. Raw material Items will be fetched only when this is set.,Saisissez la quantité à fabriquer. Les éléments de matière première seront récupérés uniquement lorsque cette option est définie.,erpnext/manufacturing/doctype/work_order/work_order.js:1133
erpnext,P3,missing,Error during caller information update,Erreur lors de la mise à jour des informations sur l'appelant,erpnext/telephony/doctype/call_log/call_log.py:195
erpnext,P3,missing,Error in party matching for Bank Transaction {0},Erreur dans la correspondance des parties pour la transaction bancaire {0},erpnext/accounts/doctype/bank_transaction/bank_transaction.py:307
erpnext,P3,missing,Error while posting depreciation entries,Erreur lors de la comptabilisation des écritures d'amortissement,erpnext/assets/doctype/asset/depreciation.py:317
erpnext,P3,missing,"Error: This asset already has {0} depreciation periods booked.
					The `depreciation start` date must be at least {1} periods after the `available for use` date.
					Please correct the dates accordingly.","Erreur : Ce bien a déjà {0} périodes d'amortissement comptabilisées.
					La date de « début de l'amortissement » doit être au moins {1} périodes après la date de « mise en service ».
					Veuillez corriger les dates en conséquence.",erpnext/assets/doctype/asset_depreciation_schedule/deppreciation_schedule_controller.py:176
erpnext,P3,missing,"Even if there are multiple Pricing Rules with highest priority, then following internal priorities are applied:","Même s'il existe plusieurs règles de tarification avec la priorité la plus élevée, les priorités internes suivantes sont appliquées :",erpnext/accounts/doctype/pricing_rule/pricing_rule.js:48
erpnext,P3,missing,Example URL,Exemple d'URL,erpnext/accounts/doctype/currency_exchange_settings/currency_exchange_settings.json
erpnext,P3,missing,Excess Materials Consumed,Excédent de matériaux consommés,erpnext/manufacturing/report/work_order_consumed_materials/work_order_consumed_materials.js:55
erpnext,P3,missing,Excess Transfer,Transfert excédentaire,erpnext/manufacturing/doctype/job_card/job_card.py:1012
erpnext,P3,missing,Exchange Gain Or Loss,Gain ou perte de change,erpnext/accounts/doctype/journal_entry/journal_entry.json
erpnext,P3,missing,Exchange Gain/Loss amount has been booked through {0},Le montant du gain/perte de change a été comptabilisé via {0},erpnext/controllers/accounts_controller.py:1769 erpnext/controllers/accounts_controller.py:1853
erpnext,P3,missing,Excluded Fee,Frais exclus,erpnext/accounts/doctype/bank_transaction/bank_transaction.json
erpnext,P3,missing,Exempt Supplies,Fournitures exonérées,erpnext/regional/report/uae_vat_201/uae_vat_201.py:67
erpnext,P3,missing,Exempted Role,Rôle exempté,erpnext/accounts/doctype/accounting_period/accounting_period.json
erpnext,P3,missing,Expected,Attendu,erpnext/accounts/report/deferred_revenue_and_expense/deferred_revenue_and_expense.py:444
erpnext,P3,missing,Expected End Date should be less than or equal to parent task's Expected End Date {0}.,La date de fin prévue doit être inférieure ou égale à la date de fin prévue {0} de la tâche parent.,erpnext/projects/doctype/task/task.py:114
erpnext,P3,missing,Expected Time Required (In Mins),Temps requis prévu (en minutes),erpnext/manufacturing/doctype/job_card/job_card.json
erpnext,P3,missing,Extended Bank Statement,Relevé bancaire étendu,erpnext/accounts/doctype/bank_transaction/bank_transaction.json
erpnext,P3,missing,Extra Consumed Qty,Quantité consommée supplémentaire,erpnext/manufacturing/report/work_order_consumed_materials/work_order_consumed_materials.py:148
erpnext,P3,missing,Extra Job Card Quantity,Quantité de fiche de travail supplémentaire,erpnext/manufacturing/doctype/job_card/job_card.py:227
erpnext,P3,missing,Extra Material Transfer,Transfert de matériel supplémentaire,erpnext/manufacturing/doctype/manufacturing_settings/manufacturing_settings.json
erpnext,P3,missing,FG / Semi FG Item,Article FG/Semi FG,erpnext/manufacturing/doctype/bom_operation/bom_operation.json
erpnext,P3,missing,Failed Entries,Entrées échouées,erpnext/bulk_transaction/doctype/bulk_transaction_log/bulk_transaction_log.js:17
erpnext,P3,missing,Failed to parse MT940 format. Error: {0},Échec de l'analyse du format MT940. Erreur : {0},erpnext/accounts/doctype/bank_statement_import/bank_statement_import.py:164
erpnext,P3,missing,Failed to post depreciation entries,Échec de la validation des écritures d'amortissement,erpnext/assets/doctype/asset/asset.js:221
erpnext,P3,missing,Failure Description,Description de l'échec,erpnext/accounts/doctype/pos_closing_entry/pos_closing_entry.json
erpnext,P3,missing,Failure: {0},Échec : {0},erpnext/accounts/doctype/payment_request/payment_request.js:37
erpnext,P3,missing,Fetch Based On,Récupérer basé sur,erpnext/public/js/utils/serial_no_batch_selector.js:384
erpnext,P3,missing,Fetch Latest Exchange Rate,Récupérer le dernier taux de change,erpnext/crm/doctype/opportunity/opportunity.js:117
erpnext,P3,missing,Fetch Overdue Payments,Récupérer les paiements en retard,erpnext/accounts/doctype/dunning/dunning.js:61
erpnext,P3,missing,Fetch Timesheet in Sales Invoice,Récupérer la feuille de temps dans la facture de vente,erpnext/projects/doctype/projects_settings/projects_settings.json
erpnext,P3,missing,Fetch Valuation Rate for Internal Transaction,Récupérer le taux de valorisation pour la transaction interne,erpnext/accounts/doctype/accounts_settings/accounts_settings.json
erpnext,P3,missing,Fetching Error,Erreur de récupération,erpnext/edi/doctype/code_list/code_list_import.py:27
erpnext,P3,missing,Fetching Material Requests...,Récupération des demandes de matériel...,erpnext/manufacturing/doctype/master_production_schedule/master_production_schedule.js:198
erpnext,P3,missing,Fetching Sales Orders...,Récupération des commandes client...,erpnext/manufacturing/doctype/master_production_schedule/master_production_schedule.js:145
erpnext,P3,missing,Fetching exchange rates ...,Récupération des taux de change...,erpnext/accounts/doctype/dunning/dunning.js:135 erpnext/public/js/controllers/transaction.js:1476
erpnext,P3,missing,Fetching...,Récupération...,erpnext/manufacturing/page/bom_comparison_tool/bom_comparison_tool.js:72
erpnext,P3,missing,Filter by Reference Date,Filtrer par date de référence,erpnext/accounts/doctype/bank_reconciliation_tool/bank_reconciliation_tool.json
erpnext,P3,missing,Filter on Invoice,Filtrer sur la facture,erpnext/accounts/doctype/payment_reconciliation/payment_reconciliation.json
erpnext,P3,missing,Filter on Payment,Filtrer sur le paiement,erpnext/accounts/doctype/payment_reconciliation/payment_reconciliation.json
erpnext,P3,missing,Filters for Material Requests,Filtres pour les demandes de matériel,erpnext/manufacturing/doctype/master_production_schedule/master_production_schedule.js:158
erpnext,P3,missing,Filters for Sales Orders,Filtres pour les commandes client,erpnext/manufacturing/doctype/master_production_schedule/master_production_schedule.js:92
erpnext,P3,missing,Filters missing,Filtres manquants,erpnext/accounts/report/invalid_ledger_entries/invalid_ledger_entries.py:74
erpnext,P3,missing,Final BOM,Nomenclature finale,erpnext/manufacturing/doctype/job_card/job_card.json
erpnext,P3,missing,Final Product,Produit final,erpnext/manufacturing/doctype/bom_creator/bom_creator.json erpnext/manufacturing/doctype/job_card/job_card.json
erpnext,P3,missing,Financial Ratios,Ratios financiers,erpnext/accounts/report/financial_ratios/financial_ratios.json
erpnext,P3,missing,Financial Report Row,Ligne du rapport financier,erpnext/accounts/doctype/financial_report_row/financial_report_row.json
erpnext,P3,missing,Financial Report Template,Modèle de rapport financier,erpnext/accounts/doctype/financial_report_template/financial_report_template.json
erpnext,P3,missing,Financial Report Template {0} is disabled,Le modèle de rapport financier {0} est désactivé,erpnext/accounts/doctype/financial_report_template/financial_report_engine.py:242
erpnext,P3,missing,Financial Report Template {0} not found,Modèle de rapport financier {0} introuvable,erpnext/accounts/doctype/financial_report_template/financial_report_engine.py:239
erpnext,P3,missing,Financial Year Begins On,L'exercice financier commence le,erpnext/public/js/setup_wizard.js:48
erpnext,P3,missing,Financial reports will be generated using GL Entry doctypes (should be enabled if Period Closing Voucher is not posted for all years sequentially or missing) ,Les rapports financiers seront générés à l'aide des types de documents d'entrée GL (doivent être activés si le bon de clôture de période n'est pas validé pour toutes les années de manière séquentielle ou est manquant),erpnext/accounts/doctype/accounts_settings/accounts_settings.json
erpnext,P3,missing,Finished Good BOM,Terminé Bon Nomenclature,erpnext/subcontracting/doctype/subcontracting_bom/subcontracting_bom.json
erpnext,P3,missing,Finished Good Item,Bon article fini,erpnext/public/js/utils.js:817 erpnext/subcontracting/doctype/subcontracting_inward_order_service_item/subcontracting_inward_order_service_item.json erpnext/subcontracting/doctype/subcontracting_order_service_item/subcontracting_order_service_item.json
erpnext,P3,missing,Finished Good Item Qty,Quantité d'article fini bon,erpnext/public/js/utils.js:835
erpnext,P3,missing,Finished Good Item Quantity,Quantité d'articles finis,erpnext/subcontracting/doctype/subcontracting_inward_order_service_item/subcontracting_inward_order_service_item.json erpnext/subcontracting/doctype/subcontracting_order_service_item/subcontracting_order_service_item.json
erpnext,P3,missing,Finished Good Item is not specified for service item {0},L'article fini n'est pas spécifié pour l'article de service {0},erpnext/controllers/accounts_controller.py:3924
erpnext,P3,missing,Finished Good Item {0} Qty can not be zero,Article bon fini {0} La quantité ne peut pas être nulle,erpnext/controllers/accounts_controller.py:3941
erpnext,P3,missing,Finished Good Item {0} must be a sub-contracted item,L'article fini {0} doit être un article sous-traité,erpnext/controllers/accounts_controller.py:3935
erpnext,P3,missing,Finished Good Serial / Batch,Fini Bon Série / Lot,erpnext/manufacturing/doctype/work_order/work_order.json
erpnext,P3,missing,Finished Good UOM,Terminé Bon UdM,erpnext/subcontracting/doctype/subcontracting_bom/subcontracting_bom.json
erpnext,P3,missing,Finished Good {0} does not have a default BOM.,Terminé Bon {0} n'a pas de nomenclature par défaut.,erpnext/subcontracting/doctype/subcontracting_bom/subcontracting_bom.py:51
erpnext,P3,missing,Finished Good {0} is disabled.,Terminé Bon {0} est désactivé.,erpnext/subcontracting/doctype/subcontracting_bom/subcontracting_bom.py:46
erpnext,P3,missing,Finished Good {0} must be a stock item.,Le produit fini {0} doit être un article en stock.,erpnext/subcontracting/doctype/subcontracting_bom/subcontracting_bom.py:48
erpnext,P3,missing,Finished Good {0} must be a sub-contracted item.,Le produit fini {0} doit être un article sous-traité.,erpnext/subcontracting/doctype/subcontracting_bom/subcontracting_bom.py:55
erpnext,P3,missing,Finished Goods Based Operating Cost,Coût d'exploitation basé sur les produits finis,erpnext/manufacturing/doctype/bom/bom.json
erpnext,P3,missing,Finished Goods Item,Article de produits finis,erpnext/manufacturing/doctype/bom_creator_item/bom_creator_item.json
erpnext,P3,missing,Finished Goods Reference,Référence des produits finis,erpnext/manufacturing/doctype/bom_creator_item/bom_creator_item.json
erpnext,P3,missing,Finished Goods Return,Retour de produits finis,erpnext/subcontracting/doctype/subcontracting_inward_order/subcontracting_inward_order.js:165
erpnext,P3,missing,Finished Goods Value,Valeur des produits finis,erpnext/manufacturing/report/process_loss_report/process_loss_report.py:106
erpnext,P3,missing,Finished Goods based Operating Cost,Coût d'exploitation basé sur les produits finis,erpnext/manufacturing/doctype/bom/bom.json
erpnext,P3,missing,First Response Due,Première réponse due,erpnext/support/doctype/issue/issue.json
erpnext,P3,missing,First Response SLA Failed by {},Échec du SLA de première réponse par {},erpnext/support/doctype/issue/test_issue.py:239 erpnext/support/doctype/service_level_agreement/service_level_agreement.py:906
erpnext,P3,missing,Fiscal Year {0} is not available for Company {1}.,L’exercice {0} n’est pas disponible pour la société {1}.,erpnext/accounts/doctype/budget/budget.py:97
erpnext,P3,missing,Fixed Asset Turnover Ratio,Ratio de rotation des immobilisations,erpnext/accounts/report/financial_ratios/financial_ratios.py:211
erpnext,P3,missing,Fixed Asset item {0} cannot be used in BOMs.,L'élément d'immobilisation {0} ne peut pas être utilisé dans les nomenclatures.,erpnext/manufacturing/doctype/bom/bom.py:691
erpnext,P3,missing,Fixed Time,Heure fixe,erpnext/manufacturing/doctype/bom_operation/bom_operation.json
erpnext,P3,missing,Floor,Sol,erpnext/manufacturing/doctype/plant_floor/plant_floor.json
erpnext,P3,missing,Floor Name,Nom de l'étage,erpnext/manufacturing/doctype/plant_floor/plant_floor.json
erpnext,P3,missing,For All Stock Asset Accounts,Pour tous les comptes d'actifs en actions,erpnext/accounts/doctype/journal_entry/journal_entry.json
erpnext,P3,missing,For Item,Pour l'article,erpnext/manufacturing/doctype/plant_floor/plant_floor.js:187 erpnext/manufacturing/doctype/plant_floor/plant_floor.js:211
erpnext,P3,missing,For Item {0} cannot be received more than {1} qty against the {2} {3},"Pour l'article {0}, la quantité ne peut pas être supérieure à {1} contre le {2} {3}",erpnext/controllers/stock_controller.py:1546
erpnext,P3,missing,For Job Card,Pour la carte de travail,erpnext/manufacturing/doctype/job_card/job_card.json
erpnext,P3,missing,For Operation,Pour le fonctionnement,erpnext/manufacturing/doctype/job_card/job_card.js:515 erpnext/manufacturing/doctype/job_card/job_card.json
erpnext,P3,missing,For Raw Materials,Pour les matières premières,erpnext/manufacturing/doctype/production_plan/production_plan.json
erpnext,P3,missing,"For Return Invoices with Stock effect, '0' qty Items are not allowed. Following rows are affected: {0}","Pour les factures de retour avec effet de stock, les articles de quantité « 0 » ne sont pas autorisés. Les lignes suivantes sont concernées : {0}",erpnext/controllers/accounts_controller.py:1435
erpnext,P3,missing,For Work Order,Pour le bon de travail,erpnext/public/js/utils/serial_no_batch_selector.js:125
erpnext,P3,missing,For dunning fee and interest,Pour les frais de relance et les intérêts,erpnext/accounts/doctype/dunning/dunning.json
erpnext,P3,missing,"For item {0}, rate must be a positive number. To Allow negative rates, enable {1} in {2}","Pour l'article {0}, le taux doit être un nombre positif. Pour autoriser les taux négatifs, activez {1} dans {2}",erpnext/controllers/status_updater.py:283
erpnext,P3,missing,For operation {0}: Quantity ({1}) can not be greater than pending quantity({2}),Pour l'opération {0} : la quantité ({1}) ne peut pas être supérieure à la quantité en attente ({2}).,erpnext/manufacturing/doctype/work_order/work_order.py:2524
erpnext,P3,missing,"For project {0}, update your status","Pour le projet {0}, mettez à jour votre statut",erpnext/projects/doctype/project/project.js:208
erpnext,P3,missing,"For projected and forecast quantities, the system will consider all child warehouses under the selected parent warehouse.","Pour les quantités projetées et prévues, le système prendra en compte tous les entrepôts enfants sous l'entrepôt parent sélectionné.",erpnext/manufacturing/doctype/master_production_schedule/master_production_schedule.json erpnext/manufacturing/doctype/sales_forecast/sales_forecast.json
erpnext,P3,missing,"For the new {0} to take effect, would you like to clear the current {1}?","Pour que le nouveau {0} prenne effet, souhaitez-vous effacer le {1} actuel ?",erpnext/public/js/controllers/transaction.js:1286
erpnext,P3,missing,"For the {0}, no stock is available for the return in the warehouse {1}.","Pour le {0}, aucun stock n'est disponible pour le retour dans l'entrepôt {1}.",erpnext/controllers/stock_controller.py:401
erpnext,P3,missing,"For the {0}, the quantity is required to make the return entry","Pour le {0}, la quantité est nécessaire pour effectuer la saisie du retour",erpnext/controllers/sales_and_purchase_return.py:1123
erpnext,P3,missing,Force-Fetch Subscription Updates,Forcer la récupération des mises à jour des abonnements,erpnext/accounts/doctype/subscription/subscription.js:42
erpnext,P3,missing,Forecast Demand,Demande prévisionnelle,erpnext/manufacturing/doctype/master_production_schedule/master_production_schedule.json
erpnext,P3,missing,Forecast Qty,Quantité prévue,erpnext/manufacturing/doctype/sales_forecast_item/sales_forecast_item.json
erpnext,P3,missing,Forecasting,Prévision,erpnext/manufacturing/workspace/manufacturing/manufacturing.json
erpnext,P3,missing,Forecasting Method,Méthode de prévision,erpnext/manufacturing/doctype/sales_forecast/sales_forecast.json
erpnext,P3,missing,Foreign Currency Translation Reserve,Réserve de conversion des devises étrangères,erpnext/accounts/report/consolidated_trial_balance/consolidated_trial_balance.py:280 erpnext/accounts/report/consolidated_trial_balance/consolidated_trial_balance.py:281 erpnext/accounts/report/consolidated_trial_balance/test_consolidated_trial_balance.py:88
erpnext,P3,missing,Formula or Account Filter,Filtre de formule ou de compte,erpnext/accounts/doctype/financial_report_row/financial_report_row.json
erpnext,P3,missing,Free Item Rate,Tarif des articles gratuits,erpnext/accounts/doctype/pricing_rule/pricing_rule.json
erpnext,P3,missing,From BOM No,À partir du numéro de nomenclature,erpnext/manufacturing/report/bom_stock_calculated/bom_stock_calculated.py:63 erpnext/manufacturing/report/bom_stock_report/bom_stock_report.py:25
erpnext,P3,missing,From Corrective Job Card,À partir de la fiche de travail corrective,erpnext/manufacturing/doctype/work_order/work_order.json
erpnext,P3,missing,From Date is mandatory,La date de début est obligatoire,erpnext/crm/report/sales_pipeline_analytics/sales_pipeline_analytics.py:27
erpnext,P3,missing,From Date: {0} cannot be greater than To date: {1},La date du : {0} ne peut pas être supérieure à la date du : {1}.,erpnext/accounts/doctype/bisect_accounting_statements/bisect_accounting_statements.py:43
erpnext,P3,missing,From Delivery Date,À partir de la date de livraison,erpnext/manufacturing/doctype/production_plan/production_plan.json
erpnext,P3,missing,From Doctype,De Doctype,erpnext/bulk_transaction/doctype/bulk_transaction_log_detail/bulk_transaction_log_detail.json
erpnext,P3,missing,From Employee is required while issuing Asset {0},De l'employé est requis lors de l'émission de l'actif {0},erpnext/assets/doctype/asset_movement/asset_movement.py:85
erpnext,P3,missing,From External Ecomm Platform,Depuis une plateforme Ecom externe,erpnext/accounts/doctype/coupon_code/coupon_code.json
erpnext,P3,missing,From Fiscal Year cannot be greater than To Fiscal Year,La valeur de l'année fiscale ne peut pas être supérieure à celle de l'année fiscale,erpnext/accounts/doctype/budget/budget.py:110
erpnext,P3,missing,From Payment Date,À partir de la date de paiement,erpnext/accounts/doctype/payment_reconciliation/payment_reconciliation.json erpnext/accounts/doctype/process_payment_reconciliation/process_payment_reconciliation.json
erpnext,P3,missing,From Reference Date,À partir de la date de référence,erpnext/accounts/doctype/bank_reconciliation_tool/bank_reconciliation_tool.json
erpnext,P3,missing,Full and Final Statement,Déclaration complète et finale,erpnext/accounts/doctype/journal_entry_account/journal_entry_account.json
erpnext,P3,missing,Furniture and Fixtures,Meubles et accessoires,erpnext/accounts/doctype/account/chart_of_accounts/verified/standard_chart_of_accounts.py:52 erpnext/accounts/doctype/account/chart_of_accounts/verified/standard_chart_of_accounts_with_account_number.py:87
erpnext,P3,missing,Future date is not allowed,Les dates futures ne sont pas autorisées,erpnext/assets/doctype/asset/depreciation.py:380
erpnext,P3,missing,GENERAL LEDGER,GRAND COMPTE GÉNÉRAL,erpnext/accounts/doctype/process_statement_of_accounts/process_statement_of_accounts.html:16
erpnext,P3,missing,GL Balance,Solde GL,erpnext/accounts/report/accounts_receivable_summary/accounts_receivable_summary.py:170 erpnext/accounts/report/general_and_payment_ledger_comparison/general_and_payment_ledger_comparison.py:238
erpnext,P3,missing,GL Entry Processing Status,Statut de traitement des entrées GL,erpnext/accounts/doctype/period_closing_voucher/period_closing_voucher.json
erpnext,P3,missing,Gain/Loss accumulated in foreign currency account. Accounts with '0' balance in either Base or Account currency,Gain/Perte accumulé dans le compte en devise étrangère. Comptes avec un solde « 0 » dans la devise de base ou dans la devise du compte,erpnext/accounts/doctype/exchange_rate_revaluation/exchange_rate_revaluation.json
erpnext,P3,missing,Gain/Loss already booked,Gain/Perte déjà comptabilisé,erpnext/accounts/doctype/exchange_rate_revaluation/exchange_rate_revaluation.json
erpnext,P3,missing,Gain/Loss from Revaluation,Gain/Perte résultant de la réévaluation,erpnext/accounts/doctype/exchange_rate_revaluation/exchange_rate_revaluation.json
erpnext,P3,missing,General and Payment Ledger Comparison,Comparaison du grand livre général et du grand livre des paiements,erpnext/accounts/report/general_and_payment_ledger_comparison/general_and_payment_ledger_comparison.json
erpnext,P3,missing,General and Payment Ledger mismatch,Incohérence du grand livre général et du grand livre des paiements,erpnext/accounts/doctype/ledger_health/ledger_health.json
erpnext,P3,missing,Generate Demand,Générer de la demande,erpnext/manufacturing/doctype/sales_forecast/sales_forecast.json
erpnext,P3,missing,Generate Demo Data for Exploration,Générer des données de démonstration pour l'exploration,erpnext/public/js/setup_wizard.js:54
erpnext,P3,missing,Generate Invoice At,Générer une facture à,erpnext/accounts/doctype/subscription/subscription.json
erpnext,P3,missing,Generated,Généré,erpnext/accounts/doctype/bisect_nodes/bisect_nodes.json
erpnext,P3,missing,Generating Master Production Schedule...,Génération du calendrier directeur de production...,erpnext/manufacturing/doctype/master_production_schedule/master_production_schedule.js:56
erpnext,P3,missing,Generating Preview,Génération d'un aperçu,erpnext/accounts/doctype/repost_accounting_ledger/repost_accounting_ledger.js:30
erpnext,P3,missing,Get Actual Demand,Obtenez la demande réelle,erpnext/manufacturing/doctype/master_production_schedule/master_production_schedule.json
erpnext,P3,missing,Get Allocations,Obtenir des allocations,erpnext/accounts/doctype/unreconcile_payment/unreconcile_payment.json
erpnext,P3,missing,Get Balance,Obtenez l'équilibre,erpnext/accounts/doctype/journal_entry/journal_entry.json
erpnext,P3,missing,Get Finished Goods,Obtenez des produits finis,erpnext/manufacturing/doctype/production_plan/production_plan.json
erpnext,P3,missing,Get Finished Goods for Manufacture,Obtenez des produits finis pour la fabrication,erpnext/manufacturing/doctype/production_plan/production_plan.json
erpnext,P3,missing,Get Items for Purchase / Transfer,Obtenir des articles à acheter/transférer,erpnext/manufacturing/doctype/production_plan/production_plan.json
erpnext,P3,missing,Get Items for Purchase Only,Obtenez des articles à acheter uniquement,erpnext/manufacturing/doctype/production_plan/production_plan.json
erpnext,P3,missing,Get Material Requests,Obtenir des demandes de matériel,erpnext/manufacturing/doctype/master_production_schedule/master_production_schedule.js:181 erpnext/manufacturing/doctype/master_production_schedule/master_production_schedule.js:183 erpnext/manufacturing/doctype/master_production_schedule/master_production_schedule.json
erpnext,P3,missing,Get Raw Materials Cost from Consumption Entry,Obtenez le coût des matières premières à partir de l’entrée de la consommation,erpnext/manufacturing/doctype/manufacturing_settings/manufacturing_settings.json
erpnext,P3,missing,Get Scrap Items,Obtenez des objets de rebut,erpnext/subcontracting/doctype/subcontracting_receipt/subcontracting_receipt.json
erpnext,P3,missing,Get Stock,Obtenir des stocks,erpnext/manufacturing/doctype/production_plan/production_plan.js:552
erpnext,P3,missing,Get Sub Assembly Items,Obtenir des éléments de sous-assemblage,erpnext/manufacturing/doctype/production_plan/production_plan.json
erpnext,P3,missing,Getting Scrap Items,Obtenir des objets de rebut,erpnext/subcontracting/doctype/subcontracting_receipt/subcontracting_receipt.js:194
erpnext,P3,missing,Give free item for every N quantity,Offrez un article gratuit pour chaque quantité N,erpnext/accounts/doctype/pricing_rule/pricing_rule.json erpnext/accounts/doctype/promotional_scheme_product_discount/promotional_scheme_product_discount.json
erpnext,P3,missing,Go back,Retourner,erpnext/www/book_appointment/index.html:58
erpnext,P3,missing,Goals,Objectifs,erpnext/quality_management/doctype/quality_procedure/quality_procedure.json
erpnext,P3,missing,Greeting Message,Message de bienvenue,erpnext/telephony/doctype/incoming_call_settings/incoming_call_settings.json erpnext/telephony/doctype/voice_call_settings/voice_call_settings.json
erpnext,P3,missing,Gross Margin %,Marge brute %,erpnext/projects/doctype/project/project.json
erpnext,P3,missing,Gross Profit Percent,Pourcentage de bénéfice brut,erpnext/accounts/report/gross_profit/gross_profit.py:371
erpnext,P3,missing,Gross Profit Ratio,Ratio de bénéfice brut,erpnext/accounts/report/financial_ratios/financial_ratios.py:171
erpnext,P3,missing,Group by,Regrouper par,erpnext/accounts/report/pos_register/pos_register.js:56
erpnext,P3,missing,Growth View,Vue de croissance,erpnext/accounts/report/balance_sheet/balance_sheet.js:32 erpnext/accounts/report/profit_and_loss_statement/profit_and_loss_statement.js:32
erpnext,P3,missing,Handle Employee Advances,Gérer les avances des employés,erpnext/accounts/report/accounts_payable/accounts_payable.js:150
erpnext,P3,missing,Has Priority,A la priorité,erpnext/accounts/doctype/pricing_rule/pricing_rule.json
erpnext,P3,missing,Heads (or groups) against which Accounting Entries are made and balances are maintained.,Têtes (ou groupes) par rapport auxquelles les écritures comptables sont effectuées et les soldes sont maintenus.,erpnext/accounts/doctype/account/account.json
erpnext,P3,missing,Helps you distribute the Budget/Target across months if you have seasonality in your business.,Vous aide à répartir le budget/l'objectif sur plusieurs mois si votre entreprise présente une saisonnalité.,erpnext/accounts/doctype/monthly_distribution/monthly_distribution.json
erpnext,P3,missing,Here are the error logs for the aforementioned failed depreciation entries: {0},Voici les journaux d'erreurs pour les écritures d'amortissement ayant échoué susmentionnées : {0},erpnext/assets/doctype/asset/depreciation.py:347
erpnext,P3,missing,Hidden Line (Internal Use Only),Ligne cachée (usage interne uniquement),erpnext/accounts/doctype/financial_report_row/financial_report_row.json
erpnext,P3,missing,Hide If Zero,Masquer si zéro,erpnext/accounts/doctype/financial_report_row/financial_report_row.json
erpnext,P3,missing,Hide this line if amount is zero,Masquer cette ligne si le montant est nul,erpnext/accounts/doctype/financial_report_row/financial_report_row.json
erpnext,P3,missing,Hide timesheets,Masquer les feuilles de temps,erpnext/projects/doctype/project_user/project_user.json
erpnext,P3,missing,Holt-Winters,Holt-Hivers,erpnext/manufacturing/doctype/sales_forecast/sales_forecast.json
erpnext,P3,missing,Hour Rate,Tarif horaire,erpnext/manufacturing/doctype/bom_operation/bom_operation.json erpnext/manufacturing/doctype/job_card/job_card.json erpnext/manufacturing/doctype/work_order_operation/work_order_operation.json
erpnext,P3,missing,Hours Spent,Heures passées,erpnext/templates/pages/projects.html:26
erpnext,P3,missing,How Pricing Rule is applied?,Comment la règle de tarification est-elle appliquée ?,erpnext/accounts/doctype/pricing_rule/pricing_rule.js:44
erpnext,P3,missing,How this line gets its data,Comment cette ligne obtient ses données,erpnext/accounts/doctype/financial_report_row/financial_report_row.json
erpnext,P3,missing,How to format and present values in the financial report (only if different from column fieldtype),Comment formater et présenter les valeurs dans le rapport financier (uniquement si elles sont différentes du type de champ de colonne),erpnext/accounts/doctype/financial_report_row/financial_report_row.json
erpnext,P3,missing,Hrs,Heures,erpnext/projects/doctype/timesheet_detail/timesheet_detail.json
erpnext,P3,missing,IRS 1099,IRS1099,erpnext/regional/report/irs_1099/irs_1099.json
erpnext,P3,missing,Idle,Inactif,erpnext/manufacturing/doctype/workstation/workstation.json
erpnext,P3,missing,"If Auto Opt In is checked, then the customers will be automatically linked with the concerned Loyalty Program (on save)","Si Auto Opt In est coché, alors les clients seront automatiquement liés au programme de fidélité concerné (lors de la sauvegarde)",erpnext/accounts/doctype/loyalty_program/loyalty_program.js:14
erpnext,P3,missing,"If an operation is divided into sub operations, they can be added here.","Si une opération est divisée en sous-opérations, celles-ci peuvent être ajoutées ici.",erpnext/manufacturing/doctype/operation/operation.js:32
erpnext,P3,missing,"If checked, we will create demo data for you to explore the system. This demo data can be erased later.","Si cette case est cochée, nous créerons des données de démonstration pour que vous puissiez explorer le système. Ces données de démonstration peuvent être effacées ultérieurement.",erpnext/public/js/setup_wizard.js:56
erpnext,P3,missing,"If enabled, formula for <b>Qty to Order</b>: <br>
Required Qty (BOM) - <a href=""https://docs.frappe.io/erpnext/user/manual/en/projected-quantity"">Projected Qty</a>. <br> This helps avoid over-ordering.","Si activé, formule pour <b>Qté à commander</b> : <br>
Quantité requise (BOM) - <a href=""https://docs.frappe.io/erpnext/user/manual/en/projected-quantity"">Qté projetée</a>. <br> Cela permet d'éviter les commandes excessives.",erpnext/manufacturing/doctype/production_plan/production_plan.json
erpnext,P3,missing,"If enabled, formula for <b>Required Qty</b>: <br>
Required Qty (BOM) - <a href=""https://docs.frappe.io/erpnext/user/manual/en/projected-quantity"">Projected Qty</a>. <br> This helps avoid over-ordering.","Si activé, formule pour <b>Quantité requise</b> : <br>
Quantité requise (BOM) - <a href=""https://docs.frappe.io/erpnext/user/manual/en/projected-quantity"">Qté projetée</a>. <br> Cela permet d'éviter les commandes excessives.",erpnext/manufacturing/doctype/production_plan/production_plan.json
erpnext,P3,missing,"If enabled, the system will allow users to edit the raw materials and their quantities in the Work Order. The system will not reset the quantities as per the BOM, if the user has changed them.","S'il est activé, le système permettra aux utilisateurs de modifier les matières premières et leurs quantités dans le bon de travail. Le système ne réinitialisera pas les quantités selon la nomenclature si l'utilisateur les a modifiées.",erpnext/manufacturing/doctype/manufacturing_settings/manufacturing_settings.json
erpnext,P3,missing,"If enabled, then system will only validate the pricing rule and not apply automatically. User has to manually set the discount percentage / margin / free items to validate the pricing rule","Si cette option est activée, le système validera uniquement la règle de tarification et ne s'appliquera pas automatiquement. L'utilisateur doit définir manuellement le pourcentage de remise/la marge/les articles gratuits pour valider la règle de tarification",erpnext/accounts/doctype/pricing_rule/pricing_rule.json
erpnext,P3,missing,"If enabled, this row's values will be displayed on financial charts","Si cette option est activée, les valeurs de cette ligne seront affichées sur les graphiques financiers",erpnext/accounts/doctype/financial_report_row/financial_report_row.json
erpnext,P3,missing,"If enabled, user will be alerted before resetting posting date to current date in relevant transactions","Si activé, l'utilisateur sera alerté avant de réinitialiser la date de publication à la date actuelle dans les transactions pertinentes",erpnext/accounts/doctype/accounts_settings/accounts_settings.json
erpnext,P3,missing,"If items in stock, proceed with Material Transfer or Purchase.","Si les articles sont en stock, procédez au transfert de matériel ou à l'achat.",erpnext/manufacturing/doctype/production_plan/production_plan.json
erpnext,P3,missing,"If multiple Pricing Rules continue to prevail, users are asked to set Priority manually to resolve conflict.","Si plusieurs règles de tarification continuent de prévaloir, les utilisateurs sont invités à définir manuellement la priorité pour résoudre les conflits.",erpnext/accounts/doctype/pricing_rule/pricing_rule.js:50
erpnext,P3,missing,"If no taxes are set, and Taxes and Charges Template is selected, the system will automatically apply the taxes from the chosen template.","Si aucune taxe n'est définie et que le modèle de taxes et de frais est sélectionné, le système appliquera automatiquement les taxes du modèle choisi.",erpnext/accounts/doctype/accounts_settings/accounts_settings.json
erpnext,P3,missing,"If rate is zero then item will be treated as ""Free Item""","Si le taux est nul, l'article sera traité comme un « article gratuit ».",erpnext/accounts/doctype/pricing_rule/pricing_rule.json
erpnext,P3,missing,"If selected Pricing Rule is made for 'Rate', it will overwrite Price List. Pricing Rule rate is the final rate, so no further discount should be applied. Hence, in transactions like Sales Order, Purchase Order etc, it will be fetched in 'Rate' field, rather than 'Price List Rate' field.","Si la règle de tarification sélectionnée est définie pour « Tarif », elle écrasera la liste de prix. Le taux de la règle de tarification est le taux final, aucune réduction supplémentaire ne doit donc être appliquée. Par conséquent, dans les transactions telles que les commandes clients, les bons de commande, etc., ils seront récupérés dans le champ « Taux », plutôt que dans le champ « Taux de liste de prix ».",erpnext/accounts/doctype/pricing_rule/pricing_rule.js:40
erpnext,P3,missing,"If the BOM results in Scrap material, the Scrap Warehouse needs to be selected.","Si la nomenclature génère du matériel de rebut, l'entrepôt de rebut doit être sélectionné.",erpnext/manufacturing/doctype/work_order/work_order.js:1166
erpnext,P3,missing,"If the selected BOM has Operations mentioned in it, the system will fetch all Operations from BOM, these values can be changed.","Si la nomenclature sélectionnée contient des opérations mentionnées, le système récupérera toutes les opérations de la nomenclature, ces valeurs peuvent être modifiées.",erpnext/manufacturing/doctype/work_order/work_order.js:1185
erpnext,P3,missing,"If there is no title column, use the code column for the title.","S'il n'y a pas de colonne de titre, utilisez la colonne de code pour le titre.",erpnext/edi/doctype/code_list/code_list_import.js:23
erpnext,P3,missing,"If two or more Pricing Rules are found based on the above conditions, Priority is applied. Priority is a number between 0 to 20 while default value is zero (blank). Higher number means it will take precedence if there are multiple Pricing Rules with same conditions.","Si deux règles de tarification ou plus sont trouvées sur la base des conditions ci-dessus, la priorité est appliquée. La priorité est un nombre compris entre 0 et 20 tandis que la valeur par défaut est zéro (vide). Un nombre plus élevé signifie qu'il sera prioritaire s'il existe plusieurs règles de tarification avec les mêmes conditions.",erpnext/accounts/doctype/pricing_rule/pricing_rule.js:46
erpnext,P3,missing,"If unlimited expiry for the Loyalty Points, keep the Expiry Duration empty or 0.","En cas d'expiration illimitée des Points de Fidélité, laissez la Durée d'Expiration vide ou 0.",erpnext/accounts/doctype/loyalty_program/loyalty_program.js:14
erpnext,P3,missing,"If you need to reconcile particular transactions against each other, then please select accordingly. If not, all the transactions will be allocated in FIFO order.","Si vous devez rapprocher des transactions particulières les unes des autres, veuillez sélectionner en conséquence. Dans le cas contraire, toutes les transactions seront allouées dans l'ordre FIFO.",erpnext/accounts/doctype/payment_reconciliation/payment_reconciliation.json
erpnext,P3,missing,"If you still want to proceed, please disable 'Skip Available Sub Assembly Items' checkbox.","Si vous souhaitez quand même continuer, veuillez décocher la case « Ignorer les éléments de sous-assemblage disponibles ».",erpnext/manufacturing/doctype/production_plan/production_plan.py:1071
erpnext,P3,missing,"If you still want to proceed, please enable {0}.","Si vous souhaitez quand même continuer, veuillez activer {0}.",erpnext/manufacturing/doctype/production_plan/production_plan.py:1807
erpnext,P3,missing,Ignore Account Closing Balance,Ignorer le solde de clôture du compte,erpnext/accounts/doctype/accounts_settings/accounts_settings.json
erpnext,P3,missing,Ignore Exchange Rate Revaluation and Gain / Loss Journals,Ignorer les journaux de réévaluation du taux de change et de gain/perte,erpnext/accounts/doctype/process_statement_of_accounts/process_statement_of_accounts.json erpnext/accounts/report/general_ledger/general_ledger.js:217
erpnext,P3,missing,Ignore Is Opening check for reporting,Ignorer est l'ouverture du contrôle pour le reporting,erpnext/accounts/doctype/accounts_settings/accounts_settings.json
erpnext,P3,missing,Ignore System Generated Credit / Debit Notes,Ignorer les notes de crédit/débit générées par le système,erpnext/accounts/doctype/process_statement_of_accounts/process_statement_of_accounts.json erpnext/accounts/report/customer_ledger_summary/customer_ledger_summary.js:120 erpnext/accounts/report/general_ledger/general_ledger.js:222
erpnext,P3,missing,Ignore Voucher Type filter and Select Vouchers Manually,Ignorer le filtre Type de bon et sélectionner les bons manuellement,erpnext/accounts/doctype/repost_payment_ledger/repost_payment_ledger.json
erpnext,P3,missing,Ignores legacy Is Opening field in GL Entry that allows adding opening balance post the system is in use while generating reports,Ignore le champ d'ouverture existant dans GL Entry qui permet d'ajouter le solde d'ouverture après que le système est utilisé lors de la génération de rapports.,erpnext/accounts/doctype/accounts_settings/accounts_settings.json
erpnext,P3,missing,Impairment,Dépréciation,erpnext/accounts/doctype/account/chart_of_accounts/verified/standard_chart_of_accounts.py:135 erpnext/accounts/doctype/account/chart_of_accounts/verified/standard_chart_of_accounts_with_account_number.py:229
erpnext,P3,missing,Import Chart of Accounts from a csv file,Importer un plan comptable à partir d'un fichier CSV,erpnext/accounts/doctype/chart_of_accounts_importer/chart_of_accounts_importer.json
erpnext,P3,missing,Import Genericode File,Importer un fichier Genericode,erpnext/edi/doctype/code_list/code_list.js:7 erpnext/edi/doctype/code_list/code_list_list.js:3 erpnext/edi/doctype/common_code/common_code_list.js:3
erpnext,P3,missing,Import MT940 Fromat,Importer MT940 depuis le pays,erpnext/accounts/doctype/bank_statement_import/bank_statement_import.json
erpnext,P3,missing,Import completed. {0} common codes created.,Importation terminée. {0} codes communs créés.,erpnext/edi/doctype/code_list/code_list_import.js:130
erpnext,P3,missing,Importing Common Codes,Importation de codes communs,erpnext/edi/doctype/common_code/common_code.py:109
erpnext,P3,missing,In House,Dans la maison,erpnext/manufacturing/doctype/production_plan_sub_assembly_item/production_plan_sub_assembly_item.json
erpnext,P3,missing,In Party Currency,Dans la devise du parti,erpnext/accounts/report/accounts_payable/accounts_payable.js:135 erpnext/accounts/report/accounts_receivable/accounts_receivable.js:167
erpnext,P3,missing,In Stock,En stock,erpnext/templates/form_grid/stock_entry_grid.html:26
erpnext,P3,missing,In mins,En minutes,erpnext/manufacturing/doctype/job_card_operation/job_card_operation.json
erpnext,P3,missing,"In row {0} of Appointment Booking Slots: ""To Time"" must be later than ""From Time"".","Dans la ligne {0} des créneaux de réservation de rendez-vous : ""À l'heure"" doit être postérieur à ""À partir de l'heure"".",erpnext/crm/doctype/appointment_booking_settings/appointment_booking_settings.js:8
erpnext,P3,missing,"In the case of multi-tier program, Customers will be auto assigned to the concerned tier as per their spent","Dans le cas d'un programme à plusieurs niveaux, les clients seront automatiquement attribués au niveau concerné en fonction de leurs dépenses.",erpnext/accounts/doctype/loyalty_program/loyalty_program.js:12
erpnext,P3,missing,Inactive Status,Statut inactif,erpnext/manufacturing/doctype/workstation/workstation.json
erpnext,P3,missing,Include Account Currency,Inclure la devise du compte,erpnext/accounts/report/payment_ledger/payment_ledger.js:77
erpnext,P3,missing,Include Default FB Assets,Inclure les actifs FB par défaut,erpnext/accounts/report/asset_depreciation_ledger/asset_depreciation_ledger.js:54 erpnext/assets/report/fixed_asset_register/fixed_asset_register.js:54
erpnext,P3,missing,Include Payment,Inclure le paiement,erpnext/accounts/doctype/pos_invoice/pos_invoice.py:204
erpnext,P3,missing,Include Returned Invoices (Stand-alone),Inclure les factures retournées (autonome),erpnext/accounts/report/gross_profit/gross_profit.js:90
erpnext,P3,missing,Include Safety Stock in Required Qty Calculation,Inclure le stock de sécurité dans le calcul de la quantité requise,erpnext/manufacturing/doctype/production_plan/production_plan.json
erpnext,P3,missing,Include Timesheets in Draft Status,Inclure les feuilles de temps au statut de brouillon,erpnext/projects/report/timesheet_billing_summary/timesheet_billing_summary.js:52
erpnext,P3,missing,Include in Charts,Inclure dans les graphiques,erpnext/accounts/doctype/financial_report_row/financial_report_row.json
erpnext,P3,missing,Included Fee,Frais inclus,erpnext/accounts/doctype/bank_transaction/bank_transaction.json
erpnext,P3,missing,Included fee is bigger than the withdrawal itself.,Les frais inclus sont plus élevés que le retrait lui-même.,erpnext/accounts/doctype/bank_transaction/bank_transaction.py:322
erpnext,P3,missing,Incoming Call Handling Schedule,Calendrier de traitement des appels entrants,erpnext/telephony/doctype/incoming_call_handling_schedule/incoming_call_handling_schedule.json
erpnext,P3,missing,Incoming Call Settings,Paramètres d'appel entrant,erpnext/telephony/doctype/incoming_call_settings/incoming_call_settings.json
erpnext,P3,missing,Incorrect Batch Consumed,Lot consommé incorrectement,erpnext/controllers/subcontracting_controller.py:1044
erpnext,P3,missing,Incorrect Serial Number Consumed,Numéro de série incorrect consommé,erpnext/controllers/subcontracting_controller.py:1057
erpnext,P3,missing,Increase In Asset Life (Months),Augmentation de la durée de vie des actifs (mois),erpnext/assets/doctype/asset_finance_book/asset_finance_book.json
erpnext,P3,missing,Increase In Asset Life(Months),Augmentation de la durée de vie des actifs (mois),erpnext/assets/doctype/asset_repair/asset_repair.json
erpnext,P3,missing,Indent Level,Niveau de retrait,erpnext/accounts/doctype/financial_report_row/financial_report_row.json
erpnext,P3,missing,"Indentation level: 0 = Main heading, 1 = Sub-category, 2 = Individual accounts, etc.","Niveau d'indentation : 0 = Rubrique principale, 1 = Sous-catégorie, 2 = Comptes individuels, etc.",erpnext/accounts/doctype/financial_report_row/financial_report_row.json
erpnext,P3,missing,Indirect Expense,Dépense indirecte,erpnext/accounts/doctype/account/account.json
erpnext,P3,missing,Individual GL Entry cannot be cancelled.,L'entrée GL individuelle ne peut pas être annulée.,erpnext/accounts/doctype/gl_entry/gl_entry.py:327
erpnext,P3,missing,Inspection Rejected,Inspection rejetée,erpnext/controllers/stock_controller.py:1440
erpnext,P3,missing,Inspection Submission,Présentation d'inspection,erpnext/controllers/stock_controller.py:1425
erpnext,P3,missing,Instruction,Instruction,erpnext/manufacturing/doctype/bom_creator_item/bom_creator_item.json
erpnext,P3,missing,Insufficient Stock for Product Bundle Items,Stock insuffisant pour les articles du lot de produits,erpnext/accounts/doctype/pos_invoice/pos_invoice.py:440
erpnext,P3,missing,Insurance,Assurance,erpnext/assets/doctype/asset/asset.json
erpnext,P3,missing,Interest,Intérêt,erpnext/accounts/doctype/overdue_payment/overdue_payment.json
erpnext,P3,missing,Interest Expense,Frais d'intérêts,erpnext/accounts/doctype/account/chart_of_accounts/verified/standard_chart_of_accounts.py:132 erpnext/accounts/doctype/account/chart_of_accounts/verified/standard_chart_of_accounts_with_account_number.py:218
erpnext,P3,missing,Interest Income,Revenu d'intérêts,erpnext/accounts/doctype/account/chart_of_accounts/verified/standard_chart_of_accounts.py:146 erpnext/accounts/doctype/account/chart_of_accounts/verified/standard_chart_of_accounts_with_account_number.py:243
erpnext,P3,missing,Interest on Fixed Deposits,Intérêts sur les dépôts à terme,erpnext/accounts/doctype/account/chart_of_accounts/verified/standard_chart_of_accounts.py:147 erpnext/accounts/doctype/account/chart_of_accounts/verified/standard_chart_of_accounts_with_account_number.py:244
erpnext,P3,missing,Internal Sale or Delivery Reference missing.,Référence interne de vente ou de livraison manquante.,erpnext/controllers/accounts_controller.py:803
erpnext,P3,missing,Internal Sales Reference Missing,Référence de vente interne manquante,erpnext/controllers/accounts_controller.py:805
erpnext,P3,missing,Internal Transfer Reference Missing,Référence de transfert interne manquante,erpnext/controllers/accounts_controller.py:814
erpnext,P3,missing,Internal transfers can only be done in company's default currency,Les virements internes ne peuvent être effectués que dans la devise par défaut de l'entreprise,erpnext/controllers/stock_controller.py:1507
erpnext,P3,missing,Interval should be between 1 to 59 MInutes,L'intervalle doit être compris entre 1 et 59 minutes,erpnext/accounts/doctype/accounts_settings/accounts_settings.json
erpnext,P3,missing,Invalid Amount,Montant invalide,erpnext/accounts/doctype/payment_request/payment_request.py:121
erpnext,P3,missing,Invalid Auto Repeat Date,Date de répétition automatique non valide,erpnext/controllers/accounts_controller.py:625
erpnext,P3,missing,Invalid Cost Center,Centre de coûts invalide,erpnext/assets/doctype/asset/asset.py:356 erpnext/assets/doctype/asset/asset.py:363 erpnext/controllers/accounts_controller.py:3224
erpnext,P3,missing,Invalid Discount Amount,Montant de la remise invalide,erpnext/controllers/taxes_and_totals.py:812
erpnext,P3,missing,Invalid Document Type,Type de document invalide,erpnext/support/doctype/service_level_agreement/service_level_agreement.py:200
erpnext,P3,missing,Invalid Ledger Entries,Écritures comptables invalides,erpnext/accounts/report/invalid_ledger_entries/invalid_ledger_entries.json
erpnext,P3,missing,Invalid Net Purchase Amount,Montant d'achat net invalide,erpnext/assets/doctype/asset/asset.py:557
erpnext,P3,missing,Invalid Primary Role,Rôle principal invalide,erpnext/accounts/doctype/party_link/party_link.py:30
erpnext,P3,missing,Invalid Print Format,Format d'impression invalide,erpnext/accounts/doctype/process_statement_of_accounts/process_statement_of_accounts.py:121 erpnext/accounts/doctype/process_statement_of_accounts/process_statement_of_accounts.py:123 erpnext/accounts/doctype/process_statement_of_accounts/process_statement_of_accounts.py:126
erpnext,P3,missing,Invalid Process Loss Configuration,Configuration de perte de processus invalide,erpnext/manufacturing/doctype/bom/bom.py:1169
erpnext,P3,missing,Invalid Qty,Quantité invalide,erpnext/controllers/accounts_controller.py:3878
erpnext,P3,missing,Invalid Sales Invoices,Factures de vente invalides,erpnext/accounts/doctype/pos_closing_entry/pos_closing_entry.py:207
erpnext,P3,missing,Invalid Schedule,Horaire invalide,erpnext/assets/doctype/asset/asset.py:643 erpnext/assets/doctype/asset/asset.py:662
erpnext,P3,missing,Invalid amount in accounting entries of {} {} for Account {}: {},Montant invalide dans les écritures comptables de {} {} pour le compte {} : {},erpnext/accounts/doctype/bank_transaction/bank_transaction.py:393
erpnext,P3,missing,Invalid filter formula. Please check the syntax.,Formule de filtre invalide. Veuillez vérifier la syntaxe.,erpnext/accounts/doctype/financial_report_template/financial_report_template.js:93
erpnext,P3,missing,Invalid parameter. 'dn' should be of type str,Paramètre invalide. 'dn' doit être de type str,erpnext/accounts/doctype/payment_request/payment_request.py:544
erpnext,P3,missing,Invalid result key. Response:,Clé de résultat invalide. Réponse:,erpnext/accounts/doctype/currency_exchange_settings/currency_exchange_settings.py:99
erpnext,P3,missing,Invalid value {0} for {1} against account {2},Valeur non valide {0} pour {1} sur le compte {2},erpnext/accounts/doctype/payment_ledger_entry/payment_ledger_entry.py:108 erpnext/accounts/doctype/payment_ledger_entry/payment_ledger_entry.py:118 erpnext/accounts/general_ledger.py:846 erpnext/accounts/general_ledger.py:856
erpnext,P3,missing,Inventory Turnover Ratio,Taux de rotation des stocks,erpnext/accounts/report/financial_ratios/financial_ratios.py:214
erpnext,P3,missing,Invoice Document Type Selection Error,Erreur de sélection du type de document de facture,erpnext/accounts/doctype/pos_settings/pos_settings.py:55
erpnext,P3,missing,Invoice ID,Numéro de facture,erpnext/accounts/print_format/sales_invoice_print/sales_invoice_print.html:64
erpnext,P3,missing,Invoice Limit,Limite de facture,erpnext/accounts/doctype/payment_reconciliation/payment_reconciliation.json
erpnext,P3,missing,Invoice Paid,Facture payée,erpnext/accounts/doctype/pos_invoice/pos_invoice.py:865
erpnext,P3,missing,Invoice Portion (%),Portion de la facture (%),erpnext/accounts/doctype/payment_term/payment_term.json erpnext/accounts/doctype/payment_terms_template_detail/payment_terms_template_detail.json
erpnext,P3,missing,Invoice Type Created via POS Screen,Type de facture créé via l'écran POS,erpnext/accounts/doctype/pos_settings/pos_settings.json
erpnext,P3,missing,Invoiced Qty,Quantité facturée,erpnext/accounts/report/billed_items_to_be_received/billed_items_to_be_received.py:76
erpnext,P3,missing,Invoices and Payments have been Fetched and Allocated,Les factures et les paiements ont été récupérés et alloués,erpnext/accounts/doctype/process_payment_reconciliation_log/process_payment_reconciliation_log.json
erpnext,P3,missing,Invoicing,Facturation,erpnext/accounts/workspace/payables/payables.json erpnext/accounts/workspace/receivables/receivables.json
erpnext,P3,missing,Is Additional Item,Est un article supplémentaire,erpnext/manufacturing/doctype/work_order_item/work_order_item.json erpnext/subcontracting/doctype/subcontracting_inward_order_received_item/subcontracting_inward_order_received_item.json
erpnext,P3,missing,Is Billing Contact,Est-ce le contact de facturation,erpnext/erpnext_integrations/custom/contact.json
erpnext,P3,missing,Is Composite Asset,Est un actif composite,erpnext/assets/doctype/asset/asset.json
erpnext,P3,missing,Is Composite Component,Est un composant composite,erpnext/assets/doctype/asset/asset.json
erpnext,P3,missing,Is Corrective Job Card,La carte de travail est-elle corrective,erpnext/manufacturing/doctype/job_card/job_card.json
erpnext,P3,missing,Is Corrective Operation,Est-ce qu'une opération corrective,erpnext/manufacturing/doctype/operation/operation.json
erpnext,P3,missing,Is Expandable,Est extensible,erpnext/manufacturing/doctype/bom_creator_item/bom_creator_item.json
erpnext,P3,missing,Is Final Finished Good,La finale est-elle bien finie,erpnext/manufacturing/doctype/bom_operation/bom_operation.json
erpnext,P3,missing,Is Fully Depreciated,Est entièrement amorti,erpnext/assets/doctype/asset/asset.json
erpnext,P3,missing,Is Paused,Est en pause,erpnext/manufacturing/doctype/job_card/job_card.json
erpnext,P3,missing,Is Period Closing Voucher Entry,Est-ce que l'entrée du bon de clôture de la période,erpnext/accounts/doctype/account_closing_balance/account_closing_balance.json
erpnext,P3,missing,Is Phantom BOM,Est-ce que la nomenclature fantôme,erpnext/manufacturing/doctype/bom/bom.json
erpnext,P3,missing,Is Phantom Item,Est un objet fantôme,erpnext/manufacturing/doctype/bom_creator_item/bom_creator_item.json erpnext/manufacturing/doctype/bom_item/bom_item.json erpnext/manufacturing/report/bom_explorer/bom_explorer.py:68
erpnext,P3,missing,Is Short/Long Year,L'année est courte/longue,erpnext/accounts/doctype/fiscal_year/fiscal_year.json
erpnext,P3,missing,Is Sub Assembly Item,Est un élément de sous-assemblage,erpnext/manufacturing/doctype/bom_explosion_item/bom_explosion_item.json erpnext/manufacturing/doctype/bom_item/bom_item.json
erpnext,P3,missing,Is Tax Withholding Account,Est-ce qu'un compte de retenue d'impôt,erpnext/accounts/doctype/journal_entry_account/journal_entry_account.json erpnext/accounts/doctype/purchase_taxes_and_charges/purchase_taxes_and_charges.json
erpnext,P3,missing,Is Template,Est un modèle,erpnext/projects/doctype/task/task.json
erpnext,P3,missing,Is Your Company Address,L'adresse de votre entreprise est-elle,erpnext/accounts/custom/address.json
erpnext,P3,missing,Issue Analytics,Analyse des problèmes,erpnext/support/report/issue_analytics/issue_analytics.json
erpnext,P3,missing,Issue Summary,Résumé du problème,erpnext/support/report/issue_summary/issue_summary.json
erpnext,P3,missing,Italic Text,Texte en italique,erpnext/accounts/doctype/financial_report_row/financial_report_row.json
erpnext,P3,missing,Italic text for subtotals or notes,Texte en italique pour les sous-totaux ou les notes,erpnext/accounts/doctype/financial_report_row/financial_report_row.json
erpnext,P3,missing,Item Code (Final Product),Code article (produit final),erpnext/manufacturing/doctype/bom_creator/bom_creator.js:61
erpnext,P3,missing,Item Code > Item Group > Brand,Code article > Groupe d'articles > Marque,erpnext/accounts/doctype/pricing_rule/pricing_rule.js:50
erpnext,P3,missing,Item Out of Stock,Article en rupture de stock,erpnext/accounts/doctype/pos_invoice/pos_invoice.py:451
erpnext,P3,missing,Item Reference,Référence de l'article,erpnext/maintenance/doctype/maintenance_schedule_detail/maintenance_schedule_detail.json erpnext/manufacturing/doctype/production_plan_item/production_plan_item.json erpnext/manufacturing/doctype/production_plan_item_reference/production_plan_item_reference.json
erpnext,P3,missing,Item Row,Ligne d'article,erpnext/accounts/doctype/item_wise_tax_detail/item_wise_tax_detail.json
erpnext,P3,missing,Item Tax Row {0}: Account must belong to Company - {1},Ligne de taxe sur l'article {0} : le compte doit appartenir à la société - {1},erpnext/accounts/doctype/item_tax_template/item_tax_template.py:48
erpnext,P3,missing,Item Wise Tax Details do not match with Taxes and Charges at the following rows:,Les détails fiscaux de l'article ne correspondent pas aux taxes et frais dans les lignes suivantes :,erpnext/controllers/taxes_and_totals.py:542
erpnext,P3,missing,Item is mandatory in Raw Materials table.,L'article est obligatoire dans le tableau des matières premières.,erpnext/public/js/bom_configurator/bom_configurator.bundle.js:436
erpnext,P3,missing,Item qty can not be updated as raw materials are already processed.,La quantité d'article ne peut pas être mise à jour car les matières premières sont déjà traitées.,erpnext/controllers/accounts_controller.py:3916
erpnext,P3,missing,Item to Manufacture,Article à fabriquer,erpnext/manufacturing/doctype/job_card/job_card.json
erpnext,P3,missing,Item {0} cannot be added as a sub-assembly of itself,L'article {0} ne peut pas être ajouté en tant que sous-ensemble lui-même,erpnext/manufacturing/doctype/bom_creator/bom_creator.py:85
erpnext,P3,missing,Item {0} cannot be ordered more than {1} against Blanket Order {2}.,L'article {0} ne peut pas être commandé plus de {1} par rapport à la commande globale {2}.,erpnext/manufacturing/doctype/blanket_order/blanket_order.py:197
erpnext,P3,missing,Item {0} entered multiple times.,L'élément {0} a été saisi plusieurs fois.,erpnext/controllers/selling_controller.py:835
erpnext,P3,missing,Item {0} is not a subcontracted item,L'article {0} n'est pas un article sous-traité,erpnext/manufacturing/doctype/production_plan/production_plan.py:933
erpnext,P3,missing,Items cannot be updated as Subcontracting Inward Order(s) exist against this Subcontracted Sales Order.,Les articles ne peuvent pas être mis à jour car des commandes entrantes de sous-traitance existent par rapport à cette commande client sous-traitée.,erpnext/controllers/accounts_controller.py:4169
erpnext,P3,missing,Items cannot be updated as Subcontracting Order is created against the Purchase Order {0}.,Les articles ne peuvent pas être mis à jour car la commande de sous-traitance est créée par rapport au bon de commande {0}.,erpnext/controllers/accounts_controller.py:4162
erpnext,P3,missing,Items {0} do not exist in the Item master.,Les articles {0} n'existent pas dans le fichier Articles.,erpnext/controllers/stock_controller.py:125
erpnext,P3,missing,Job Capacity,Capacité de travail,erpnext/manufacturing/doctype/workstation/workstation.json
erpnext,P3,missing,Job Card Operation,Opération de carte de travail,erpnext/manufacturing/doctype/job_card_operation/job_card_operation.json
erpnext,P3,missing,Job Card Scheduled Time,Heure prévue de la carte de travail,erpnext/manufacturing/doctype/job_card_scheduled_time/job_card_scheduled_time.json
erpnext,P3,missing,Job Card Scrap Item,Article mis au rebut de la carte de travail,erpnext/manufacturing/doctype/job_card_scrap_item/job_card_scrap_item.json
erpnext,P3,missing,Job Card and Capacity Planning,Fiche de travail et planification des capacités,erpnext/manufacturing/doctype/manufacturing_settings/manufacturing_settings.json
erpnext,P3,missing,Job Card {0} has been completed,La fiche de travail {0} a été complétée,erpnext/manufacturing/doctype/job_card/job_card.py:1335
erpnext,P3,missing,Job Cards,Cartes de travail,erpnext/manufacturing/doctype/workstation/workstation.json
erpnext,P3,missing,Job Paused,Tâche suspendue,erpnext/accounts/doctype/process_payment_reconciliation/process_payment_reconciliation.js:106
erpnext,P3,missing,Job Worker,Travailleur,erpnext/subcontracting/doctype/subcontracting_order/subcontracting_order.json erpnext/subcontracting/doctype/subcontracting_receipt/subcontracting_receipt.json
erpnext,P3,missing,Job Worker Address,Adresse du travailleur,erpnext/subcontracting/doctype/subcontracting_order/subcontracting_order.json
erpnext,P3,missing,Job Worker Address Details,Détails de l'adresse du travailleur,erpnext/subcontracting/doctype/subcontracting_order/subcontracting_order.json
erpnext,P3,missing,Job Worker Contact,Contact pour les travailleurs,erpnext/subcontracting/doctype/subcontracting_order/subcontracting_order.json
erpnext,P3,missing,Job Worker Currency,Devise du travailleur,erpnext/subcontracting/doctype/subcontracting_order/subcontracting_order.json
erpnext,P3,missing,Job Worker Delivery Note,Bon de livraison du travailleur,erpnext/subcontracting/doctype/subcontracting_receipt/subcontracting_receipt.json
erpnext,P3,missing,Job Worker Name,Nom du travailleur,erpnext/subcontracting/doctype/subcontracting_order/subcontracting_order.json erpnext/subcontracting/doctype/subcontracting_receipt/subcontracting_receipt.json
erpnext,P3,missing,Job Worker Warehouse,Travailleur Entrepôt,erpnext/subcontracting/doctype/subcontracting_order/subcontracting_order.json erpnext/subcontracting/doctype/subcontracting_receipt/subcontracting_receipt.json
erpnext,P3,missing,Job: {0} has been triggered for processing failed transactions,Tâche : {0} a été déclenchée pour le traitement des transactions ayant échoué,erpnext/utilities/bulk_transaction.py:74
erpnext,P3,missing,Journal Entries,Entrées de journal,erpnext/accounts/doctype/exchange_rate_revaluation/exchange_rate_revaluation.js:30
erpnext,P3,missing,Journal Entry for Asset scrapping cannot be cancelled. Please restore the Asset.,L'écriture de journal pour la mise au rebut des actifs ne peut pas être annulée. Veuillez restaurer l'actif.,erpnext/accounts/doctype/journal_entry/journal_entry.py:540
erpnext,P3,missing,Journal Entry type should be set as Depreciation Entry for asset depreciation,Le type d'écriture de journal doit être défini sur Écriture d'amortissement pour l'amortissement des actifs.,erpnext/accounts/doctype/journal_entry/journal_entry.py:333
erpnext,P3,missing,Journal entries have been created,Des entrées de journal ont été créées,erpnext/accounts/doctype/exchange_rate_revaluation/exchange_rate_revaluation.js:97
erpnext,P3,missing,"Keep Track of Sales Campaigns. Keep track of Leads, Quotations, Sales Order etc from Campaigns to gauge Return on Investment. ","Gardez une trace des campagnes de vente. Gardez une trace des prospects, des devis, des commandes clients, etc. des campagnes pour évaluer le retour sur investissement.",erpnext/crm/doctype/campaign/campaign.json
erpnext,P3,missing,Kindly cancel the Manufacturing Entries first against the work order {0}.,Veuillez d'abord annuler les entrées de fabrication par rapport au bon de travail {0}.,erpnext/manufacturing/doctype/job_card/job_card.py:879
erpnext,P3,missing,Last GL Entry update was done {}. This operation is not allowed while system is actively being used. Please wait for 5 minutes before retrying.,La dernière mise à jour de l'entrée GL a été effectuée {}. Cette opération n'est pas autorisée lorsque le système est activement utilisé. Veuillez attendre 5 minutes avant de réessayer.,erpnext/accounts/doctype/account/account.py:658
erpnext,P3,missing,Lead -> Prospect,Lead -> Prospect,erpnext/crm/doctype/lead/lead.py:549
erpnext,P3,missing,Lead Conversion Time,Temps de conversion des leads,erpnext/crm/report/lead_conversion_time/lead_conversion_time.json
erpnext,P3,missing,Lead Owner cannot be same as the Lead Email Address,Le propriétaire du prospect ne peut pas être le même que l'adresse e-mail du prospect,erpnext/crm/doctype/lead/lead.py:176
erpnext,P3,missing,Lead {0} has been added to prospect {1}.,Le prospect {0} a été ajouté au prospect {1}.,erpnext/crm/doctype/lead/lead.py:548
erpnext,P3,missing,Leads,Conduit,erpnext/crm/doctype/prospect/prospect.json
erpnext,P3,missing,Learn Manufacturing,Apprendre la fabrication,erpnext/manufacturing/workspace/manufacturing/manufacturing.json
erpnext,P3,missing,Learn Project Management,Apprendre la gestion de projet,erpnext/projects/workspace/projects/projects.json
erpnext,P3,missing,"Learn about <a href=""https://docs.erpnext.com/docs/v13/user/manual/en/accounts/articles/common_party_accounting#:~:text=Common%20Party%20Accounting%20in%20ERPNext,Invoice%20against%20a%20primary%20Supplier."">Common Party</a>","En savoir plus sur <a href=""https://docs.erpnext.com/docs/v13/user/manual/en/accounts/articles/common_party_accounting#:~:text=Common%20Party%20Accounting%20in%20ERPNext,Invoice%20against%20a%20primary%20Supplier."">Parti commun</a>",erpnext/accounts/doctype/accounts_settings/accounts_settings.json
erpnext,P3,missing,"Leave blank for home.
This is relative to site URL, for example ""about"" will redirect to ""https://yoursitename.com/about""","Laissez vide pour la maison.
Ceci est relatif à l'URL du site, par exemple ""about"" redirigera vers ""https://yoursitename.com/about"".",erpnext/crm/doctype/appointment_booking_settings/appointment_booking_settings.json
erpnext,P3,missing,Ledger Health,Santé du grand livre,erpnext/accounts/doctype/ledger_health/ledger_health.json
erpnext,P3,missing,Ledger Health Monitor,Moniteur de santé du grand livre,erpnext/accounts/doctype/ledger_health_monitor/ledger_health_monitor.json
erpnext,P3,missing,Ledger Health Monitor Company,Société de surveillance de la santé du grand livre,erpnext/accounts/doctype/ledger_health_monitor_company/ledger_health_monitor_company.json
erpnext,P3,missing,Ledger Merge,Fusion de grand livre,erpnext/accounts/doctype/ledger_merge/ledger_merge.json
erpnext,P3,missing,Ledger Merge Accounts,Comptes de fusion du grand livre,erpnext/accounts/doctype/ledger_merge_accounts/ledger_merge_accounts.json
erpnext,P3,missing,Ledgers,Grands livres,erpnext/accounts/workspace/financial_reports/financial_reports.json
erpnext,P3,missing,Left Child,Enfant gauche,erpnext/accounts/doctype/bisect_nodes/bisect_nodes.json
erpnext,P3,missing,Legacy Fields,Champs hérités,erpnext/accounts/doctype/accounts_settings/accounts_settings.json
erpnext,P3,missing,Legend,Légende,erpnext/regional/report/uae_vat_201/uae_vat_201.py:19
erpnext,P3,missing,Level (BOM),Niveau (nomenclature),erpnext/manufacturing/doctype/production_plan_sub_assembly_item/production_plan_sub_assembly_item.json
erpnext,P3,missing,Line Reference,Référence de ligne,erpnext/accounts/doctype/financial_report_row/financial_report_row.json
erpnext,P3,missing,Link a new bank account,Associer un nouveau compte bancaire,erpnext/erpnext_integrations/doctype/plaid_settings/plaid_settings.js:15
erpnext,P3,missing,Liquidity Ratios,Ratios de liquidité,erpnext/accounts/report/financial_ratios/financial_ratios.js:55 erpnext/accounts/report/financial_ratios/financial_ratios.py:150
erpnext,P3,missing,Loading Invoices! Please Wait...,"Chargement des factures ! S'il vous plaît, attendez...",erpnext/accounts/doctype/pos_closing_entry/pos_closing_entry.js:81
erpnext,P3,missing,Log Entries,Entrées de journal,erpnext/bulk_transaction/doctype/bulk_transaction_log/bulk_transaction_log.json
erpnext,P3,missing,Long-term Provisions,Provisions à long terme,erpnext/accounts/doctype/account/chart_of_accounts/verified/standard_chart_of_accounts.py:183 erpnext/accounts/doctype/account/chart_of_accounts/verified/standard_chart_of_accounts_with_account_number.py:318
erpnext,P3,missing,Lost Reasons are required in case opportunity is Lost.,Les raisons perdues sont requises en cas de perte d'opportunité.,erpnext/crm/doctype/opportunity/opportunity.js:28
erpnext,P3,missing,"Loyalty Points will be calculated from the spent done (via the Sales Invoice), based on collection factor mentioned.","Les points de fidélité seront calculés à partir des dépenses effectuées (via la facture de vente), en fonction du facteur de collecte mentionné.",erpnext/accounts/doctype/loyalty_program/loyalty_program.js:8
erpnext,P3,missing,MPS Generated,MPS générés,erpnext/manufacturing/doctype/sales_forecast/sales_forecast.json erpnext/manufacturing/doctype/sales_forecast/sales_forecast_list.js:9
erpnext,P3,missing,MRP Log documents are being created in the background.,Les documents du journal MRP sont créés en arrière-plan.,erpnext/manufacturing/doctype/master_production_schedule/master_production_schedule.py:448
erpnext,P3,missing,MT940 file detected. Please enable 'Import MT940 Format' to proceed.,Fichier MT940 détecté. Veuillez activer « Importer le format MT940 » pour continuer.,erpnext/accounts/doctype/bank_statement_import/bank_statement_import.py:157
erpnext,P3,missing,Machine,Machine,erpnext/manufacturing/report/downtime_analysis/downtime_analysis.js:23 erpnext/manufacturing/report/downtime_analysis/downtime_analysis.py:78 erpnext/public/js/plant_floor_visual/visual_plant.js:86
erpnext,P3,missing,Machine Type,Type de machine,erpnext/public/js/plant_floor_visual/visual_plant.js:70
erpnext,P3,missing,Main Cost Center,Centre de coûts principal,erpnext/accounts/doctype/cost_center_allocation/cost_center_allocation.json
erpnext,P3,missing,Main Cost Center {0} cannot be entered in the child table,Le centre de coûts principal {0} ne peut pas être saisi dans la table enfant,erpnext/accounts/doctype/cost_center_allocation/cost_center_allocation.py:123
erpnext,P3,missing,Main Item Code,Code article principal,erpnext/manufacturing/doctype/material_request_plan_item/material_request_plan_item.json
erpnext,P3,missing,Maintain Asset,Maintenir l'actif,erpnext/assets/doctype/asset/asset.js:142
erpnext,P3,missing,Maintain Same Rate Throughout Internal Transaction,Maintenir le même taux tout au long de la transaction interne,erpnext/accounts/doctype/accounts_settings/accounts_settings.json
erpnext,P3,missing,Maintenance Details,Détails d'entretien,erpnext/assets/doctype/asset_maintenance_log/asset_maintenance_log.json
erpnext,P3,missing,Make Asset Movement,Effectuer un mouvement d'actifs,erpnext/assets/doctype/asset/asset_list.js:32
erpnext,P3,missing,Make Purchase / Work Order,Effectuer un achat/un bon de travail,erpnext/manufacturing/report/material_requirements_planning_report/material_requirements_planning_report.js:130
erpnext,P3,missing,Make Quotation,Faire un devis,erpnext/templates/pages/rfq.html:19
erpnext,P3,missing,Make Subcontracting PO,Faire un bon de commande de sous-traitance,erpnext/manufacturing/doctype/job_card/job_card.js:410
erpnext,P3,missing,Make Transfer Entry,Effectuer une entrée de transfert,erpnext/manufacturing/doctype/workstation/workstation.js:427
erpnext,P3,missing,Making Journal Entries against advance accounts: {0} is not recommended. These Journals won't be available for Reconciliation.,Effectuer des écritures de journal sur des comptes d'avance : {0} n'est pas recommandé. Ces journaux ne seront pas disponibles pour la réconciliation.,erpnext/accounts/doctype/journal_entry/journal_entry.py:168
erpnext,P3,missing,Manufactured Items Value,Valeur des articles fabriqués,erpnext/manufacturing/workspace/manufacturing/manufacturing.json
erpnext,P3,missing,Manufacturing BOM,Nomenclature de fabrication,erpnext/manufacturing/doctype/job_card/job_card.json
erpnext,P3,missing,Manufacturing Type,Type de fabrication,erpnext/manufacturing/doctype/production_plan_sub_assembly_item/production_plan_sub_assembly_item.json
erpnext,P3,missing,Mapping Subcontracting Inward Order ...,Cartographie des commandes entrantes de sous-traitance...,erpnext/subcontracting/doctype/subcontracting_inward_order/subcontracting_inward_order.js:106
erpnext,P3,missing,Mapping Subcontracting Order ...,Mappage de l'ordre de sous-traitance...,erpnext/subcontracting/doctype/subcontracting_order/subcontracting_order.js:153
erpnext,P3,missing,Mapping {0} ...,Cartographie {0} ...,erpnext/public/js/utils.js:962
erpnext,P3,missing,Margin View,Vue de la marge,erpnext/accounts/report/profit_and_loss_statement/profit_and_loss_statement.js:33
erpnext,P3,missing,Mark As Closed,Marquer comme fermé,erpnext/public/js/templates/crm_activities.html:39 erpnext/public/js/templates/crm_activities.html:123
erpnext,P3,missing,Master Production Schedule,Calendrier directeur de production,erpnext/manufacturing/doctype/master_production_schedule/master_production_schedule.json erpnext/manufacturing/workspace/manufacturing/manufacturing.json
erpnext,P3,missing,Master Production Schedule Item,Article du programme directeur de production,erpnext/manufacturing/doctype/master_production_schedule_item/master_production_schedule_item.json
erpnext,P3,missing,Material Requirements Planning,Planification des besoins en matériaux,erpnext/manufacturing/workspace/manufacturing/manufacturing.json
erpnext,P3,missing,Material Requirements Planning Report,Rapport de planification des besoins en composants,erpnext/manufacturing/report/material_requirements_planning_report/material_requirements_planning_report.json
erpnext,P3,missing,Material from Customer,Matériel du client,erpnext/subcontracting/doctype/subcontracting_inward_order/subcontracting_inward_order.js:151
erpnext,P3,missing,Materials are already received against the {0} {1},Les matériaux sont déjà reçus contre le {0} {1},erpnext/controllers/subcontracting_controller.py:1531
erpnext,P3,missing,Materials needs to be transferred to the work in progress warehouse for the job card {0},Les matériaux doivent être transférés à l'entrepôt des travaux en cours pour la carte de travail {0},erpnext/manufacturing/doctype/job_card/job_card.py:733
erpnext,P3,missing,Max Producible Qty,Quantité productible maximale,erpnext/manufacturing/doctype/work_order/work_order.json
erpnext,P3,missing,Max Qty (As Per Stock UOM),Qté maximale (selon l'UdM du stock),erpnext/accounts/doctype/pricing_rule/pricing_rule.json
erpnext,P3,missing,Max discount allowed for item: {0} is {1}%,Remise maximale autorisée pour l'article : {0} est de {1} %,erpnext/accounts/doctype/pricing_rule/pricing_rule.py:292
erpnext,P3,missing,Maximum Payment Amount,Montant maximum du paiement,erpnext/accounts/doctype/payment_reconciliation/payment_reconciliation.json
erpnext,P3,missing,Maximum discount for Item {0} is {1}%,La remise maximale pour l'article {0} est de {1} %,erpnext/controllers/selling_controller.py:278
erpnext,P3,missing,Maximum quantity scanned for item {0}.,Quantité maximale numérisée pour l'article {0}.,erpnext/public/js/utils/barcode_scanner.js:120
erpnext,P3,missing,Merge Invoices Based On,Fusionner les factures en fonction de,erpnext/accounts/doctype/pos_invoice_merge_log/pos_invoice_merge_log.json
erpnext,P3,missing,Merge Progress,Fusionner la progression,erpnext/accounts/doctype/ledger_merge/ledger_merge.js:18
erpnext,P3,missing,Merge Similar Account Heads,Fusionner les chefs de compte similaires,erpnext/accounts/doctype/accounts_settings/accounts_settings.json
erpnext,P3,missing,Merge taxes from multiple documents,Fusionner les taxes de plusieurs documents,erpnext/public/js/utils.js:994
erpnext,P3,missing,Merged,Fusionné,erpnext/accounts/doctype/ledger_merge_accounts/ledger_merge_accounts.json
erpnext,P3,missing,"Merging is only possible if following properties are same in both records. Is Group, Root Type, Company and Account Currency","La fusion n'est possible que si les propriétés suivantes sont identiques dans les deux enregistrements. Est le groupe, le type de racine, la société et la devise du compte",erpnext/accounts/doctype/account/account.py:601
erpnext,P3,missing,Merging {0} of {1},Fusion de {0} de {1},erpnext/accounts/doctype/ledger_merge/ledger_merge.js:16
erpnext,P3,missing,Min Qty (As Per Stock UOM),Qté minimum (selon l'UdM du stock),erpnext/accounts/doctype/pricing_rule/pricing_rule.json
erpnext,P3,missing,Min Qty should be greater than Recurse Over Qty,La quantité minimale doit être supérieure à la quantité récursive supérieure.,erpnext/accounts/doctype/pricing_rule/pricing_rule.py:238
erpnext,P3,missing,Minimum Payment Amount,Montant minimum du paiement,erpnext/accounts/doctype/payment_reconciliation/payment_reconciliation.json
erpnext,P3,missing,Minutes,Minutes,erpnext/quality_management/doctype/quality_meeting/quality_meeting.json
erpnext,P3,missing,Mismatch,Inadéquation,erpnext/controllers/buying_controller.py:709
erpnext,P3,missing,Missing Cost Center,Centre de coûts manquant,erpnext/accounts/doctype/gl_entry/gl_entry.py:186 erpnext/assets/doctype/asset/asset.py:372
erpnext,P3,missing,Missing Finance Book,Livre de finances manquant,erpnext/assets/doctype/asset/asset.py:417
erpnext,P3,missing,Missing Payments App,Application de paiements manquants,erpnext/utilities/__init__.py:53
erpnext,P3,missing,Missing Serial No Bundle,Bundle de numéro de série manquant,erpnext/assets/doctype/asset_repair/asset_repair.py:297
erpnext,P3,missing,Missing required filter: {0},Filtre obligatoire manquant : {0},erpnext/accounts/doctype/financial_report_template/financial_report_engine.py:223
erpnext,P3,missing,Missing value,Valeur manquante,erpnext/manufacturing/doctype/bom/bom.py:1128 erpnext/manufacturing/doctype/work_order/work_order.py:1446
erpnext,P3,missing,Mobile: ,Mobile:,erpnext/accounts/print_format/sales_invoice_print/sales_invoice_print.html:58
erpnext,P3,missing,Modified On,Modifié le,erpnext/templates/pages/projects.html:49 erpnext/templates/pages/projects.html:70
erpnext,P3,missing,Module (for Export),Module (pour l'exportation),erpnext/accounts/doctype/financial_report_template/financial_report_template.json
erpnext,P3,missing,Monitor for Last 'X' days,Surveiller les « X » derniers jours,erpnext/accounts/doctype/ledger_health_monitor/ledger_health_monitor.json
erpnext,P3,missing,More/Less than 12 months.,Plus/Moins de 12 mois.,erpnext/accounts/doctype/fiscal_year/fiscal_year.json
erpnext,P3,missing,Move Stock,Déplacer le stock,erpnext/manufacturing/doctype/plant_floor/plant_floor.js:239
erpnext,P3,missing,Move to Cart,Déplacer vers le panier,erpnext/templates/includes/macros.html:169
erpnext,P3,missing,Movement,Mouvement,erpnext/assets/doctype/asset/asset_dashboard.py:7
erpnext,P3,missing,Moving up in tree ...,Monter dans l'arbre...,erpnext/accounts/doctype/bisect_accounting_statements/bisect_accounting_statements.js:82
erpnext,P3,missing,Multi-level BOM Creator,Créateur de nomenclature multi-niveaux,erpnext/manufacturing/doctype/bom_creator/bom_creator.js:42
erpnext,P3,missing,Must be a publicly accessible Google Sheets URL and adding Bank Account column is necessary for importing via Google Sheets,Il doit s'agir d'une URL Google Sheets accessible au public et l'ajout d'une colonne Compte bancaire est nécessaire pour l'importation via Google Sheets.,erpnext/accounts/doctype/bank_statement_import/bank_statement_import.json
erpnext,P3,missing,N/A,N / A,erpnext/crm/doctype/contract/contract.json
erpnext,P3,missing,Net Profit Ratio,Taux de bénéfice net,erpnext/accounts/report/financial_ratios/financial_ratios.py:172
erpnext,P3,missing,Net Purchase Amount,Montant net de l'achat,erpnext/assets/doctype/asset/asset.json erpnext/assets/doctype/asset_depreciation_schedule/asset_depreciation_schedule.json erpnext/assets/report/fixed_asset_register/fixed_asset_register.py:439 erpnext/assets/report/fixed_asset_register/fixed_asset_register.py:500
erpnext,P3,missing,Net Purchase Amount is mandatory,Le montant net d'achat est obligatoire,erpnext/assets/doctype/asset/asset.py:445
erpnext,P3,missing,Net Purchase Amount should be <b>equal</b> to purchase amount of one single Asset.,Le montant net d'achat doit être <b>égal à </b> pour acheter le montant d'un seul actif.,erpnext/assets/doctype/asset/asset.py:552
erpnext,P3,missing,Net Purchase Amount {0} cannot be depreciated over {1} cycles.,Le Montant Net d'Achat {0} ne peut pas être amorti sur {1} cycles.,erpnext/assets/doctype/asset_depreciation_schedule/deppreciation_schedule_controller.py:388
erpnext,P3,missing,Net total calculation precision loss,Perte nette totale de précision du calcul,erpnext/controllers/accounts_controller.py:1659
erpnext,P3,missing,New Balance In Account Currency,Nouveau solde dans la devise du compte,erpnext/accounts/doctype/exchange_rate_revaluation_account/exchange_rate_revaluation_account.json
erpnext,P3,missing,New Journal Entry will be posted for the difference amount. The Posting Date can be modified.,Une nouvelle écriture de journal sera publiée pour le montant de la différence. La Date de publication peut être modifiée.,erpnext/accounts/doctype/payment_reconciliation/payment_reconciliation.js:337
erpnext,P3,missing,New Note,Nouvelle remarque,erpnext/public/js/templates/crm_notes.html:7
erpnext,P3,missing,New Version,Nouvelle version,erpnext/manufacturing/doctype/bom/bom.js:178
erpnext,P3,missing,New fiscal year created :- ,Nouvel exercice créé : -,erpnext/accounts/notification/notification_for_new_fiscal_year/notification_for_new_fiscal_year.html:3
erpnext,P3,missing,New revised budget created successfully,Nouveau budget révisé créé avec succès,erpnext/accounts/doctype/budget/budget.js:91
erpnext,P3,missing,Newsletter,Bulletin,erpnext/crm/workspace/crm/crm.json
erpnext,P3,missing,No <strong>Account Data</strong> row found,Aucune ligne <strong>Données du compte</strong> trouvée,erpnext/accounts/doctype/financial_report_template/financial_report_template.js:161
erpnext,P3,missing,No Answer,Pas de réponse,erpnext/telephony/doctype/call_log/call_log.json
erpnext,P3,missing,No Customers found with selected options.,Aucun client trouvé avec les options sélectionnées.,erpnext/accounts/doctype/process_statement_of_accounts/process_statement_of_accounts.js:164 erpnext/accounts/doctype/process_statement_of_accounts/process_statement_of_accounts.py:430
erpnext,P3,missing,No Impact on Accounting Ledger,Aucun impact sur le grand livre comptable,erpnext/public/js/utils/ledger_preview.js:64
erpnext,P3,missing,No Items selected for transfer.,Aucun élément sélectionné pour le transfert.,erpnext/controllers/subcontracting_controller.py:1445
erpnext,P3,missing,No Matching Bank Transactions Found,Aucune transaction bancaire correspondante trouvée,erpnext/accounts/doctype/bank_reconciliation_tool/bank_reconciliation_tool.js:15
erpnext,P3,missing,No Notes,Aucune remarque,erpnext/public/js/templates/crm_notes.html:46
erpnext,P3,missing,No Outstanding Invoices found for this party,Aucune facture impayée trouvée pour cette soirée,erpnext/accounts/doctype/payment_reconciliation/payment_reconciliation.js:239
erpnext,P3,missing,No POS Profile found. Please create a New POS Profile first,Aucun profil PDV trouvé. Veuillez d'abord créer un nouveau profil POS,erpnext/accounts/doctype/pos_invoice/pos_invoice.py:669
erpnext,P3,missing,No Purchase Orders were created,Aucun bon de commande n'a été créé,erpnext/manufacturing/doctype/production_plan/production_plan.py:771
erpnext,P3,missing,No Records for these settings.,Aucun enregistrement pour ces paramètres.,erpnext/accounts/doctype/process_statement_of_accounts/process_statement_of_accounts.js:22 erpnext/accounts/doctype/process_statement_of_accounts/process_statement_of_accounts.js:39
erpnext,P3,missing,No Selection,Aucune sélection,erpnext/public/js/utils/unreconcile.js:147
erpnext,P3,missing,No Serial / Batches are available for return,Aucune série/lot n'est disponible pour le retour,erpnext/controllers/sales_and_purchase_return.py:858
erpnext,P3,missing,No Summary,Pas de résumé,erpnext/public/js/templates/call_link.html:30
erpnext,P3,missing,No Tax Withholding data found for the current posting date.,Aucune donnée de retenue d'impôt trouvée pour la date comptable actuelle.,erpnext/accounts/doctype/tax_withholding_category/tax_withholding_category.py:224
erpnext,P3,missing,No Terms,Pas de conditions,erpnext/accounts/report/gross_profit/gross_profit.py:893
erpnext,P3,missing,No Unreconciled Invoices and Payments found for this party and account,Aucune facture ni paiement non rapproché trouvé pour cette partie et ce compte,erpnext/accounts/doctype/payment_reconciliation/payment_reconciliation.js:236
erpnext,P3,missing,No Unreconciled Payments found for this party,Aucun paiement non rapproché trouvé pour cette partie,erpnext/accounts/doctype/payment_reconciliation/payment_reconciliation.js:241
erpnext,P3,missing,No Work Orders were created,Aucun bon de travail n'a été créé,erpnext/manufacturing/doctype/production_plan/production_plan.py:768 erpnext/subcontracting/doctype/subcontracting_inward_order/subcontracting_inward_order.py:249
erpnext,P3,missing,No billing email found for customer: {0},Aucun e-mail de facturation trouvé pour le client : {0},erpnext/accounts/doctype/process_statement_of_accounts/process_statement_of_accounts.py:495
erpnext,P3,missing,No data found. Seems like you uploaded a blank file,Aucune donnée trouvée. On dirait que vous avez téléchargé un fichier vierge,erpnext/accounts/doctype/chart_of_accounts_importer/chart_of_accounts_importer.py:46
erpnext,P3,missing,No difference found for stock account {0},Aucune différence trouvée pour le compte de stock {0},erpnext/accounts/doctype/journal_entry/journal_entry.py:219
erpnext,P3,missing,No employee was scheduled for call popup,Aucun employé n'était prévu pour la fenêtre contextuelle d'appel,erpnext/telephony/doctype/call_log/call_log.py:117
erpnext,P3,missing,No item available for transfer.,Aucun article disponible pour le transfert.,erpnext/controllers/subcontracting_controller.py:1354
erpnext,P3,missing,No items are available in sales orders {0} for production,Aucun article n'est disponible dans les commandes client {0} pour la production,erpnext/manufacturing/doctype/production_plan/production_plan.py:157
erpnext,P3,missing,No items are available in the sales order {0} for production,Aucun article n'est disponible dans la commande client {0} pour la production.,erpnext/manufacturing/doctype/production_plan/production_plan.py:154 erpnext/manufacturing/doctype/production_plan/production_plan.py:166
erpnext,P3,missing,No matches occurred via auto reconciliation,Aucune correspondance n'a eu lieu via la réconciliation automatique,erpnext/accounts/doctype/bank_reconciliation_tool/bank_reconciliation_tool.py:452
erpnext,P3,missing,No more children on Left,Plus d'enfants à gauche,erpnext/accounts/doctype/bisect_accounting_statements/bisect_accounting_statements.py:199
erpnext,P3,missing,No more children on Right,Plus d'enfants à droite,erpnext/accounts/doctype/bisect_accounting_statements/bisect_accounting_statements.py:213
erpnext,P3,missing,No of Docs,Nombre de documents,erpnext/accounts/doctype/transaction_deletion_record_details/transaction_deletion_record_details.json
erpnext,P3,missing,No open Material Requests found for the given criteria.,Aucune demande de matériel ouverte trouvée pour les critères donnés.,erpnext/manufacturing/doctype/master_production_schedule/master_production_schedule.py:323
erpnext,P3,missing,No open event,Aucun événement ouvert,erpnext/public/js/templates/crm_activities.html:145
erpnext,P3,missing,No open task,Aucune tâche ouverte,erpnext/public/js/templates/crm_activities.html:57
erpnext,P3,missing,No primary email found for customer: {0},Aucune adresse e-mail principale trouvée pour le client : {0},erpnext/accounts/doctype/process_statement_of_accounts/process_statement_of_accounts.py:502
erpnext,P3,missing,No records found in Allocation table,Aucun enregistrement trouvé dans la table d'allocation,erpnext/accounts/doctype/payment_reconciliation/payment_reconciliation.py:711
erpnext,P3,missing,No records found in the Invoices table,Aucun enregistrement trouvé dans la table Factures,erpnext/accounts/doctype/payment_reconciliation/payment_reconciliation.py:610
erpnext,P3,missing,No records found in the Payments table,Aucun enregistrement trouvé dans la table Paiements,erpnext/accounts/doctype/payment_reconciliation/payment_reconciliation.py:613
erpnext,P3,missing,No reserved stock to unreserve.,Pas de stock réservé à annuler.,erpnext/public/js/stock_reservation.js:222
erpnext,P3,missing,No sales data found for the selected items.,Aucune donnée de vente trouvée pour les articles sélectionnés.,erpnext/manufacturing/doctype/sales_forecast/sales_forecast.py:117
erpnext,P3,missing,No {0} Accounts found for this company.,Aucun compte {0} trouvé pour cette entreprise.,erpnext/accounts/report/tax_withholding_details/tax_withholding_details.py:361
erpnext,P3,missing,No. of parallel job cards which can be allowed on this workstation. Example: 2 would mean this workstation can process production for two Work Orders at a time.,Nombre de fiches de travail parallèles pouvant être autorisées sur ce poste de travail. Exemple : 2 signifierait que ce poste de travail peut traiter la production de deux ordres de travail à la fois.,erpnext/manufacturing/doctype/workstation/workstation.js:66
erpnext,P3,missing,Non Completed Tasks,Tâches non terminées,erpnext/projects/workspace/projects/projects.json
erpnext,P3,missing,Non Depreciable Category,Catégorie non amortissable,erpnext/assets/doctype/asset_category/asset_category.json
erpnext,P3,missing,Non-Current Liabilities,Passifs non courants,erpnext/accounts/doctype/account/chart_of_accounts/verified/standard_chart_of_accounts.py:182 erpnext/accounts/doctype/account/chart_of_accounts/verified/standard_chart_of_accounts_with_account_number.py:317
erpnext,P3,missing,Not able to find the earliest Fiscal Year for the given company.,Impossible de trouver le premier exercice fiscal pour l’entreprise donnée.,erpnext/accounts/report/cash_flow/cash_flow.py:405
erpnext,P3,missing,Not in Stock,Pas en stock,erpnext/templates/form_grid/stock_entry_grid.html:26
erpnext,P3,missing,Not permitted to make Purchase Orders,Interdit de passer des bons de commande,erpnext/manufacturing/report/material_requirements_planning_report/material_requirements_planning_report.py:1283
erpnext,P3,missing,Note: Automatic log deletion only applies to logs of type <i>Update Cost</i>,Remarque : La suppression automatique des journaux s'applique uniquement aux journaux de type <i>Coût de mise à jour</i>,erpnext/manufacturing/doctype/bom_update_log/bom_update_log_list.js:21
erpnext,P3,missing,Note: Due Date exceeds allowed {0} credit days by {1} day(s),Remarque : La date d'échéance dépasse {0} jours de crédit autorisés de {1} jour(s),erpnext/accounts/party.py:698
erpnext,P3,missing,"Note: If you want to use the finished good {0} as a raw material, then enable the 'Do Not Explode' checkbox in the Items table against the same raw material.","Remarque : Si vous souhaitez utiliser le produit fini {0} comme matière première, cochez la case « Ne pas exploser » dans le tableau Articles pour la même matière première.",erpnext/manufacturing/doctype/bom/bom.py:703
erpnext,P3,missing,Notes HTML,Notes HTML,erpnext/crm/doctype/lead/lead.json erpnext/crm/doctype/opportunity/opportunity.json erpnext/crm/doctype/prospect/prospect.json
erpnext,P3,missing,Number of Days,Nombre de jours,erpnext/accounts/doctype/subscription/subscription.json
erpnext,P3,missing,Number of Weeks / Months,Nombre de semaines/mois,erpnext/manufacturing/doctype/sales_forecast/sales_forecast.json
erpnext,P3,missing,Office Equipment,Matériel de bureau,erpnext/accounts/doctype/account/chart_of_accounts/verified/standard_chart_of_accounts.py:56 erpnext/accounts/doctype/account/chart_of_accounts/verified/standard_chart_of_accounts_with_account_number.py:92
erpnext,P3,missing,Offsetting Account,Compte de compensation,erpnext/accounts/doctype/accounting_dimension_detail/accounting_dimension_detail.json
erpnext,P3,missing,Offsetting for Accounting Dimension,Compensation pour la dimension comptable,erpnext/accounts/general_ledger.py:92
erpnext,P3,missing,On Hand,À portée de main,erpnext/manufacturing/report/material_requirements_planning_report/material_requirements_planning_report.py:1020
erpnext,P3,missing,On Paid Amount,Sur le montant payé,erpnext/accounts/doctype/advance_taxes_and_charges/advance_taxes_and_charges.json
erpnext,P3,missing,On Track,Sur la bonne voie,erpnext/projects/report/delayed_tasks_summary/delayed_tasks_summary.py:84
erpnext,P3,missing,On enabling this cancellation entries will be posted on the actual cancellation date and reports will consider cancelled entries as well,"En activant cette annulation, les inscriptions seront publiées à la date d'annulation réelle et les rapports prendront également en compte les inscriptions annulées.",erpnext/accounts/doctype/accounts_settings/accounts_settings.json
erpnext,P3,missing,"On expanding a row in the Items to Manufacture table, you'll see an option to 'Include Exploded Items'. Ticking this includes raw materials of the sub-assembly items in the production process.","En développant une ligne dans le tableau Articles à fabriquer, vous verrez une option pour « Inclure les articles éclatés ». Cocher cela inclut les matières premières des éléments de sous-ensemble dans le processus de production.",erpnext/manufacturing/doctype/production_plan/production_plan.js:726
erpnext,P3,missing,"On save, the Excluded Fee will be converted to an Included Fee.","Lors de l'enregistrement, les frais exclus seront convertis en frais inclus.",erpnext/accounts/doctype/bank_transaction/bank_transaction.json
erpnext,P3,missing,Once the Work Order is Closed. It can't be resumed.,Une fois le bon de travail clôturé. Cela ne peut pas être repris.,erpnext/manufacturing/doctype/work_order/work_order.js:717
erpnext,P3,missing,One customer can be part of only single Loyalty Program.,Un client ne peut faire partie que d’un seul programme de fidélité.,erpnext/accounts/doctype/loyalty_program/loyalty_program.js:16
erpnext,P3,missing,Ongoing,En cours,erpnext/subcontracting/doctype/subcontracting_inward_order/subcontracting_inward_order.json
erpnext,P3,missing,Only CSV and Excel files can be used to for importing data. Please check the file format you are trying to upload,Seuls les fichiers CSV et Excel peuvent être utilisés pour importer des données. Veuillez vérifier le format de fichier que vous essayez de télécharger,erpnext/accounts/doctype/chart_of_accounts_importer/chart_of_accounts_importer.py:105
erpnext,P3,missing,Only Deduct Tax On Excess Amount ,Déduire uniquement l'impôt sur le montant excédentaire,erpnext/accounts/doctype/tax_withholding_category/tax_withholding_category.json
erpnext,P3,missing,Only Parent can be of type {0},Seul le parent peut être de type {0},erpnext/accounts/doctype/account/account.py:136
erpnext,P3,missing,Only applies for Normal Payments,S'applique uniquement aux paiements normaux,erpnext/accounts/doctype/accounts_settings/accounts_settings.json
erpnext,P3,missing,Only existing assets,Uniquement les actifs existants,erpnext/assets/report/fixed_asset_register/fixed_asset_register.js:43
erpnext,P3,missing,Only one of Deposit or Withdrawal should be non-zero when applying an Excluded Fee.,Un seul dépôt ou retrait doit être différent de zéro lors de l’application de frais exclus.,erpnext/accounts/doctype/bank_transaction/bank_transaction.py:337
erpnext,P3,missing,Only payment entries with apply tax withholding unchecked will be considered for checking cumulative threshold breach,Seules les entrées de paiement pour lesquelles la retenue d'impôt n'est pas cochée seront prises en compte pour vérifier le dépassement cumulé du seuil.,erpnext/accounts/doctype/tax_withholding_category/tax_withholding_category.json
erpnext,P3,missing,"Only values between [0,1) are allowed. Like {0.00, 0.04, 0.09, ...}
Ex: If allowance is set at 0.07, accounts that have balance of 0.07 in either of the currencies will be considered as zero balance account","Seules les valeurs comprises entre [0,1) sont autorisées. Comme {0.00, 0.04, 0.09, ...}
Ex : Si l'allocation est fixée à 0,07, les comptes dont le solde est de 0,07 dans l'une ou l'autre des devises seront considérés comme des comptes à solde nul.",erpnext/accounts/doctype/exchange_rate_revaluation/exchange_rate_revaluation.json
erpnext,P3,missing,Only {0} are supported,Seuls {0} sont pris en charge,erpnext/accounts/doctype/unreconcile_payment/unreconcile_payment.py:43
erpnext,P3,missing,Open Activities HTML,Ouvrir les activités HTML,erpnext/crm/doctype/lead/lead.json erpnext/crm/doctype/opportunity/opportunity.json erpnext/crm/doctype/prospect/prospect.json
erpnext,P3,missing,Open BOM {0},Ouvrir la nomenclature {0},erpnext/manufacturing/doctype/bom/bom_item_preview.html:24
erpnext,P3,missing,Open Call Log,Ouvrir le journal des appels,erpnext/public/js/templates/call_link.html:11
erpnext,P3,missing,Open Event,Événement ouvert,erpnext/public/js/templates/crm_activities.html:117 erpnext/public/js/templates/crm_activities.html:164
erpnext,P3,missing,Open Events,Événements ouverts,erpnext/public/js/templates/crm_activities.html:104
erpnext,P3,missing,Open Item {0},Article ouvert {0},erpnext/manufacturing/doctype/bom/bom_item_preview.html:28 erpnext/manufacturing/doctype/work_order/work_order_preview.html:28
erpnext,P3,missing,Open Orders,Commandes ouvertes,erpnext/manufacturing/doctype/master_production_schedule/master_production_schedule.json
erpnext,P3,missing,Open Task,Tâche ouverte,erpnext/public/js/templates/crm_activities.html:33 erpnext/public/js/templates/crm_activities.html:92
erpnext,P3,missing,Open Tasks,Tâches ouvertes,erpnext/public/js/templates/crm_activities.html:21
erpnext,P3,missing,Open Work Order {0},Bon de travail ouvert {0},erpnext/manufacturing/doctype/work_order/work_order_preview.html:24
erpnext,P3,missing,"Opening Balance = Start of period, Closing Balance = End of period, Period Movement = Net change during period","Solde d'ouverture = Début de la période, Solde de clôture = Fin de la période, Mouvement de la période = Changement net au cours de la période",erpnext/accounts/doctype/financial_report_row/financial_report_row.json
erpnext,P3,missing,Opening Balances,Soldes d'ouverture,erpnext/accounts/doctype/process_period_closing_voucher/process_period_closing_voucher.json
erpnext,P3,missing,Opening Entry can not be created after Period Closing Voucher is created.,L'entrée d'ouverture ne peut pas être créée après la création du bon de clôture de période.,erpnext/accounts/general_ledger.py:802
erpnext,P3,missing,Opening Invoices,Factures d'ouverture,erpnext/accounts/doctype/opening_invoice_creation_tool/opening_invoice_creation_tool_dashboard.html:8
erpnext,P3,missing,Opening Number of Booked Depreciations,Nombre d'ouverture des amortissements comptabilisés,erpnext/assets/doctype/asset/asset.json erpnext/assets/doctype/asset_depreciation_schedule/asset_depreciation_schedule.json
erpnext,P3,missing,Opening Purchase Invoices have been created.,Les factures d'achat d'ouverture ont été créées.,erpnext/accounts/doctype/opening_invoice_creation_tool/opening_invoice_creation_tool.js:35
erpnext,P3,missing,Opening Sales Invoices have been created.,Les factures de vente d'ouverture ont été créées.,erpnext/accounts/doctype/opening_invoice_creation_tool/opening_invoice_creation_tool.js:33
erpnext,P3,missing,Operating Component,Composant opérationnel,erpnext/manufacturing/doctype/workstation_cost/workstation_cost.json
erpnext,P3,missing,Operating Components Cost,Coût des composants opérationnels,erpnext/manufacturing/doctype/workstation/workstation.json erpnext/manufacturing/doctype/workstation_type/workstation_type.json
erpnext,P3,missing,Operating Cost Per BOM Quantity,Coût d'exploitation par quantité de nomenclature,erpnext/manufacturing/doctype/bom/bom.json
erpnext,P3,missing,Operating Costs (Per Hour),Coûts d'exploitation (par heure),erpnext/manufacturing/doctype/workstation/workstation.json erpnext/manufacturing/doctype/workstation_type/workstation_type.json
erpnext,P3,missing,Operation & Materials,Fonctionnement et matériaux,erpnext/manufacturing/doctype/job_card/job_card.json
erpnext,P3,missing,Operation Row ID,ID de ligne d'opération,erpnext/manufacturing/doctype/job_card/job_card.json
erpnext,P3,missing,Operation Row Id,ID de ligne d'opération,erpnext/manufacturing/doctype/work_order_item/work_order_item.json
erpnext,P3,missing,Operation time does not depend on quantity to produce,Le temps de fonctionnement ne dépend pas de la quantité à produire,erpnext/manufacturing/doctype/bom_operation/bom_operation.json
erpnext,P3,missing,Operations Routing,Routage des opérations,erpnext/manufacturing/doctype/bom_creator/bom_creator.json
erpnext,P3,missing,Opp/Lead %,% Opportunitaire/Plomb,erpnext/crm/report/campaign_efficiency/campaign_efficiency.py:25 erpnext/crm/report/lead_owner_efficiency/lead_owner_efficiency.py:31
erpnext,P3,missing,Opportunity Amount (Company Currency),Montant de l'opportunité (devise de la société),erpnext/crm/doctype/opportunity/opportunity.json
erpnext,P3,missing,Opportunity Owner,Propriétaire de l'opportunité,erpnext/crm/doctype/opportunity/opportunity.json erpnext/crm/report/opportunity_summary_by_sales_stage/opportunity_summary_by_sales_stage.py:32 erpnext/crm/report/sales_pipeline_analytics/sales_pipeline_analytics.py:66
erpnext,P3,missing,Opportunity Source,Source d'opportunité,erpnext/crm/report/opportunity_summary_by_sales_stage/opportunity_summary_by_sales_stage.js:46 erpnext/crm/report/sales_pipeline_analytics/sales_pipeline_analytics.js:58
erpnext,P3,missing,Opportunity Summary by Sales Stage,Résumé des opportunités par étape de vente,erpnext/crm/workspace/crm/crm.json
erpnext,P3,missing,Opportunity Summary by Sales Stage ,Résumé des opportunités par étape de vente,erpnext/crm/report/opportunity_summary_by_sales_stage/opportunity_summary_by_sales_stage.json
erpnext,P3,missing,Opportunity Value,Valeur de l'opportunité,erpnext/crm/doctype/opportunity/opportunity.json
erpnext,P3,missing,Optional. Used with Financial Report Template,Facultatif. Utilisé avec le modèle de rapport financier,erpnext/accounts/doctype/account/account_tree.js:169
erpnext,P3,missing,Order Date,Date de commande,erpnext/manufacturing/doctype/blanket_order/blanket_order.json
erpnext,P3,missing,Order No,Numéro de commande,erpnext/manufacturing/doctype/blanket_order/blanket_order.json
erpnext,P3,missing,Order Summary,Récapitulatif de la commande,erpnext/manufacturing/notification/material_request_receipt_notification/material_request_receipt_notification.html:4
erpnext,P3,missing,Order/Quot %,Commande/Quot %,erpnext/crm/report/campaign_efficiency/campaign_efficiency.py:27 erpnext/crm/report/lead_owner_efficiency/lead_owner_efficiency.py:33
erpnext,P3,missing,"Ordered Qty: Quantity ordered for purchase, but not received.","Quantité commandée : quantité commandée pour l'achat, mais non reçue.",erpnext/manufacturing/doctype/production_plan/production_plan.js:179
erpnext,P3,missing,Out of stock,En rupture de stock,erpnext/templates/includes/macros.html:173
erpnext,P3,missing,Outstanding (Company Currency),Encours (devise de l'entreprise),erpnext/accounts/doctype/payment_schedule/payment_schedule.json
erpnext,P3,missing,Over Receipt,Sur réception,erpnext/controllers/stock_controller.py:1677
erpnext,P3,missing,Over Receipt/Delivery of {0} {1} ignored for item {2} because you have {3} role.,Surréception/livraison de {0} {1} ignorée pour l'article {2} car vous avez le rôle {3}.,erpnext/controllers/status_updater.py:472
erpnext,P3,missing,Overbilling of {0} {1} ignored for item {2} because you have {3} role.,Surfacturation de {0} {1} ignorée pour l'article {2} car vous avez le rôle {3}.,erpnext/controllers/status_updater.py:474
erpnext,P3,missing,Overbilling of {} ignored because you have {} role.,Surfacturation de {} ignorée car vous avez le rôle {}.,erpnext/controllers/accounts_controller.py:2175
erpnext,P3,missing,Overdue Payment,Paiement en retard,erpnext/accounts/doctype/overdue_payment/overdue_payment.json
erpnext,P3,missing,Overdue Payments,Paiements en retard,erpnext/accounts/doctype/dunning/dunning.json
erpnext,P3,missing,Overdue Tasks,Tâches en retard,erpnext/projects/report/project_summary/project_summary.py:142
erpnext,P3,missing,P&L Closing Balance,Solde de clôture du P&L,erpnext/accounts/doctype/process_period_closing_voucher/process_period_closing_voucher.json
erpnext,P3,missing,PCV,PCV,erpnext/accounts/doctype/process_period_closing_voucher/process_period_closing_voucher.json
erpnext,P3,missing,PCV Paused,PCV en pause,erpnext/accounts/doctype/process_period_closing_voucher/process_period_closing_voucher.js:35
erpnext,P3,missing,PCV Resumed,Reprise du PCV,erpnext/accounts/doctype/process_period_closing_voucher/process_period_closing_voucher.js:53
erpnext,P3,missing,PDF Name,Nom du PDF,erpnext/accounts/doctype/process_statement_of_accounts/process_statement_of_accounts.json
erpnext,P3,missing,POS Additional Fields,Champs supplémentaires du PDV,erpnext/accounts/doctype/pos_settings/pos_settings.json
erpnext,P3,missing,POS Closing Failed,Échec de la fermeture du point de vente,erpnext/accounts/doctype/pos_closing_entry/pos_closing_entry.js:31
erpnext,P3,missing,POS Closing failed while running in a background process. You can resolve the {0} and retry the process again.,La fermeture du point de vente a échoué lors de l'exécution d'un processus en arrière-plan. Vous pouvez résoudre le {0} et réessayer le processus.,erpnext/accounts/doctype/pos_closing_entry/pos_closing_entry.js:53
erpnext,P3,missing,POS Invoice is already consolidated,La facture POS est déjà consolidée,erpnext/accounts/doctype/pos_closing_entry/pos_closing_entry.py:117
erpnext,P3,missing,POS Invoice is not submitted,La facture POS n'est pas soumise,erpnext/accounts/doctype/pos_closing_entry/pos_closing_entry.py:125
erpnext,P3,missing,POS Invoice should have the field {0} checked.,La facture POS doit avoir le champ {0} coché.,erpnext/accounts/doctype/pos_invoice/pos_invoice.py:204
erpnext,P3,missing,POS Invoices can't be added when Sales Invoice is enabled,Les factures POS ne peuvent pas être ajoutées lorsque la facture de vente est activée,erpnext/accounts/doctype/pos_closing_entry/pos_closing_entry.py:86
erpnext,P3,missing,POS Invoices will be consolidated in a background process,Les factures POS seront consolidées dans un processus en arrière-plan,erpnext/accounts/doctype/pos_invoice_merge_log/pos_invoice_merge_log.py:662
erpnext,P3,missing,POS Invoices will be unconsolidated in a background process,Les factures POS ne seront pas consolidées dans un processus en arrière-plan,erpnext/accounts/doctype/pos_invoice_merge_log/pos_invoice_merge_log.py:664
erpnext,P3,missing,POS Opening Entry Cancellation Error,Erreur d'annulation d'entrée d'ouverture de point de vente,erpnext/accounts/doctype/pos_opening_entry/pos_opening_entry.py:121
erpnext,P3,missing,POS Opening Entry Exists,L'entrée d'ouverture de point de vente existe,erpnext/accounts/doctype/pos_opening_entry/pos_opening_entry.py:67
erpnext,P3,missing,POS Opening Entry cannot be cancelled as unconsolidated Invoices exists.,L'entrée d'ouverture du PDV ne peut pas être annulée car des factures non consolidées existent.,erpnext/accounts/doctype/pos_opening_entry/pos_opening_entry.py:122
erpnext,P3,missing,POS Profile - {0} is currently open. Please close the POS or cancel the existing POS Opening Entry before cancelling this POS Closing Entry.,Profil POS - {0} est actuellement ouvert. Veuillez fermer le point de vente ou annuler l'entrée d'ouverture du point de vente existante avant d'annuler cette entrée de clôture du point de vente.,erpnext/accounts/doctype/pos_closing_entry/pos_closing_entry.py:247
erpnext,P3,missing,POS Profile doesn't match {},Le profil PDV ne correspond pas à {},erpnext/accounts/doctype/pos_closing_entry/pos_closing_entry.py:122 erpnext/accounts/doctype/pos_closing_entry/pos_closing_entry.py:187
erpnext,P3,missing,POS Profile {} does not belong to company {},Le profil POS {} n'appartient pas à l'entreprise {},erpnext/accounts/doctype/pos_opening_entry/pos_opening_entry.py:58
erpnext,P3,missing,POS Profile {} does not exist.,Le profil PDV {} n'existe pas.,erpnext/accounts/doctype/pos_opening_entry/pos_opening_entry.py:47
erpnext,P3,missing,POS Profile {} is disabled.,Le profil POS {} est désactivé.,erpnext/accounts/doctype/pos_opening_entry/pos_opening_entry.py:54
erpnext,P3,missing,POS Search Fields,Champs de recherche PDV,erpnext/accounts/doctype/pos_search_fields/pos_search_fields.json erpnext/accounts/doctype/pos_settings/pos_settings.json
erpnext,P3,missing,POS Setting,Paramètre de point de vente,erpnext/accounts/doctype/accounts_settings/accounts_settings.json
erpnext,P3,missing,Packed Items cannot be transferred internally,Les articles emballés ne peuvent pas être transférés en interne,erpnext/controllers/stock_controller.py:1511
erpnext,P3,missing,Page Break After Each SoA,Saut de page après chaque SoA,erpnext/accounts/doctype/process_statement_of_accounts/process_statement_of_accounts.json
erpnext,P3,missing,Parent Account Missing,Compte parent manquant,erpnext/accounts/doctype/chart_of_accounts_importer/chart_of_accounts_importer.py:379
erpnext,P3,missing,Parent Document,Document parent,erpnext/accounts/doctype/process_payment_reconciliation_log/process_payment_reconciliation_log.json
erpnext,P3,missing,Parent Row No,Numéro de ligne parent,erpnext/manufacturing/doctype/bom_creator_item/bom_creator_item.json
erpnext,P3,missing,Parent Row No not found for {0},Numéro de ligne parent introuvable pour {0},erpnext/manufacturing/doctype/bom_creator/bom_creator.py:511
erpnext,P3,missing,Parent Task {0} is not a Template Task,La tâche parent {0} n'est pas une tâche modèle,erpnext/projects/doctype/task/task.py:168
erpnext,P3,missing,Parent Task {0} must be a Group Task,La tâche parent {0} doit être une tâche de groupe,erpnext/projects/doctype/task/task.py:191
erpnext,P3,missing,Parsed file is not in valid MT940 format or contains no transactions.,Le fichier analysé n'est pas au format MT940 valide ou ne contient aucune transaction.,erpnext/accounts/doctype/bank_statement_import/bank_statement_import.py:167
erpnext,P3,missing,Parsing Error,Erreur d'analyse,erpnext/edi/doctype/code_list/code_list_import.py:39
erpnext,P3,missing,Partial Material Transferred,Matériel partiel transféré,erpnext/subcontracting/doctype/subcontracting_order/subcontracting_order.json
erpnext,P3,missing,Partially Reconciled,Partiellement réconcilié,erpnext/accounts/doctype/process_payment_reconciliation/process_payment_reconciliation.json erpnext/accounts/doctype/process_payment_reconciliation_log/process_payment_reconciliation_log.json
erpnext,P3,missing,Particulars,Détails,erpnext/accounts/report/general_ledger/general_ledger.html:88
erpnext,P3,missing,Party Account No. (Bank Statement),Numéro de compte du parti (relevé bancaire),erpnext/accounts/doctype/bank_transaction/bank_transaction.json
erpnext,P3,missing,Party Account {0} currency ({1}) and document currency ({2}) should be same,La devise {0} du compte de partie ({1}) et la devise du document ({2}) doivent être identiques.,erpnext/controllers/accounts_controller.py:2449
erpnext,P3,missing,Party Full Name,Nom complet du parti,erpnext/crm/doctype/contract/contract.json
erpnext,P3,missing,Party IBAN (Bank Statement),IBAN du parti (relevé bancaire),erpnext/accounts/doctype/bank_transaction/bank_transaction.json
erpnext,P3,missing,Party Item Code,Code d'article de fête,erpnext/manufacturing/doctype/blanket_order_item/blanket_order_item.json
erpnext,P3,missing,Party Link,Lien de fête,erpnext/accounts/doctype/party_link/party_link.json
erpnext,P3,missing,Party Mismatch,Inadéquation des fêtes,erpnext/controllers/sales_and_purchase_return.py:49
erpnext,P3,missing,Party Name/Account Holder (Bank Statement),Nom de la partie/titulaire du compte (relevé bancaire),erpnext/accounts/doctype/bank_transaction/bank_transaction.json
erpnext,P3,missing,Party Not Required,Fête non obligatoire,erpnext/accounts/doctype/journal_entry/journal_entry.json
erpnext,P3,missing,Party Type and Party can only be set for Receivable / Payable account<br><br>{0},Le type de partie et la partie ne peuvent être définis que pour le compte à recevoir/à payer <br><br>{0},erpnext/accounts/party.py:827
erpnext,P3,missing,Party Type and Party is required for Receivable / Payable account {0},Le type de partie et la partie sont requis pour le compte à recevoir/à payer {0},erpnext/accounts/doctype/bank_reconciliation_tool/bank_reconciliation_tool.py:161
erpnext,P3,missing,Past Events,Événements passés,erpnext/public/js/templates/crm_activities.html:152
erpnext,P3,missing,Pause,Pause,erpnext/accounts/doctype/process_payment_reconciliation/process_payment_reconciliation.js:96 erpnext/accounts/doctype/process_period_closing_voucher/process_period_closing_voucher.js:25 erpnext/manufacturing/doctype/job_card_operation/job_card_operation.json erpnext/manufacturing/doctype/workstation/workstation_job_card.html:68
erpnext,P3,missing,Pause Job,Suspendre le travail,erpnext/manufacturing/doctype/job_card/job_card.js:255
erpnext,P3,missing,Paused,En pause,erpnext/accounts/doctype/process_payment_reconciliation/process_payment_reconciliation.json erpnext/accounts/doctype/process_payment_reconciliation_log/process_payment_reconciliation_log.json erpnext/accounts/doctype/process_period_closing_voucher/process_period_closing_voucher.json erpnext/accounts/doctype/process_period_closing_voucher_detail/process_period_closing_voucher_detail.json
erpnext,P3,missing,Payment Account,Compte de paiement,erpnext/accounts/doctype/payment_gateway_account/payment_gateway_account.json erpnext/accounts/doctype/payment_request/payment_request.json
erpnext,P3,missing,Payment Amount (Company Currency),Montant du paiement (devise de l'entreprise),erpnext/accounts/doctype/payment_schedule/payment_schedule.json
erpnext,P3,missing,"Payment Entry {0} is linked against Order {1}, check if it should be pulled as advance in this invoice.","L'entrée de paiement {0} est liée à la commande {1}, vérifiez si elle doit être retirée comme avance dans cette facture.",erpnext/controllers/accounts_controller.py:1610
erpnext,P3,missing,Payment Ledger,Registre des paiements,erpnext/accounts/report/payment_ledger/payment_ledger.json
erpnext,P3,missing,Payment Ledger Balance,Solde du grand livre des paiements,erpnext/accounts/report/general_and_payment_ledger_comparison/general_and_payment_ledger_comparison.py:248
erpnext,P3,missing,Payment Ledger Entry,Saisie du grand livre des paiements,erpnext/accounts/doctype/payment_ledger_entry/payment_ledger_entry.json
erpnext,P3,missing,Payment Limit,Limite de paiement,erpnext/accounts/doctype/payment_reconciliation/payment_reconciliation.json
erpnext,P3,missing,Payment Reconciliation Allocation,Allocation de rapprochement des paiements,erpnext/accounts/doctype/payment_reconciliation_allocation/payment_reconciliation_allocation.json
erpnext,P3,missing,Payment Reconciliation Job: {0} is running for this party. Can't reconcile now.,Tâche de rapprochement de paiement : {0} est en cours d'exécution pour cette partie. Je ne peux pas me réconcilier maintenant.,erpnext/accounts/doctype/payment_reconciliation/payment_reconciliation.js:139
erpnext,P3,missing,Payment Reconciliation Settings,Paramètres de rapprochement des paiements,erpnext/accounts/doctype/accounts_settings/accounts_settings.json
erpnext,P3,missing,Payment Request created from Sales Order or Purchase Order will be in Draft status. When disabled document will be in unsaved state.,"La demande de paiement créée à partir d’une commande client ou d’un bon de commande sera au statut Brouillon. Lorsqu'il est désactivé, le document sera dans un état non enregistré.",erpnext/accounts/doctype/accounts_settings/accounts_settings.json
erpnext,P3,missing,Payment Request is already created,La demande de paiement est déjà créée,erpnext/accounts/doctype/payment_request/payment_request.py:568
erpnext,P3,missing,Payment Request took too long to respond. Please try requesting for payment again.,La demande de paiement a mis trop de temps à répondre. Veuillez réessayer de demander le paiement.,erpnext/accounts/doctype/pos_invoice/pos_invoice.js:454
erpnext,P3,missing,Payment Requests cannot be created against: {0},Les demandes de paiement ne peuvent pas être créées pour : {0},erpnext/accounts/doctype/payment_request/payment_request.py:541
erpnext,P3,missing,Payment Status,Statut du paiement,erpnext/accounts/print_format/sales_invoice_print/sales_invoice_print.html:123
erpnext,P3,missing,Payment URL,URL de paiement,erpnext/accounts/doctype/payment_request/payment_request.json
erpnext,P3,missing,Payment Unlink Error,Erreur de dissociation du paiement,erpnext/accounts/utils.py:1102
erpnext,P3,missing,Payment request failed,La demande de paiement a échoué,erpnext/accounts/doctype/pos_invoice/pos_invoice.js:443
erpnext,P3,missing,Payments could not be updated.,Les paiements n'ont pas pu être mis à jour.,erpnext/accounts/doctype/pos_invoice/pos_invoice.js:342
erpnext,P3,missing,Payments updated.,Paiements mis à jour.,erpnext/accounts/doctype/pos_invoice/pos_invoice.js:336
erpnext,P3,missing,Payroll Entry,Saisie de paie,erpnext/accounts/doctype/journal_entry_account/journal_entry_account.json
erpnext,P3,missing,Pegged Against,Lié à,erpnext/accounts/doctype/pegged_currency_details/pegged_currency_details.json
erpnext,P3,missing,Pegged Currencies,Devises indexées,erpnext/accounts/doctype/pegged_currencies/pegged_currencies.json
erpnext,P3,missing,Pegged Currency Details,Détails de la devise indexée,erpnext/accounts/doctype/pegged_currency_details/pegged_currency_details.json
erpnext,P3,missing,Per Received,Par Reçu,erpnext/accounts/doctype/purchase_invoice/purchase_invoice.json
erpnext,P3,missing,Percentage (%),Pourcentage (%),erpnext/accounts/doctype/cost_center_allocation_percentage/cost_center_allocation_percentage.json
erpnext,P3,missing,Percentage Allocation should be equal to 100%,L'allocation en pourcentage doit être égale à 100 %,erpnext/accounts/doctype/monthly_distribution/monthly_distribution.py:57
erpnext,P3,missing,Period Closed,Période Fermée,erpnext/accounts/general_ledger.py:814
erpnext,P3,missing,Period Closing Entry For Current Period,Écriture de clôture de période pour la période en cours,erpnext/accounts/report/consolidated_trial_balance/consolidated_trial_balance.js:69 erpnext/accounts/report/trial_balance/trial_balance.js:89
erpnext,P3,missing,Period Closing Voucher {0} GL Entry Cancellation Failed,Bon de clôture de période {0} Échec de l'annulation de l'entrée GL,erpnext/accounts/doctype/period_closing_voucher/period_closing_voucher.py:499
erpnext,P3,missing,Period Closing Voucher {0} GL Entry Processing Failed,Pièce de clôture de période {0} Échec du traitement de l'entrée GL,erpnext/accounts/doctype/period_closing_voucher/period_closing_voucher.py:478
erpnext,P3,missing,Period Details,Détails de la période,erpnext/accounts/doctype/pos_closing_entry/pos_closing_entry.json
erpnext,P3,missing,Period End Date cannot be greater than Fiscal Year End Date,La date de fin de période ne peut pas être postérieure à la date de fin d'exercice,erpnext/accounts/doctype/period_closing_voucher/period_closing_voucher.py:69
erpnext,P3,missing,Period Movement (Debits - Credits),Mouvement de période (Débits - Crédits),erpnext/accounts/doctype/financial_report_row/financial_report_row.json
erpnext,P3,missing,Period Start Date cannot be greater than Period End Date,La date de début de la période ne peut pas être postérieure à la date de fin de la période,erpnext/accounts/doctype/period_closing_voucher/period_closing_voucher.py:66
erpnext,P3,missing,Period Start Date must be {0},La date de début de la période doit être le {0},erpnext/accounts/doctype/period_closing_voucher/period_closing_voucher.py:63
erpnext,P3,missing,Period To Date,Période à ce jour,erpnext/accounts/doctype/bisect_nodes/bisect_nodes.json
erpnext,P3,missing,Period_from_date,Période_from_date,erpnext/accounts/doctype/bisect_nodes/bisect_nodes.json
erpnext,P3,missing,Periodic Accounting,Comptabilité périodique,erpnext/accounts/doctype/journal_entry/journal_entry.json
erpnext,P3,missing,Periodic Accounting Entry,Écriture comptable périodique,erpnext/accounts/doctype/journal_entry/journal_entry.json
erpnext,P3,missing,Periodic Accounting Entry is not allowed for company {0} with perpetual inventory enabled,L'écriture comptable périodique n'est pas autorisée pour la société {0} avec l'inventaire perpétuel activé.,erpnext/accounts/doctype/journal_entry/journal_entry.py:245
erpnext,P3,missing,Periodic Entry Difference Account,Compte de différence d'entrée périodique,erpnext/accounts/doctype/journal_entry/journal_entry.json
erpnext,P3,missing,Phantom Item,Objet fantôme,erpnext/manufacturing/doctype/bom/bom_item_preview.html:16 erpnext/public/js/bom_configurator/bom_configurator.bundle.js:321
erpnext,P3,missing,Phantom Item is mandatory,L'objet fantôme est obligatoire,erpnext/public/js/bom_configurator/bom_configurator.bundle.js:430
erpnext,P3,missing,Phone Ext.,Poste téléphonique,erpnext/crm/doctype/lead/lead.json erpnext/crm/doctype/opportunity/opportunity.json
erpnext,P3,missing,Pick Serial / Batch,Choisir une série/un lot,erpnext/assets/doctype/asset_repair_consumed_item/asset_repair_consumed_item.json
erpnext,P3,missing,Pipeline By,Pipeline par,erpnext/crm/report/sales_pipeline_analytics/sales_pipeline_analytics.js:8
erpnext,P3,missing,Plaid Link Failed,Échec du lien Plaid,erpnext/erpnext_integrations/doctype/plaid_settings/plaid_settings.py:154 erpnext/erpnext_integrations/doctype/plaid_settings/plaid_settings.py:178
erpnext,P3,missing,Plaid Link Refresh Required,Actualisation du lien Plaid requise,erpnext/erpnext_integrations/doctype/plaid_settings/plaid_settings.py:252
erpnext,P3,missing,Plaid Link Updated,Lien à carreaux mis à jour,erpnext/accounts/doctype/bank/bank.js:131
erpnext,P3,missing,Plan,Plan,erpnext/accounts/doctype/subscription_plan_detail/subscription_plan_detail.json
erpnext,P3,missing,Planned Purchase Order,Bon de commande planifié,erpnext/manufacturing/report/material_requirements_planning_report/material_requirements_planning_report.py:1026
erpnext,P3,missing,"Planned Qty: Quantity, for which, Work Order has been raised, but is pending to be manufactured.","Quantité planifiée : quantité pour laquelle un ordre de travail a été émis, mais est en attente de fabrication.",erpnext/manufacturing/doctype/production_plan/production_plan.js:179
erpnext,P3,missing,Planned Work Order,Ordre de travail planifié,erpnext/manufacturing/report/material_requirements_planning_report/material_requirements_planning_report.py:1031
erpnext,P3,missing,Plans,Forfaits,erpnext/accounts/doctype/subscription/subscription.json
erpnext,P3,missing,Plant Dashboard,Tableau de bord de l'usine,erpnext/manufacturing/doctype/plant_floor/plant_floor.json
erpnext,P3,missing,Plant Floor,Sol de l'usine,erpnext/manufacturing/doctype/plant_floor/plant_floor.json erpnext/manufacturing/doctype/workstation/workstation.json erpnext/manufacturing/workspace/manufacturing/manufacturing.json erpnext/public/js/plant_floor_visual/visual_plant.js:53
erpnext,P3,missing,Please Set Priority,Veuillez définir la priorité,erpnext/accounts/doctype/pricing_rule/pricing_rule.py:161
erpnext,P3,missing,Please add Root Account for - {0},Veuillez ajouter un compte racine pour - {0},erpnext/accounts/doctype/chart_of_accounts_importer/chart_of_accounts_importer.py:416
erpnext,P3,missing,Please add atleast one Serial No / Batch No,Veuillez ajouter au moins un numéro de série/numéro de lot,erpnext/public/js/utils/serial_no_batch_selector.js:649
erpnext,P3,missing,Please add the Bank Account column,Veuillez ajouter la colonne Compte bancaire,erpnext/accounts/doctype/bank_statement_import/bank_statement_import.py:85
erpnext,P3,missing,Please add the account to root level Company - {0},Veuillez ajouter le compte au niveau racine de l'entreprise - {0},erpnext/accounts/doctype/account/account_tree.js:243
erpnext,P3,missing,Please add {1} role to user {0}.,Veuillez ajouter le rôle {1} à l'utilisateur {0}.,erpnext/controllers/website_list_for_contact.py:298
erpnext,P3,missing,Please adjust the qty or edit {0} to proceed.,Veuillez ajuster la quantité ou modifier {0} pour continuer.,erpnext/controllers/stock_controller.py:1688
erpnext,P3,missing,Please cancel payment entry manually first,Veuillez d'abord annuler manuellement la saisie du paiement.,erpnext/accounts/utils.py:1101
erpnext,P3,missing,Please capitalize this asset before submitting.,Veuillez capitaliser cet atout avant de soumettre.,erpnext/assets/doctype/asset/asset.js:85 erpnext/assets/doctype/asset/asset.py:248
erpnext,P3,missing,Please check Process Deferred Accounting {0} and submit manually after resolving errors.,Veuillez cocher Traiter la comptabilité différée {0} et soumettre manuellement après avoir résolu les erreurs.,erpnext/accounts/deferred_revenue.py:544
erpnext,P3,missing,Please check either with operations or FG Based Operating Cost.,"Veuillez vérifier soit avec les opérations, soit avec les coûts d'exploitation basés sur FG.",erpnext/manufacturing/doctype/bom/bom.js:87
erpnext,P3,missing,Please check your email to confirm the appointment,Veuillez vérifier votre email pour confirmer le rendez-vous,erpnext/crm/doctype/appointment/appointment.py:98 erpnext/www/book_appointment/index.js:235
erpnext,P3,missing,Please create a new Accounting Dimension if required.,Veuillez créer une nouvelle dimension comptable si nécessaire.,erpnext/accounts/doctype/accounting_dimension/accounting_dimension.py:74
erpnext,P3,missing,Please create purchase from internal sale or delivery document itself,Veuillez créer l'achat à partir du document de vente interne ou de livraison lui-même,erpnext/controllers/accounts_controller.py:804
erpnext,P3,missing,Please disable workflow temporarily for Journal Entry {0},Veuillez désactiver temporairement le flux de travail pour l'entrée de journal {0},erpnext/assets/doctype/asset/depreciation.py:554
erpnext,P3,missing,Please do not book expense of multiple assets against one single Asset.,Veuillez ne pas comptabiliser les dépenses de plusieurs actifs sur un seul actif.,erpnext/assets/doctype/asset/asset.py:556
erpnext,P3,missing,Please enable only if the understand the effects of enabling this.,Veuillez l'activer uniquement si vous comprenez les effets de cette activation.,erpnext/accounts/doctype/accounts_settings/accounts_settings.js:13
erpnext,P3,missing,Please enable {} in {} to allow same item in multiple rows,Veuillez activer {} dans {} pour autoriser le même élément sur plusieurs lignes,erpnext/controllers/selling_controller.py:837
erpnext,P3,missing,Please ensure that the {0} account is a Balance Sheet account. You can change the parent account to a Balance Sheet account or select a different account.,Veuillez vous assurer que le compte {0} est un compte de bilan. Vous pouvez changer le compte parent en compte de bilan ou sélectionner un autre compte.,erpnext/accounts/doctype/purchase_invoice/purchase_invoice.py:375
erpnext,P3,missing,Please ensure that the {0} account {1} is a Payable account. You can change the account type to Payable or select a different account.,Veuillez vous assurer que le compte {0} {1} est un compte payable. Vous pouvez modifier le type de compte en Payable ou sélectionner un autre compte.,erpnext/accounts/doctype/purchase_invoice/purchase_invoice.py:383
erpnext,P3,missing,Please enter Maintenance Details first,Veuillez d'abord saisir les détails de la maintenance.,erpnext/maintenance/doctype/maintenance_schedule/maintenance_schedule.py:224
erpnext,P3,missing,Please enter Root Type for account- {0},Veuillez saisir le type de racine pour le compte - {0},erpnext/accounts/doctype/chart_of_accounts_importer/chart_of_accounts_importer.py:395
erpnext,P3,missing,Please enter Serial Nos,Veuillez entrer les numéros de série,erpnext/public/js/utils/serial_no_batch_selector.js:308
erpnext,P3,missing,Please enter mobile number first.,Veuillez d'abord saisir votre numéro de portable.,erpnext/accounts/doctype/pos_invoice/pos_invoice.js:431
erpnext,P3,missing,Please enter quantity for item {0},Veuillez entrer la quantité pour l'article {0},erpnext/public/js/utils/barcode_scanner.js:186
erpnext,P3,missing,Please enter the {schedule_date}.,Veuillez saisir le {schedule_date}.,erpnext/controllers/buying_controller.py:1177
erpnext,P3,missing,Please fix overlapping time slots for {0},Veuillez corriger les plages horaires qui se chevauchent pour {0},erpnext/telephony/doctype/incoming_call_settings/incoming_call_settings.js:94
erpnext,P3,missing,Please fix overlapping time slots for {0}.,Veuillez corriger les plages horaires qui se chevauchent pour {0}.,erpnext/telephony/doctype/incoming_call_settings/incoming_call_settings.py:72
erpnext,P3,missing,Please import accounts against parent company or enable {} in company master.,Veuillez importer les comptes de la société mère ou activer {} dans le fichier principal de la société.,erpnext/accounts/doctype/chart_of_accounts_importer/chart_of_accounts_importer.py:67
erpnext,P3,missing,Please make sure the file you are using has 'Parent Account' column present in the header.,Veuillez vous assurer que le fichier que vous utilisez comporte une colonne « Compte parent » dans l'en-tête.,erpnext/accounts/doctype/chart_of_accounts_importer/chart_of_accounts_importer.py:374
erpnext,P3,missing,Please mention '{0}' in Company: {1},Veuillez mentionner « {0} » dans l'entreprise : {1},erpnext/accounts/general_ledger.py:648 erpnext/accounts/general_ledger.py:655
erpnext,P3,missing,Please mention the Current and New BOM for replacement.,Veuillez mentionner la nomenclature actuelle et la nouvelle pour le remplacement.,erpnext/manufacturing/doctype/bom_update_log/bom_update_log.py:70
erpnext,P3,missing,Please refresh or reset the Plaid linking of the Bank {}.,Veuillez actualiser ou réinitialiser le lien Plaid de la banque {}.,erpnext/erpnext_integrations/doctype/plaid_settings/plaid_settings.py:251
erpnext,P3,missing,Please save before proceeding.,Veuillez enregistrer avant de continuer.,erpnext/accounts/doctype/process_statement_of_accounts/process_statement_of_accounts.js:12 erpnext/accounts/doctype/process_statement_of_accounts/process_statement_of_accounts.js:28
erpnext,P3,missing,Please select Bank Account,Veuillez sélectionner un compte bancaire,erpnext/accounts/doctype/bank_reconciliation_tool/bank_reconciliation_tool.js:68
erpnext,P3,missing,Please select Finished Good Item for Service Item {0},Veuillez sélectionner un bon article fini pour l'article de service {0},erpnext/subcontracting/doctype/subcontracting_inward_order/subcontracting_inward_order.py:210 erpnext/subcontracting/doctype/subcontracting_order/subcontracting_order.py:314
erpnext,P3,missing,Please select Periodic Accounting Entry Difference Account,Veuillez sélectionner Compte de différence d'écriture comptable périodique,erpnext/accounts/doctype/journal_entry/journal_entry.py:251
erpnext,P3,missing,Please select Stock Asset Account,Veuillez sélectionner le compte d'actifs en actions,erpnext/accounts/doctype/journal_entry/journal_entry.py:270
erpnext,P3,missing,Please select Unrealized Profit / Loss account or add default Unrealized Profit / Loss account account for company {0},Veuillez sélectionner le compte de profits/pertes non réalisés ou ajouter le compte de compte de profits/pertes non réalisés par défaut pour la société {0}.,erpnext/controllers/accounts_controller.py:2801
erpnext,P3,missing,Please select a Subcontracting Purchase Order.,Veuillez sélectionner un bon de commande de sous-traitance.,erpnext/subcontracting/doctype/subcontracting_order/subcontracting_order.py:163
erpnext,P3,missing,Please select a Warehouse,Veuillez sélectionner un entrepôt,erpnext/public/js/utils/serial_no_batch_selector.js:653
erpnext,P3,missing,Please select a Work Order first.,Veuillez d'abord sélectionner un bon de travail.,erpnext/manufacturing/doctype/job_card/job_card.py:1444
erpnext,P3,missing,Please select a customer for fetching payments.,Veuillez sélectionner un client pour récupérer les paiements.,erpnext/accounts/report/sales_register/sales_register.py:36
erpnext,P3,missing,Please select a date,Veuillez sélectionner une date,erpnext/www/book_appointment/index.js:67
erpnext,P3,missing,Please select a date and time,Veuillez sélectionner une date et une heure,erpnext/www/book_appointment/index.js:52
erpnext,P3,missing,Please select a supplier for fetching payments.,Veuillez sélectionner un fournisseur pour récupérer les paiements.,erpnext/accounts/report/purchase_register/purchase_register.py:35
erpnext,P3,missing,Please select a valid Purchase Order that has Service Items.,Veuillez sélectionner un bon de commande valide contenant des articles de service.,erpnext/subcontracting/doctype/subcontracting_order/subcontracting_order.py:152
erpnext,P3,missing,Please select a valid Purchase Order that is configured for Subcontracting.,Veuillez sélectionner un bon de commande valide configuré pour la sous-traitance.,erpnext/subcontracting/doctype/subcontracting_order/subcontracting_order.py:149
erpnext,P3,missing,Please select an item code before setting the warehouse.,Veuillez sélectionner un code article avant de définir l'entrepôt.,erpnext/assets/doctype/asset_repair/asset_repair.js:194
erpnext,P3,missing,Please select atleast one operation to create Job Card,Veuillez sélectionner au moins une opération pour créer une fiche de travail,erpnext/manufacturing/doctype/work_order/work_order.js:381
erpnext,P3,missing,Please select valid document type.,Veuillez sélectionner un type de document valide.,erpnext/support/doctype/service_level_agreement/service_level_agreement.py:200
erpnext,P3,missing,Please set '{0}' in Company: {1},Veuillez définir « {0} » dans l'entreprise : {1}.,erpnext/accounts/general_ledger.py:554
erpnext,P3,missing,Please set Account,Veuillez définir le compte,erpnext/accounts/doctype/ledger_merge/ledger_merge.js:36
erpnext,P3,missing,Please set Accounting Dimension {} in {},Veuillez définir la dimension comptable {} dans {},erpnext/accounts/doctype/pos_invoice_merge_log/pos_invoice_merge_log.py:333
erpnext,P3,missing,Please set Customer Address to determine if the transaction is an export.,Veuillez définir l'adresse du client pour déterminer si la transaction est une exportation.,erpnext/regional/united_arab_emirates/utils.py:26
erpnext,P3,missing,Please set Fiscal Code for the customer '%s',Veuillez définir le code fiscal du client « %s »,erpnext/regional/italy/utils.py:250
erpnext,P3,missing,Please set Fiscal Code for the public administration '%s',Veuillez définir le code fiscal de l'administration publique « %s »,erpnext/regional/italy/utils.py:258
erpnext,P3,missing,Please set Fixed Asset Account in Asset Category {0},Veuillez définir le compte d'immobilisations dans la catégorie d'actifs {0},erpnext/assets/doctype/asset/depreciation.py:729
erpnext,P3,missing,Please set Fixed Asset Account in {} against {}.,Veuillez définir le compte d'immobilisation dans {} par rapport à {}.,erpnext/accounts/doctype/purchase_invoice/purchase_invoice.py:592
erpnext,P3,missing,Please set Parent Row No for item {0},Veuillez définir le numéro de ligne parent pour l'article {0}.,erpnext/manufacturing/doctype/bom_creator/bom_creator.py:256
erpnext,P3,missing,Please set Purchase Expense Contra Account in Company {0},Veuillez définir le compte de contrepartie des dépenses d'achat dans la société {0}.,erpnext/controllers/buying_controller.py:352
erpnext,P3,missing,Please set Root Type,Veuillez définir le type de racine,erpnext/accounts/doctype/ledger_merge/ledger_merge.js:24 erpnext/accounts/doctype/ledger_merge/ledger_merge.js:35
erpnext,P3,missing,Please set Tax ID for the customer '%s',Veuillez définir le numéro d'identification fiscale du client « %s »,erpnext/regional/italy/utils.py:265
erpnext,P3,missing,Please set VAT Accounts in {0},Veuillez définir les comptes de TVA dans {0},erpnext/regional/report/vat_audit_report/vat_audit_report.py:56
erpnext,P3,missing,"Please set Vat Accounts for Company: ""{0}"" in UAE VAT Settings","Veuillez définir les comptes de TVA pour l'entreprise : ""{0}"" dans les paramètres de TVA des Émirats arabes unis.",erpnext/regional/united_arab_emirates/utils.py:83
erpnext,P3,missing,Please set a Cost Center for the Asset or set an Asset Depreciation Cost Center for the Company {},Veuillez définir un centre de coûts pour l'actif ou définir un centre de coûts d'amortissement des actifs pour la société {},erpnext/assets/doctype/asset/asset.py:369
erpnext,P3,missing,Please set a default Holiday List for Company {0},Veuillez définir une liste de jours fériés par défaut pour la société {0},erpnext/projects/doctype/project/project.py:731
erpnext,P3,missing,Please set actual demand or sales forecast to generate Material Requirements Planning Report.,Veuillez définir la demande réelle ou les prévisions de ventes pour générer le rapport de planification des besoins en matériaux.,erpnext/manufacturing/doctype/master_production_schedule/master_production_schedule.js:68
erpnext,P3,missing,Please set an Address on the Company '%s',Veuillez définir une adresse pour la société '%s',erpnext/regional/italy/utils.py:220
erpnext,P3,missing,Please set an Expense Account in the Items table,Veuillez définir un compte de dépenses dans le tableau Éléments,erpnext/controllers/stock_controller.py:872
erpnext,P3,missing,Please set both the Tax ID and Fiscal Code on Company {0},Veuillez définir à la fois le numéro d'identification fiscale et le code fiscal sur la société {0}.,erpnext/regional/italy/utils.py:240
erpnext,P3,missing,Please set default Exchange Gain/Loss Account in Company {},Veuillez définir le compte de gain/perte de change par défaut dans la société {},erpnext/accounts/utils.py:2385
erpnext,P3,missing,Please set default Expense Account in Company {0},Veuillez définir le compte de dépenses par défaut dans la société {0},erpnext/assets/doctype/asset_repair/asset_repair.py:386
erpnext,P3,missing,Please set default cost of goods sold account in company {0} for booking rounding gain and loss during stock transfer,Veuillez définir le compte de coût par défaut des marchandises vendues dans la société {0} pour enregistrer les gains et pertes d'arrondi lors du transfert de stock.,erpnext/controllers/stock_controller.py:731
erpnext,P3,missing,"Please set default inventory account for item {0}, or their item group or brand.","Veuillez définir un compte d'inventaire par défaut pour l'article {0}, ou son groupe d'articles ou sa marque.",erpnext/controllers/stock_controller.py:190
erpnext,P3,missing,Please set one of the following:,Veuillez définir l'un des éléments suivants :,erpnext/controllers/accounts_controller.py:2365
erpnext,P3,missing,Please set opening number of booked depreciations,Veuillez définir le numéro d'ouverture des amortissements comptabilisés,erpnext/assets/doctype/asset/asset.py:634
erpnext,P3,missing,Please set the Target Warehouse in the Job Card,Veuillez définir l'entrepôt cible dans la carte de travail,erpnext/manufacturing/doctype/job_card/job_card.py:1507
erpnext,P3,missing,Please set the WIP Warehouse in the Job Card,Veuillez définir l'entrepôt WIP dans la carte de travail,erpnext/manufacturing/doctype/job_card/job_card.py:1511
erpnext,P3,missing,Please set the cost center field in {0} or setup a default Cost Center for the Company.,Veuillez définir le champ du centre de coûts dans {0} ou configurer un centre de coûts par défaut pour l'entreprise.,erpnext/accounts/doctype/gl_entry/gl_entry.py:182
erpnext,P3,missing,Please set {0} first.,Veuillez d'abord définir {0}.,erpnext/public/js/queries.js:34 erpnext/public/js/queries.js:49 erpnext/public/js/queries.js:82 erpnext/public/js/queries.js:103 erpnext/public/js/queries.js:130
erpnext,P3,missing,Please set {0} in BOM Creator {1},Veuillez définir {0} dans BOM Creator {1},erpnext/manufacturing/doctype/bom_creator/bom_creator.py:209
erpnext,P3,missing,"Please set {0} to {1}, the same account that was used in the original invoice {2}.","Veuillez définir {0} sur {1}, le même compte que celui utilisé dans la facture originale {2}.",erpnext/controllers/accounts_controller.py:593
erpnext,P3,missing,Please setup and enable a group account with the Account Type - {0} for the company {1},Veuillez configurer et activer un compte de groupe avec le type de compte - {0} pour la société {1}.,erpnext/erpnext_integrations/doctype/plaid_settings/plaid_settings.py:97
erpnext,P3,missing,Please share this email with your support team so that they can find and fix the issue.,Veuillez partager cet e-mail avec votre équipe d'assistance afin qu'elle puisse trouver et résoudre le problème.,erpnext/assets/doctype/asset/depreciation.py:352
erpnext,P3,missing,Please specify a {0} first.,Veuillez d'abord spécifier un {0}.,erpnext/public/js/queries.js:144
erpnext,P3,missing,Please uncheck 'Show in Bucket View' to create Orders,Veuillez décocher « Afficher dans la vue Bucket » pour créer des commandes.,erpnext/manufacturing/report/material_requirements_planning_report/material_requirements_planning_report.js:139
erpnext,P3,missing,Please update Repair Status.,Veuillez mettre à jour l'état de la réparation.,erpnext/assets/doctype/asset_repair/asset_repair.py:237
erpnext,P3,missing,Portal User,Utilisateur du portail,erpnext/utilities/doctype/portal_user/portal_user.json
erpnext,P3,missing,Posting Date Inheritance for Exchange Gain / Loss,Héritage de la date comptable pour le gain/la perte de change,erpnext/accounts/doctype/accounts_settings/accounts_settings.json
erpnext,P3,missing,Posting Date will change to today's date as Edit Posting Date and Time is unchecked. Are you sure want to proceed?,La date de publication passera à la date d'aujourd'hui si la case Modifier la date et l'heure de publication n'est pas cochée. Êtes-vous sûr de vouloir continuer ?,erpnext/public/js/controllers/transaction.js:992
erpnext,P3,missing,Potential Sales Deal,Accord de vente potentiel,erpnext/crm/doctype/opportunity/opportunity.json
erpnext,P3,missing,Powered by {0},Alimenté par {0},erpnext/templates/includes/footer/footer_powered.html:1
erpnext,P3,missing,Prepaid Expenses,Dépenses payées d'avance,erpnext/accounts/doctype/account/chart_of_accounts/verified/standard_chart_of_accounts.py:34 erpnext/accounts/doctype/account/chart_of_accounts/verified/standard_chart_of_accounts_with_account_number.py:51
erpnext,P3,missing,Preview Required Materials,Aperçu du matériel requis,erpnext/manufacturing/doctype/production_plan/production_plan.json
erpnext,P3,missing,"Previous Year is not closed, please close it first","L'année précédente n'est pas clôturée, veuillez d'abord la fermer",erpnext/accounts/doctype/period_closing_voucher/period_closing_voucher.py:100
erpnext,P3,missing,"Pricing Rule is first selected based on 'Apply On' field, which can be Item, Item Group or Brand.","La règle de tarification est d'abord sélectionnée en fonction du champ « Appliquer sur », qui peut être Article, Groupe d'articles ou Marque.",erpnext/accounts/doctype/pricing_rule/pricing_rule.js:44
erpnext,P3,missing,"Pricing Rule is made to overwrite Price List / define discount percentage, based on some criteria.","La règle de tarification est conçue pour écraser la liste de prix/définir le pourcentage de remise, en fonction de certains critères.",erpnext/accounts/doctype/pricing_rule/pricing_rule.js:40
erpnext,P3,missing,Pricing Rules are further filtered based on quantity.,Les règles de tarification sont ensuite filtrées en fonction de la quantité.,erpnext/accounts/doctype/pricing_rule/pricing_rule.js:46
erpnext,P3,missing,Primary Party,Parti primaire,erpnext/accounts/doctype/party_link/party_link.json
erpnext,P3,missing,Primary Role,Rôle principal,erpnext/accounts/doctype/party_link/party_link.json
erpnext,P3,missing,Print Format Type should be Jinja.,Le type de format d’impression doit être Jinja.,erpnext/accounts/doctype/process_statement_of_accounts/process_statement_of_accounts.py:123
erpnext,P3,missing,Print Format must be an enabled Report Print Format matching the selected Report.,Le format d'impression doit être un format d'impression de rapport activé correspondant au rapport sélectionné.,erpnext/accounts/doctype/process_statement_of_accounts/process_statement_of_accounts.py:127
erpnext,P3,missing,Priority is mandatory,La priorité est obligatoire,erpnext/accounts/doctype/pricing_rule/pricing_rule.py:161
erpnext,P3,missing,Probability (%),Probabilité (%),erpnext/crm/doctype/opportunity/opportunity.json
erpnext,P3,missing,Procedures dropped,Procédures abandonnées,erpnext/accounts/doctype/accounts_settings/accounts_settings.js:39
erpnext,P3,missing,Process Loss Percentage cannot be greater than 100,Le pourcentage de perte de processus ne peut pas être supérieur à 100,erpnext/manufacturing/doctype/bom/bom.py:1165
erpnext,P3,missing,Process Loss Quantity,Quantité de perte de processus,erpnext/manufacturing/doctype/job_card/job_card.js:332
erpnext,P3,missing,Process Loss Report,Rapport de perte de processus,erpnext/manufacturing/report/process_loss_report/process_loss_report.json
erpnext,P3,missing,Process Loss Value,Valeur de perte de processus,erpnext/manufacturing/report/process_loss_report/process_loss_report.py:100
erpnext,P3,missing,Process Payment Reconciliation,Traiter le rapprochement des paiements,erpnext/accounts/doctype/process_payment_reconciliation/process_payment_reconciliation.json
erpnext,P3,missing,Process Payment Reconciliation Log,Traiter le journal de rapprochement des paiements,erpnext/accounts/doctype/process_payment_reconciliation_log/process_payment_reconciliation_log.json
erpnext,P3,missing,Process Payment Reconciliation Log Allocations,Traiter les allocations du journal de rapprochement des paiements,erpnext/accounts/doctype/process_payment_reconciliation_log_allocations/process_payment_reconciliation_log_allocations.json
erpnext,P3,missing,Process Period Closing Voucher,Bon de clôture de période de traitement,erpnext/accounts/doctype/process_period_closing_voucher/process_period_closing_voucher.json
erpnext,P3,missing,Process Period Closing Voucher Detail,Détails du bon de clôture de la période de traitement,erpnext/accounts/doctype/process_period_closing_voucher_detail/process_period_closing_voucher_detail.json
erpnext,P3,missing,Process Statement Of Accounts CC,Traiter l'état des comptes CC,erpnext/accounts/doctype/process_statement_of_accounts_cc/process_statement_of_accounts_cc.json
erpnext,P3,missing,Process Subscription,Abonnement au processus,erpnext/accounts/doctype/process_subscription/process_subscription.json
erpnext,P3,missing,Processed BOMs,Nomenclatures traitées,erpnext/manufacturing/doctype/bom_update_log/bom_update_log.json
erpnext,P3,missing,Processing Date,Date de traitement,erpnext/accounts/doctype/process_period_closing_voucher_detail/process_period_closing_voucher_detail.json
erpnext,P3,missing,Produced / Received Qty,Quantité produite/reçue,erpnext/manufacturing/report/production_plan_summary/production_plan_summary.py:177
erpnext,P3,missing,Product Price ID,ID de prix du produit,erpnext/accounts/doctype/subscription_plan/subscription_plan.json
erpnext,P3,missing,Production Plan Already Submitted,Plan de production déjà soumis,erpnext/manufacturing/doctype/production_plan/production_plan.py:152
erpnext,P3,missing,Production Plan Item Reference,Référence d'article du plan de production,erpnext/manufacturing/doctype/production_plan/production_plan.json erpnext/manufacturing/doctype/production_plan_item_reference/production_plan_item_reference.json
erpnext,P3,missing,Production Plan Summary,Résumé du plan de production,erpnext/manufacturing/doctype/production_plan/production_plan.js:110 erpnext/manufacturing/report/production_plan_summary/production_plan_summary.json
erpnext,P3,missing,Profit and Loss Summary,Résumé des profits et pertes,erpnext/accounts/doctype/bisect_accounting_statements/bisect_accounting_statements.json erpnext/accounts/doctype/bisect_nodes/bisect_nodes.json
erpnext,P3,missing,Progress % for a task cannot be more than 100.,Le % de progression pour une tâche ne peut pas être supérieur à 100.,erpnext/projects/doctype/task/task.py:154
erpnext,P3,missing,Progress (%),Progrès (%),erpnext/projects/report/delayed_tasks_summary/delayed_tasks_summary.py:116
erpnext,P3,missing,Project Progress:,Avancement du projet :,erpnext/templates/pages/projects.html:112
erpnext,P3,missing,Projected Quantity Formula,Formule de quantité projetée,erpnext/manufacturing/doctype/production_plan/production_plan.js:179
erpnext,P3,missing,Prospect,Perspective,erpnext/crm/doctype/lead/lead.js:36 erpnext/crm/doctype/lead/lead.js:62 erpnext/crm/doctype/prospect/prospect.json erpnext/crm/workspace/crm/crm.json
erpnext,P3,missing,Prospect Lead,Responsable des prospects,erpnext/crm/doctype/prospect_lead/prospect_lead.json
erpnext,P3,missing,Prospect Opportunity,Opportunité de prospect,erpnext/crm/doctype/prospect_opportunity/prospect_opportunity.json
erpnext,P3,missing,Prospect {0} already exists,Le prospect {0} existe déjà,erpnext/crm/doctype/lead/lead.py:313
erpnext,P3,missing,Publisher,Éditeur,erpnext/edi/doctype/code_list/code_list.json
erpnext,P3,missing,Publisher ID,Numéro d'éditeur,erpnext/edi/doctype/code_list/code_list.json
erpnext,P3,missing,Purchase Expense for Item {0},Frais d'achat pour l'article {0},erpnext/controllers/buying_controller.py:362 erpnext/controllers/buying_controller.py:376
erpnext,P3,missing,Purchase Order Item reference is missing in Subcontracting Receipt {0},La référence de l'article du bon de commande est manquante dans le reçu de sous-traitance {0},erpnext/subcontracting/doctype/subcontracting_receipt/subcontracting_receipt.py:975
erpnext,P3,missing,Purchase Order {0} created,Bon de commande {0} créé,erpnext/manufacturing/report/material_requirements_planning_report/material_requirements_planning_report.py:1343
erpnext,P3,missing,Purchase Orders {0} are un-linked,Les bons de commande {0} ne sont pas liés,erpnext/controllers/accounts_controller.py:2007
erpnext,P3,missing,Purchase Receipt {0} created.,Reçu d'achat {0} créé.,erpnext/subcontracting/doctype/subcontracting_receipt/subcontracting_receipt.py:1052
erpnext,P3,missing,Purchases,Achats,erpnext/regional/report/vat_audit_report/vat_audit_report.py:146
erpnext,P3,missing,Purposes Required,Objectifs requis,erpnext/maintenance/doctype/maintenance_visit/maintenance_visit.py:56
erpnext,P3,missing,Qty In Stock,Quantité en stock,erpnext/manufacturing/doctype/material_request_plan_item/material_request_plan_item.json
erpnext,P3,missing,Qty Per Unit,Qté par unité,erpnext/manufacturing/report/bom_stock_calculated/bom_stock_calculated.py:82
erpnext,P3,missing,"Qty To Manufacture ({0}) cannot be a fraction for the UOM {2}. To allow this, disable '{1}' in the UOM {2}.","La quantité à fabriquer ({0}) ne peut pas être une fraction pour l'UdM {2}. Pour permettre cela, désactivez « {1} » dans l'UdM {2}.",erpnext/manufacturing/doctype/work_order/work_order.py:1389
erpnext,P3,missing,Qty To Manufacture in the job card cannot be greater than Qty To Manufacture in the work order for the operation {0}. <br><br><b>Solution: </b> Either you can reduce the Qty To Manufacture in the job card or set the 'Overproduction Percentage For Work Order' in the {1}.,"La quantité à fabriquer dans la fiche de travail ne peut pas être supérieure à la quantité à fabriquer dans l'ordre de travail pour l'opération {0}. <br><br><b>Solution : </b> Soit vous pouvez réduire la quantité à fabriquer dans la carte de travail, soit définir le « Pourcentage de surproduction pour l'ordre de travail » dans le {1}.",erpnext/manufacturing/doctype/job_card/job_card.py:224
erpnext,P3,missing,Qty Wise Chart,Tableau des quantités,erpnext/manufacturing/report/quality_inspection_summary/quality_inspection_summary.py:56
erpnext,P3,missing,Qty and Rate,Quantité et tarif,erpnext/assets/doctype/asset_capitalization_service_item/asset_capitalization_service_item.json
erpnext,P3,missing,Qty for which recursion isn't applicable.,Quantité pour laquelle la récursion n'est pas applicable.,erpnext/accounts/doctype/pricing_rule/pricing_rule.json erpnext/accounts/doctype/promotional_scheme_product_discount/promotional_scheme_product_discount.json
erpnext,P3,missing,Qty to Build,Quantité à construire,erpnext/manufacturing/report/work_order_stock_report/work_order_stock_report.py:133
erpnext,P3,missing,Qty to Fetch,Quantité à récupérer,erpnext/public/js/utils/serial_no_batch_selector.js:373
erpnext,P3,missing,Qty to Produce,Quantité à produire,erpnext/manufacturing/doctype/bom_operation/bom_operation.json erpnext/manufacturing/report/work_order_consumed_materials/work_order_consumed_materials.py:129
erpnext,P3,missing,Qualification Status,Statut de qualification,erpnext/crm/doctype/lead/lead.json
erpnext,P3,missing,Qualified,Qualifié,erpnext/crm/doctype/lead/lead.json
erpnext,P3,missing,Quality Action Resolution,Résolution d'action de qualité,erpnext/quality_management/doctype/quality_action_resolution/quality_action_resolution.json
erpnext,P3,missing,Quality Inspections,Contrôles de qualité,erpnext/quality_management/workspace/quality/quality.json
erpnext,P3,missing,Quantity is required,La quantité est requise,erpnext/manufacturing/doctype/plant_floor/plant_floor.js:274
erpnext,P3,missing,Quantity to Produce should be greater than zero.,La quantité à produire doit être supérieure à zéro.,erpnext/manufacturing/report/bom_stock_report/bom_stock_report.py:37
erpnext,P3,missing,Quantity to Scan,Quantité à numériser,erpnext/public/js/utils/barcode_scanner.js:257
erpnext,P3,missing,Queue Size should be between 5 and 100,La taille de la file d'attente doit être comprise entre 5 et 100,erpnext/accounts/doctype/accounts_settings/accounts_settings.py:139
erpnext,P3,missing,Quick Ratio,Rapport rapide,erpnext/accounts/report/financial_ratios/financial_ratios.py:152
erpnext,P3,missing,Quot/Lead %,Quot/Plomb %,erpnext/crm/report/campaign_efficiency/campaign_efficiency.py:26 erpnext/crm/report/lead_owner_efficiency/lead_owner_efficiency.py:32
erpnext,P3,missing,Raised By,Élevé par,erpnext/support/doctype/warranty_claim/warranty_claim.json
erpnext,P3,missing,Rate of '{}' items cannot be changed,Le tarif des articles « {} » ne peut pas être modifié.,erpnext/controllers/accounts_controller.py:4041
erpnext,P3,missing,Rate of Interest (%) Yearly,Taux d'intérêt (%) Annuel,erpnext/accounts/doctype/dunning/dunning.json erpnext/accounts/doctype/dunning_type/dunning_type.json
erpnext,P3,missing,Rates cannot be modified for quoted items,Les tarifs ne sont pas modifiables pour les articles cités,erpnext/controllers/accounts_controller.py:4017
erpnext,P3,missing,Ratios,Rapports,erpnext/accounts/report/financial_ratios/financial_ratios.py:48
erpnext,P3,missing,Raw Material Cost Per Qty,Coût des matières premières par quantité,erpnext/subcontracting/doctype/subcontracting_order_item/subcontracting_order_item.json erpnext/subcontracting/doctype/subcontracting_receipt_item/subcontracting_receipt_item.json
erpnext,P3,missing,Raw Material Item,Article de matière première,erpnext/manufacturing/report/work_order_consumed_materials/work_order_consumed_materials.py:132
erpnext,P3,missing,Raw Material Value,Valeur des matières premières,erpnext/manufacturing/report/process_loss_report/process_loss_report.py:112
erpnext,P3,missing,Raw Materials Actions,Actions sur les matières premières,erpnext/subcontracting/doctype/subcontracting_receipt/subcontracting_receipt.json
erpnext,P3,missing,Raw Materials Required,Matières premières requises,erpnext/subcontracting/doctype/subcontracting_inward_order/subcontracting_inward_order.json
erpnext,P3,missing,Raw Materials to Customer,Matières premières au client,erpnext/subcontracting/doctype/subcontracting_inward_order/subcontracting_inward_order.js:136
erpnext,P3,missing,Raw SQL,SQL brut,erpnext/accounts/doctype/accounts_settings/accounts_settings.json
erpnext,P3,missing,Reached Root,Racine atteinte,erpnext/accounts/doctype/bisect_accounting_statements/bisect_accounting_statements.py:227
erpnext,P3,missing,Reason for Failure,Raison de l'échec,erpnext/accounts/doctype/payment_request/payment_request.json
erpnext,P3,missing,Rebuilding BTree for period ...,Reconstruction de BTree pour la période...,erpnext/accounts/doctype/bisect_accounting_statements/bisect_accounting_statements.js:93
erpnext,P3,missing,Receivable/Payable Account,Compte à recevoir/à payer,erpnext/accounts/doctype/process_payment_reconciliation/process_payment_reconciliation.json
erpnext,P3,missing,Receivable/Payable Account: {0} doesn't belong to company {1},Compte à recevoir/à payer : {0} n'appartient pas à la société {1},erpnext/accounts/doctype/process_payment_reconciliation/process_payment_reconciliation.py:48
erpnext,P3,missing,Reconcile the Bank Transaction,Rapprocher la transaction bancaire,erpnext/public/js/bank_reconciliation_tool/dialog_manager.js:221
erpnext,P3,missing,Reconciled Entries,Écritures rapprochées,erpnext/accounts/doctype/process_payment_reconciliation_log/process_payment_reconciliation_log.json
erpnext,P3,missing,Reconciliation Error Log,Journal des erreurs de rapprochement,erpnext/accounts/doctype/process_payment_reconciliation_log/process_payment_reconciliation_log.json
erpnext,P3,missing,Reconciliation Logs,Journaux de rapprochement,erpnext/accounts/doctype/process_payment_reconciliation/process_payment_reconciliation_dashboard.py:9
erpnext,P3,missing,Reconciliation Progress,Progrès de la réconciliation,erpnext/accounts/doctype/process_payment_reconciliation_log/process_payment_reconciliation_log.js:13
erpnext,P3,missing,Reconciliation Queue Size,Taille de la file d'attente de réconciliation,erpnext/accounts/doctype/accounts_settings/accounts_settings.json
erpnext,P3,missing,Recording HTML,Enregistrement HTML,erpnext/telephony/doctype/call_log/call_log.json
erpnext,P3,missing,Recoverable Standard Rated expenses should not be set when Reverse Charge Applicable is Y,Les dépenses notées standard récupérables ne doivent pas être définies lorsque l'autoliquidation applicable est Y.,erpnext/regional/united_arab_emirates/utils.py:193
erpnext,P3,missing,Recurse Every (As Per Transaction UOM),Récursion tous les (selon l'UdM de la transaction),erpnext/accounts/doctype/pricing_rule/pricing_rule.json erpnext/accounts/doctype/promotional_scheme_product_discount/promotional_scheme_product_discount.json
erpnext,P3,missing,Recurse Over Qty cannot be less than 0,La récursivité supérieure à la quantité ne peut pas être inférieure à 0.,erpnext/accounts/doctype/pricing_rule/pricing_rule.py:240
erpnext,P3,missing,Recursive Discounts with Mixed condition is not supported by the system,Les remises récursives avec condition mixte ne sont pas prises en charge par le système.,erpnext/accounts/doctype/pricing_rule/pricing_rule.py:316 erpnext/accounts/doctype/promotional_scheme/promotional_scheme.py:231
erpnext,P3,missing,Reference Date for Early Payment Discount,Date de référence pour l’escompte pour paiement anticipé,erpnext/public/js/controllers/transaction.js:2744
erpnext,P3,missing,Reference Detail,Détail de référence,erpnext/accounts/doctype/advance_tax/advance_tax.json
erpnext,P3,missing,Reference number of the invoice from the previous system,Numéro de référence de la facture du système précédent,erpnext/accounts/doctype/opening_invoice_creation_tool_item/opening_invoice_creation_tool_item.json
erpnext,P3,missing,Refresh Plaid Link,Actualiser le lien à carreaux,erpnext/accounts/doctype/bank/bank.js:21
erpnext,P3,missing,Rejected Warehouse and Accepted Warehouse cannot be same.,L'entrepôt rejeté et l'entrepôt accepté ne peuvent pas être identiques.,erpnext/public/js/utils/serial_no_batch_selector.js:657
erpnext,P3,missing,Remarks Column Length,Remarques Longueur de colonne,erpnext/accounts/doctype/accounts_settings/accounts_settings.json
erpnext,P3,missing,Remove Parent Row No in Items Table,Supprimer le numéro de ligne parent dans le tableau des éléments,erpnext/manufacturing/doctype/bom_creator/bom_creator.py:96
erpnext,P3,missing,Removing rows without exchange gain or loss,Suppression de lignes sans gain ni perte de change,erpnext/accounts/doctype/exchange_rate_revaluation/exchange_rate_revaluation.py:87
erpnext,P3,missing,Rename jobs for doctype {0} have been enqueued.,Les tâches de renommage pour le type de document {0} ont été mises en file d'attente.,erpnext/utilities/doctype/rename_tool/rename_tool.js:26
erpnext,P3,missing,Rename jobs for doctype {0} have not been enqueued.,Les tâches de renommage pour le type de document {0} n'ont pas été mises en file d'attente.,erpnext/utilities/doctype/rename_tool/rename_tool.js:39
erpnext,P3,missing,Repair,Réparation,erpnext/assets/doctype/asset/asset.json
erpnext,P3,missing,Repair Asset,Actif de réparation,erpnext/assets/doctype/asset/asset.js:120
erpnext,P3,missing,Repair Purchase Invoices,Factures d'achat de réparation,erpnext/assets/doctype/asset_repair/asset_repair.json
erpnext,P3,missing,"Replace a particular BOM in all other BOMs where it is used. It will replace the old BOM link, update cost and regenerate ""BOM Explosion Item"" table as per new BOM.
It also updates latest price in all the BOMs.","Remplacez une nomenclature particulière dans toutes les autres nomenclatures où elle est utilisée. Il remplacera l'ancien lien de nomenclature, mettra à jour le coût et régénérera la table « Article d'explosion de nomenclature » ​​selon la nouvelle nomenclature.
Il met également à jour le dernier prix dans toutes les nomenclatures.",erpnext/manufacturing/doctype/bom_update_tool/bom_update_tool.json
erpnext,P3,missing,Report Error,Signaler une erreur,erpnext/accounts/doctype/bank_statement_import/bank_statement_import.js:225
erpnext,P3,missing,Report Line Items,Éléments de campagne du rapport,erpnext/accounts/doctype/financial_report_template/financial_report_template.json
erpnext,P3,missing,Report Template,Modèle de rapport,erpnext/accounts/report/balance_sheet/balance_sheet.js:13 erpnext/accounts/report/cash_flow/cash_flow.js:22 erpnext/accounts/report/custom_financial_statement/custom_financial_statement.js:13 erpnext/accounts/report/profit_and_loss_statement/profit_and_loss_statement.js:13
erpnext,P3,missing,Reporting Currency Exchange Not Found,Taux de change de déclaration introuvable,erpnext/accounts/doctype/account_closing_balance/account_closing_balance.py:164 erpnext/accounts/doctype/gl_entry/gl_entry.py:313
erpnext,P3,missing,Reporting Currency Exchange Rate,Taux de change de la devise de présentation,erpnext/accounts/doctype/account_closing_balance/account_closing_balance.json erpnext/accounts/doctype/gl_entry/gl_entry.json
erpnext,P3,missing,Repost Accounting Ledger,Republier le grand livre comptable,erpnext/accounts/doctype/repost_accounting_ledger/repost_accounting_ledger.json
erpnext,P3,missing,Repost Accounting Ledger Items,Republier les postes du grand livre comptable,erpnext/accounts/doctype/repost_accounting_ledger_items/repost_accounting_ledger_items.json
erpnext,P3,missing,Repost Accounting Ledger Settings,Republier les paramètres du grand livre comptable,erpnext/accounts/doctype/repost_accounting_ledger_settings/repost_accounting_ledger_settings.json
erpnext,P3,missing,Repost Allowed Types,Republier les types autorisés,erpnext/accounts/doctype/repost_allowed_types/repost_allowed_types.json
erpnext,P3,missing,Repost Error Log,Republier le journal des erreurs,erpnext/accounts/doctype/repost_payment_ledger/repost_payment_ledger.json
erpnext,P3,missing,Repost Payment Ledger,Republier le grand livre des paiements,erpnext/accounts/doctype/repost_payment_ledger/repost_payment_ledger.json
erpnext,P3,missing,Repost Payment Ledger Items,Republier les postes du grand livre des paiements,erpnext/accounts/doctype/repost_payment_ledger_items/repost_payment_ledger_items.json
erpnext,P3,missing,Repost Status,Statut de republication,erpnext/accounts/doctype/repost_payment_ledger/repost_payment_ledger.json
erpnext,P3,missing,Repost has started in the background,La republication a commencé en arrière-plan,erpnext/accounts/doctype/repost_accounting_ledger/repost_accounting_ledger.py:146
erpnext,P3,missing,Repost in background,Republier en arrière-plan,erpnext/accounts/doctype/repost_payment_ledger/repost_payment_ledger.js:40
erpnext,P3,missing,Repost started in the background,La republication a démarré en arrière-plan,erpnext/accounts/doctype/repost_payment_ledger/repost_payment_ledger.py:118
erpnext,P3,missing,Reposting in the background.,Republier en arrière-plan.,erpnext/accounts/doctype/repost_payment_ledger/repost_payment_ledger.js:49
erpnext,P3,missing,Represents a Financial Year. All accounting entries and other major transactions are tracked against the Fiscal Year.,Représente un exercice financier. Toutes les écritures comptables et autres transactions importantes sont suivies par rapport à l'exercice.,erpnext/accounts/doctype/fiscal_year/fiscal_year.json
erpnext,P3,missing,Reqd By Date,Demande par date,erpnext/templates/form_grid/material_request_grid.html:25
erpnext,P3,missing,Reqd Qty (BOM),Quantité requise (nomenclature),erpnext/manufacturing/doctype/material_request_plan_item/material_request_plan_item.json
erpnext,P3,missing,Reqired Qty,Quantité requise,erpnext/manufacturing/doctype/workstation/workstation.js:489
erpnext,P3,missing,Request Parameters,Paramètres de la demande,erpnext/accounts/doctype/currency_exchange_settings/currency_exchange_settings.json
erpnext,P3,missing,"Requested Qty: Quantity requested for purchase, but not ordered.","Quantité demandée : quantité demandée pour l'achat, mais non commandée.",erpnext/manufacturing/doctype/production_plan/production_plan.js:179
erpnext,P3,missing,Required On,Obligatoire le,erpnext/templates/form_grid/material_request_grid.html:7
erpnext,P3,missing,Reservation,Réservation,erpnext/manufacturing/doctype/production_plan/production_plan_dashboard.py:13
erpnext,P3,missing,Reserve for Raw Materials,Réserve pour les matières premières,erpnext/manufacturing/doctype/production_plan/production_plan.js:287
erpnext,P3,missing,Reserve for Sub-assembly,Réserve pour sous-ensemble,erpnext/manufacturing/doctype/production_plan/production_plan.js:261
erpnext,P3,missing,Reserved Batch Conflict,Conflit de lots réservés,erpnext/controllers/stock_controller.py:1269
erpnext,P3,missing,Reserved Warehouse is mandatory for the Item {item_code} in Raw Materials supplied.,L'entrepôt réservé est obligatoire pour l'article {item_code} dans les matières premières fournies.,erpnext/controllers/buying_controller.py:645
erpnext,P3,missing,Reset Plaid Link,Réinitialiser le lien Plaid,erpnext/erpnext_integrations/doctype/plaid_settings/plaid_settings.js:19
erpnext,P3,missing,Reset Raw Materials Table,Réinitialiser le tableau des matières premières,erpnext/subcontracting/doctype/subcontracting_receipt/subcontracting_receipt.json
erpnext,P3,missing,Resolution Due,Résolution due,erpnext/support/doctype/issue/issue.json
erpnext,P3,missing,Response and Resolution,Réponse et résolution,erpnext/support/doctype/service_level_agreement/service_level_agreement.json
erpnext,P3,missing,Restore Asset,Restaurer l'actif,erpnext/assets/doctype/asset/asset.js:135
erpnext,P3,missing,Restrict,Limiter,erpnext/accounts/doctype/accounting_dimension_filter/accounting_dimension_filter.json
erpnext,P3,missing,Result Key,Clé de résultat,erpnext/accounts/doctype/currency_exchange_settings/currency_exchange_settings.json
erpnext,P3,missing,Resume Job,Reprendre le travail,erpnext/manufacturing/doctype/job_card/job_card.js:239
erpnext,P3,missing,Resume Timer,Reprendre la minuterie,erpnext/projects/doctype/timesheet/timesheet.js:65
erpnext,P3,missing,Retried,Réessayé,erpnext/bulk_transaction/doctype/bulk_transaction_log_detail/bulk_transaction_log_detail.json
erpnext,P3,missing,Retry Failed Transactions,Réessayer les transactions ayant échoué,erpnext/bulk_transaction/doctype/bulk_transaction_log/bulk_transaction_log.js:27
erpnext,P3,missing,Return Against Subcontracting Receipt,Retour contre réception de sous-traitance,erpnext/subcontracting/doctype/subcontracting_receipt/subcontracting_receipt.json
erpnext,P3,missing,Return Components,Composants de retour,erpnext/manufacturing/doctype/work_order/work_order.js:284
erpnext,P3,missing,Return on Asset Ratio,Ratio de retour sur actif,erpnext/accounts/report/financial_ratios/financial_ratios.py:173
erpnext,P3,missing,Return on Equity Ratio,Ratio de rendement des capitaux propres,erpnext/accounts/report/financial_ratios/financial_ratios.py:174
erpnext,P3,missing,Returned exchange rate is neither integer not float.,Le taux de change renvoyé n’est ni entier ni flottant.,erpnext/accounts/doctype/currency_exchange_settings/currency_exchange_settings.py:101
erpnext,P3,missing,Revaluation Journals,Journaux de réévaluation,erpnext/accounts/report/accounts_payable/accounts_payable.js:140 erpnext/accounts/report/accounts_payable_summary/accounts_payable_summary.js:102 erpnext/accounts/report/accounts_receivable/accounts_receivable.js:172 erpnext/accounts/report/accounts_receivable_summary/accounts_receivable_summary.js:130
erpnext,P3,missing,Revaluation Surplus,Excédent de réévaluation,erpnext/accounts/doctype/account/chart_of_accounts/verified/standard_chart_of_accounts.py:197 erpnext/accounts/doctype/account/chart_of_accounts/verified/standard_chart_of_accounts_with_account_number.py:353
erpnext,P3,missing,Revenue,Revenu,erpnext/accounts/report/deferred_revenue_and_expense/deferred_revenue_and_expense.js:88
erpnext,P3,missing,Reversal Of,Inversion de,erpnext/accounts/doctype/journal_entry/journal_entry.json
erpnext,P3,missing,Reverse Sign,Signe inversé,erpnext/accounts/doctype/financial_report_row/financial_report_row.json
erpnext,P3,missing,Reviews,Avis,erpnext/quality_management/doctype/quality_procedure/quality_procedure.json erpnext/quality_management/doctype/quality_review/quality_review.json
erpnext,P3,missing,Revise Budget,Réviser le budget,erpnext/accounts/doctype/budget/budget.js:37
erpnext,P3,missing,Revision Of,Révision de,erpnext/accounts/doctype/budget/budget.json
erpnext,P3,missing,Revision cancelled,Révision annulée,erpnext/accounts/doctype/budget/budget.js:98
erpnext,P3,missing,Right Child,Enfant droit,erpnext/accounts/doctype/bisect_nodes/bisect_nodes.json
erpnext,P3,missing,Role allowed to bypass period restrictions.,Rôle autorisé à contourner les restrictions de période.,erpnext/accounts/doctype/accounting_period/accounting_period.json
erpnext,P3,missing,Role to Notify on Depreciation Failure,Rôle de notification en cas d'échec de l'amortissement,erpnext/accounts/doctype/accounts_settings/accounts_settings.json
erpnext,P3,missing,Root,Racine,erpnext/accounts/doctype/bisect_nodes/bisect_nodes.json
erpnext,P3,missing,"Root Type for {0} must be one of the Asset, Liability, Income, Expense and Equity","Le type de racine pour {0} doit être l'un des éléments suivants : actif, passif, revenu, dépense et capitaux propres.",erpnext/accounts/doctype/chart_of_accounts_importer/chart_of_accounts_importer.py:399
erpnext,P3,missing,Round Free Qty,Quantité gratuite ronde,erpnext/accounts/doctype/pricing_rule/pricing_rule.json erpnext/accounts/doctype/promotional_scheme_product_discount/promotional_scheme_product_discount.json
erpnext,P3,missing,Round Off Tax Amount,Arrondir le montant de la taxe,erpnext/accounts/doctype/tax_withholding_category/tax_withholding_category.json
erpnext,P3,missing,Round Tax Amount Row-wise,Arrondir le montant de la taxe par ligne,erpnext/accounts/doctype/accounts_settings/accounts_settings.json
erpnext,P3,missing,Rounding Loss Allowance,Allocation pour perte d’arrondi,erpnext/accounts/doctype/exchange_rate_revaluation/exchange_rate_revaluation.json
erpnext,P3,missing,Rounding Loss Allowance should be between 0 and 1,L'allocation de perte d'arrondi doit être comprise entre 0 et 1.,erpnext/accounts/doctype/exchange_rate_revaluation/exchange_rate_revaluation.js:45 erpnext/accounts/doctype/exchange_rate_revaluation/exchange_rate_revaluation.py:48
erpnext,P3,missing,Rounding gain/loss Entry for Stock Transfer,Saisie gain/perte d'arrondi pour transfert de stock,erpnext/controllers/stock_controller.py:743 erpnext/controllers/stock_controller.py:758
erpnext,P3,missing,Row #1: Sequence ID must be 1 for Operation {0}.,Ligne 1 : l'ID de séquence doit être 1 pour l'opération {0}.,erpnext/manufacturing/doctype/work_order/work_order.py:257
erpnext,P3,missing,Row #{0}: Accepted Warehouse and Rejected Warehouse cannot be same,Ligne #{0} : L'entrepôt accepté et l'entrepôt rejeté ne peuvent pas être identiques,erpnext/controllers/subcontracting_controller.py:125 erpnext/subcontracting/doctype/subcontracting_receipt/subcontracting_receipt.py:534
erpnext,P3,missing,Row #{0}: Accepted Warehouse is mandatory for the accepted Item {1},Ligne #{0} : L'entrepôt accepté est obligatoire pour l'article accepté {1},erpnext/subcontracting/doctype/subcontracting_receipt/subcontracting_receipt.py:527
erpnext,P3,missing,Row #{0}: Amount must be a positive number,Ligne #{0} : le montant doit être un nombre positif,erpnext/assets/doctype/asset_capitalization/asset_capitalization.py:293
erpnext,P3,missing,Row #{0}: Batch No(s) {1} is not a part of the linked Subcontracting Inward Order. Please select valid Batch No(s).,Ligne n° {0} : Les numéros de lot {1} ne font pas partie de la commande entrante de sous-traitance liée. Veuillez sélectionner un ou plusieurs numéros de lot valides.,erpnext/controllers/subcontracting_inward_controller.py:430
erpnext,P3,missing,Row #{0}: Cannot cancel this Manufacturing Stock Entry as billed quantity of Item {1} cannot be greater than consumed quantity.,Ligne n° {0} : Impossible d'annuler cette entrée de stock de fabrication car la quantité facturée de l'article {1} ne peut pas être supérieure à la quantité consommée.,erpnext/controllers/subcontracting_inward_controller.py:631
erpnext,P3,missing,Row #{0}: Cannot cancel this Manufacturing Stock Entry as quantity of Scrap Item {1} produced cannot be less than quantity delivered.,Ligne n° {0} : Impossible d'annuler cette entrée de stock de fabrication car la quantité d'article de rebut {1} produite ne peut pas être inférieure à la quantité livrée.,erpnext/controllers/subcontracting_inward_controller.py:610
erpnext,P3,missing,Row #{0}: Cannot cancel this Stock Entry as returned quantity cannot be greater than delivered quantity for Item {1} in the linked Subcontracting Inward Order,Ligne n° {0} : Impossible d'annuler cette entrée de stock car la quantité retournée ne peut pas être supérieure à la quantité livrée pour l'article {1} dans la commande entrante de sous-traitance liée.,erpnext/controllers/subcontracting_inward_controller.py:478
erpnext,P3,missing,Row #{0}: Cannot set Rate if the billed amount is greater than the amount for Item {1}.,Ligne #{0} : Impossible de définir le tarif si le montant facturé est supérieur au montant de l'article {1}.,erpnext/controllers/accounts_controller.py:4051
erpnext,P3,missing,Row #{0}: Cannot transfer more than Required Qty {1} for Item {2} against Job Card {3},Ligne n° {0} : Impossible de transférer plus que la quantité requise {1} pour l'article {2} vers la carte de travail {3},erpnext/manufacturing/doctype/job_card/job_card.py:1007
erpnext,P3,missing,Row #{0}: Consumed Asset {1} cannot be Draft,Ligne n° {0} : L'actif consommé {1} ne peut pas être une ébauche,erpnext/assets/doctype/asset_capitalization/asset_capitalization.py:268
erpnext,P3,missing,Row #{0}: Consumed Asset {1} cannot be cancelled,Ligne n° {0} : L'actif consommé {1} ne peut pas être annulé,erpnext/assets/doctype/asset_capitalization/asset_capitalization.py:271
erpnext,P3,missing,Row #{0}: Consumed Asset {1} cannot be the same as the Target Asset,Ligne #{0} : L'actif consommé {1} ne peut pas être le même que l'actif cible,erpnext/assets/doctype/asset_capitalization/asset_capitalization.py:253
erpnext,P3,missing,Row #{0}: Consumed Asset {1} cannot be {2},Ligne n° {0} : L'actif consommé {1} ne peut pas être {2},erpnext/assets/doctype/asset_capitalization/asset_capitalization.py:262
erpnext,P3,missing,Row #{0}: Consumed Asset {1} does not belong to company {2},Ligne n° {0} : L'actif consommé {1} n'appartient pas à la société {2},erpnext/assets/doctype/asset_capitalization/asset_capitalization.py:276
erpnext,P3,missing,Row #{0}: Cumulative threshold cannot be less than Single Transaction threshold,Ligne n° {0} : le seuil cumulatif ne peut pas être inférieur au seuil de transaction unique,erpnext/accounts/doctype/tax_withholding_category/tax_withholding_category.py:76
erpnext,P3,missing,Row #{0}: Customer Provided Item {1} against Subcontracting Inward Order Item {2} ({3}) cannot be added multiple times.,Ligne n° {0} : L'article fourni par le client {1} contre l'article de commande entrante de sous-traitance {2} ({3}) ne peut pas être ajouté plusieurs fois.,erpnext/controllers/subcontracting_inward_controller.py:88
erpnext,P3,missing,Row #{0}: Customer Provided Item {1} cannot be added multiple times in the Subcontracting Inward process.,Ligne n° {0} : L'article fourni par le client {1} ne peut pas être ajouté plusieurs fois dans le processus de sous-traitance entrante.,erpnext/controllers/subcontracting_inward_controller.py:176 erpnext/controllers/subcontracting_inward_controller.py:301 erpnext/controllers/subcontracting_inward_controller.py:349
erpnext,P3,missing,Row #{0}: Customer Provided Item {1} cannot be added multiple times.,Ligne n° {0} : L'article fourni par le client {1} ne peut pas être ajouté plusieurs fois.,erpnext/manufacturing/doctype/work_order/work_order.py:334
erpnext,P3,missing,Row #{0}: Customer Provided Item {1} does not exist in the Required Items table linked to the Subcontracting Inward Order.,Ligne n° {0} : L'article fourni par le client {1} n'existe pas dans le tableau Articles requis lié à la commande entrante de sous-traitance.,erpnext/manufacturing/doctype/work_order/work_order.py:359
erpnext,P3,missing,Row #{0}: Customer Provided Item {1} exceeds quantity available through Subcontracting Inward Order,Ligne n° {0} : L'article fourni par le client {1} dépasse la quantité disponible via la commande entrante de sous-traitance,erpnext/controllers/subcontracting_inward_controller.py:285
erpnext,P3,missing,Row #{0}: Customer Provided Item {1} has insufficient quantity in the Subcontracting Inward Order. Available quantity is {2}.,Ligne n° {0} : L'article fourni par le client {1} présente une quantité insuffisante dans la commande entrante de sous-traitance. La quantité disponible est {2}.,erpnext/manufacturing/doctype/work_order/work_order.py:347
erpnext,P3,missing,Row #{0}: Customer Provided Item {1} is not a part of Subcontracting Inward Order {2},Ligne n° {0} : L'article fourni par le client {1} ne fait pas partie de la commande entrante de sous-traitance {2},erpnext/controllers/subcontracting_inward_controller.py:312
erpnext,P3,missing,Row #{0}: Customer Provided Item {1} is not a part of Work Order {2},Ligne n° {0} : L'article fourni par le client {1} ne fait pas partie de l'ordre de travail {2},erpnext/controllers/subcontracting_inward_controller.py:218 erpnext/controllers/subcontracting_inward_controller.py:360
erpnext,P3,missing,Row #{0}: Dates overlapping with other row,Ligne #{0} : dates chevauchant une autre ligne,erpnext/accounts/doctype/tax_withholding_category/tax_withholding_category.py:52
erpnext,P3,missing,Row #{0}: Expense Account not set for the Item {1}. {2},Ligne #{0} : Compte de dépenses non défini pour l'article {1}. {2},erpnext/controllers/stock_controller.py:874
erpnext,P3,missing,Row #{0}: Expense account {1} is not valid for Purchase Invoice {2}. Only expense accounts from non-stock items are allowed.,Ligne #{0} : Le compte de dépenses {1} n'est pas valide pour la facture d'achat {2}. Seuls les comptes de dépenses des articles hors stock sont autorisés.,erpnext/assets/doctype/asset_repair/asset_repair.py:146
erpnext,P3,missing,Row #{0}: Finished Good reference is mandatory for Scrap Item {1}.,Ligne n° {0} : La référence du produit fini est obligatoire pour l'article mis au rebut {1}.,erpnext/subcontracting/doctype/subcontracting_receipt/subcontracting_receipt.py:515
erpnext,P3,missing,"Row #{0}: For Customer Provided Item {1}, Source Warehouse must be {2}","Ligne n° {0} : Pour l'article fourni par le client {1}, l'entrepôt source doit être {2}",erpnext/controllers/subcontracting_inward_controller.py:168 erpnext/controllers/subcontracting_inward_controller.py:291
erpnext,P3,missing,"Row #{0}: For {1}, you can select reference document only if account gets credited","Ligne n° {0} : pour {1}, vous pouvez sélectionner le document de référence uniquement si le compte est crédité.",erpnext/accounts/doctype/journal_entry/journal_entry.py:665
erpnext,P3,missing,"Row #{0}: For {1}, you can select reference document only if account gets debited","Ligne n° {0} : pour {1}, vous pouvez sélectionner le document de référence uniquement si le compte est débité.",erpnext/accounts/doctype/journal_entry/journal_entry.py:675
erpnext,P3,missing,Row #{0}: From Date cannot be before To Date,Ligne n° {0} : La date du début ne peut pas être antérieure à la date du début.,erpnext/accounts/doctype/tax_withholding_category/tax_withholding_category.py:48
erpnext,P3,missing,Row #{0}: From Time and To Time fields are required,Ligne n° {0} : les champs De l'heure et À l'heure sont obligatoires,erpnext/manufacturing/doctype/job_card/job_card.py:759
erpnext,P3,missing,Row #{0}: Item {1} has no stock in warehouse {2}.,Ligne n° {0} : L'article {1} n'a pas de stock dans l'entrepôt {2}.,erpnext/accounts/doctype/pos_invoice/pos_invoice.py:448
erpnext,P3,missing,Row #{0}: Item {1} has zero rate but 'Allow Zero Valuation Rate' is not enabled.,Ligne n° {0} : l'article {1} a un taux nul mais « Autoriser un taux de valorisation nul » n'est pas activé.,erpnext/controllers/stock_controller.py:109
erpnext,P3,missing,"Row #{0}: Item {1} in warehouse {2}: Available {3}, Needed {4}.","Ligne n° {0} : article {1} dans l'entrepôt {2} : disponible {3}, nécessaire {4}.",erpnext/accounts/doctype/pos_invoice/pos_invoice.py:455
erpnext,P3,missing,Row #{0}: Item {1} is not a Customer Provided Item.,Ligne n° {0} : l'article {1} n'est pas un article fourni par le client.,erpnext/controllers/subcontracting_inward_controller.py:63
erpnext,P3,missing,Row #{0}: Item {1} is not a part of Subcontracting Inward Order {2},Ligne n° {0} : L'article {1} ne fait pas partie de la commande entrante de sous-traitance {2},erpnext/controllers/subcontracting_inward_controller.py:113 erpnext/controllers/subcontracting_inward_controller.py:491
erpnext,P3,missing,Row #{0}: Item {1} is not a service item,Ligne n° {0} : l'article {1} n'est pas un article de service,erpnext/assets/doctype/asset_capitalization/asset_capitalization.py:287
erpnext,P3,missing,Row #{0}: Item {1} is not a stock item,Ligne n° {0} : l'article {1} n'est pas un article en stock,erpnext/assets/doctype/asset_capitalization/asset_capitalization.py:241
erpnext,P3,missing,"Row #{0}: Item {1} mismatch. Changing of item code is not permitted, add another row instead.","Ligne n° {0} : article {1} non-concordance. La modification du code article n'est pas autorisée, ajoutez plutôt une autre ligne.",erpnext/controllers/subcontracting_inward_controller.py:77
erpnext,P3,missing,Row #{0}: Item {1} mismatch. Changing of item code is not permitted.,Ligne n° {0} : article {1} non-concordance. La modification du code article n'est pas autorisée.,erpnext/controllers/subcontracting_inward_controller.py:126
erpnext,P3,missing,Row #{0}: Next Depreciation Date cannot be before Available-for-use Date,Ligne n° {0} : La prochaine date d'amortissement ne peut pas être antérieure à la date de disponibilité pour l'utilisation.,erpnext/assets/doctype/asset/asset.py:655
erpnext,P3,missing,Row #{0}: Next Depreciation Date cannot be before Purchase Date,Ligne #{0} : La prochaine date d'amortissement ne peut pas être antérieure à la date d'achat.,erpnext/assets/doctype/asset/asset.py:650
erpnext,P3,missing,Row #{0}: Opening Accumulated Depreciation must be less than or equal to {1},Ligne #{0} : L'amortissement accumulé d'ouverture doit être inférieur ou égal à {1},erpnext/assets/doctype/asset/asset.py:627
erpnext,P3,missing,Row #{0}: Overconsumption of Customer Provided Item {1} against Work Order {2} is not allowed in the Subcontracting Inward process.,Ligne n° {0} : La surconsommation de l'article fourni par le client {1} par rapport à l'ordre de travail {2} n'est pas autorisée dans le processus de sous-traitance entrante.,erpnext/controllers/subcontracting_inward_controller.py:206 erpnext/controllers/subcontracting_inward_controller.py:339
erpnext,P3,missing,Row #{0}: Please select Item Code in Assembly Items,Ligne n° {0} : Veuillez sélectionner le code d'article dans les articles d'assemblage.,erpnext/manufacturing/doctype/production_plan/production_plan.py:1030
erpnext,P3,missing,Row #{0}: Please select the BOM No in Assembly Items,Ligne n° {0} : veuillez sélectionner le numéro de nomenclature dans les articles d'assemblage.,erpnext/manufacturing/doctype/production_plan/production_plan.py:1033
erpnext,P3,missing,Row #{0}: Please select the Finished Good Item against which this Customer Provided Item will be used.,Ligne n° {0} : Veuillez sélectionner l'article fini pour lequel cet article fourni par le client sera utilisé.,erpnext/controllers/subcontracting_inward_controller.py:104
erpnext,P3,missing,Row #{0}: Please select the Sub Assembly Warehouse,Ligne #{0} : Veuillez sélectionner l'entrepôt de sous-ensembles,erpnext/manufacturing/doctype/production_plan/production_plan.py:1027
erpnext,P3,missing,Row #{0}: Please update deferred revenue/expense account in item row or default account in company master,Ligne n° {0} : veuillez mettre à jour le compte de produits/dépenses différés dans la ligne d'article ou le compte par défaut dans la fiche de l'entreprise.,erpnext/controllers/accounts_controller.py:616
erpnext,P3,missing,Row #{0}: Qty increased by {1},Ligne n° {0} : quantité augmentée de {1},erpnext/public/js/utils/barcode_scanner.js:425
erpnext,P3,missing,Row #{0}: Qty must be a positive number,Ligne #{0} : La quantité doit être un nombre positif,erpnext/assets/doctype/asset_capitalization/asset_capitalization.py:244 erpnext/assets/doctype/asset_capitalization/asset_capitalization.py:290
erpnext,P3,missing,Row #{0}: Quality Inspection is required for Item {1},Ligne n° {0} : Une inspection de qualité est requise pour l'article {1},erpnext/controllers/stock_controller.py:1406
erpnext,P3,missing,Row #{0}: Quality Inspection {1} is not submitted for the item: {2},Ligne n° {0} : L'inspection qualité {1} n'est pas soumise pour l'article : {2},erpnext/controllers/stock_controller.py:1421
erpnext,P3,missing,Row #{0}: Quality Inspection {1} was rejected for item {2},Ligne n° {0} : L'inspection qualité {1} a été rejetée pour l'article {2},erpnext/controllers/stock_controller.py:1436
erpnext,P3,missing,Row #{0}: Quantity of Item {1} cannot be more than {2} {3} against Subcontracting Inward Order {4},Ligne n° {0} : La quantité de l'article {1} ne peut pas être supérieure à {2} {3} par rapport à la commande entrante de sous-traitance {4},erpnext/controllers/subcontracting_inward_controller.py:532
erpnext,P3,missing,Row #{0}: Rate must be same as {1}: {2} ({3} / {4}),Ligne #{0} : Le taux doit être le même que {1} : {2} ({3} / {4}),erpnext/controllers/accounts_controller.py:871 erpnext/controllers/accounts_controller.py:883 erpnext/utilities/transaction_base.py:114 erpnext/utilities/transaction_base.py:120
erpnext,P3,missing,Row #{0}: Rejected Qty cannot be set for Scrap Item {1}.,Ligne n° {0} : La quantité rejetée ne peut pas être définie pour l'article mis au rebut {1}.,erpnext/subcontracting/doctype/subcontracting_receipt/subcontracting_receipt.py:508
erpnext,P3,missing,Row #{0}: Rejected Warehouse is mandatory for the rejected Item {1},Ligne #{0} : Entrepôt rejeté est obligatoire pour l'article rejeté {1},erpnext/controllers/subcontracting_controller.py:118
erpnext,P3,missing,Row #{0}: Repair cost {1} exceeds available amount {2} for Purchase Invoice {3} and Account {4},Ligne n° {0} : Le coût de réparation {1} dépasse le montant disponible {2} pour la facture d'achat {3} et le compte {4}.,erpnext/assets/doctype/asset_repair/asset_repair.py:164
erpnext,P3,missing,Row #{0}: Returned quantity cannot be greater than available quantity for Item {1},Ligne n° {0} : la quantité retournée ne peut pas être supérieure à la quantité disponible pour l'article {1}.,erpnext/controllers/subcontracting_inward_controller.py:140
erpnext,P3,missing,Row #{0}: Returned quantity cannot be greater than available quantity to return for Item {1},Ligne n°{0} : La quantité retournée ne peut pas être supérieure à la quantité disponible à retourner pour l'article {1}.,erpnext/controllers/subcontracting_inward_controller.py:153
erpnext,P3,missing,Row #{0}: Scrap Item Qty cannot be zero,Ligne n° {0} : La quantité d'articles mis au rebut ne peut pas être nulle.,erpnext/subcontracting/doctype/subcontracting_receipt/subcontracting_receipt.py:503
erpnext,P3,missing,"Row #{0}: Selling rate for item {1} is lower than its {2}.
					Selling {3} should be atleast {4}.<br><br>Alternatively,
					you can disable selling price validation in {5} to bypass
					this validation.","Ligne n° {0} : le taux de vente de l'article {1} est inférieur à son {2}.
					La vente de {3} doit être d'au moins {4}.<br><br>Alternativement,
					vous pouvez désactiver la validation du prix de vente dans {5} pour contourner
					cette validation.",erpnext/controllers/selling_controller.py:296
erpnext,P3,missing,Row #{0}: Sequence ID must be {1} or {2} for Operation {3}.,Ligne n° {0} : L'ID de séquence doit être {1} ou {2} pour l'opération {3}.,erpnext/manufacturing/doctype/work_order/work_order.py:263
erpnext,P3,missing,Row #{0}: Serial No(s) {1} are not a part of the linked Subcontracting Inward Order. Please select valid Serial No(s).,Ligne n° {0} : les numéros de série {1} ne font pas partie de la commande entrante de sous-traitance liée. Veuillez sélectionner un ou plusieurs numéros de série valides.,erpnext/controllers/subcontracting_inward_controller.py:419
erpnext,P3,missing,"Row #{0}: Since 'Track Semi Finished Goods' is enabled, the BOM {1} cannot be used for Sub Assembly Items","Ligne n° {0} : puisque « Suivi des produits semi-finis » est activé, la nomenclature {1} ne peut pas être utilisée pour les articles de sous-ensemble.",erpnext/manufacturing/doctype/production_plan/production_plan.py:1037
erpnext,P3,missing,Row #{0}: Source Warehouse must be same as Customer Warehouse {1} from the linked Subcontracting Inward Order,Ligne n° {0} : L'entrepôt source doit être le même que l'entrepôt client {1} de la commande entrante de sous-traitance liée.,erpnext/controllers/subcontracting_inward_controller.py:398
erpnext,P3,missing,Row #{0}: Source Warehouse {1} for item {2} cannot be a customer warehouse.,Ligne n° {0} : L'entrepôt source {1} pour l'article {2} ne peut pas être un entrepôt client.,erpnext/manufacturing/doctype/work_order/work_order.py:368
erpnext,P3,missing,Row #{0}: Source Warehouse {1} for item {2} must be same as Source Warehouse {3} in the Work Order.,Ligne n° {0} : L'entrepôt source {1} pour l'article {2} doit être le même que l'entrepôt source {3} dans le bon de travail.,erpnext/manufacturing/doctype/work_order/work_order.py:323
erpnext,P3,missing,Row #{0}: Start Time and End Time are required,Ligne #{0} : L'heure de début et l'heure de fin sont obligatoires,erpnext/manufacturing/doctype/workstation/workstation.py:105
erpnext,P3,missing,Row #{0}: Start Time must be before End Time,Ligne #{0} : L'heure de début doit être antérieure à l'heure de fin,erpnext/manufacturing/doctype/workstation/workstation.py:108
erpnext,P3,missing,Row #{0}: Target Warehouse must be same as Customer Warehouse {1} from the linked Subcontracting Inward Order,Ligne n° {0} : L'entrepôt cible doit être le même que l'entrepôt client {1} de la commande entrante de sous-traitance liée.,erpnext/controllers/subcontracting_inward_controller.py:392
erpnext,P3,missing,Row #{0}: Total Number of Depreciations cannot be less than or equal to Opening Number of Booked Depreciations,Ligne #{0} : Le nombre total d'amortissements ne peut pas être inférieur ou égal au nombre d'ouverture des amortissements comptabilisés.,erpnext/assets/doctype/asset/asset.py:640
erpnext,P3,missing,Row #{0}: Work Order exists against full or partial quantity of Item {1},Ligne n° {0} : un bon de travail existe pour une quantité totale ou partielle de l'article {1},erpnext/controllers/subcontracting_inward_controller.py:572
erpnext,P3,missing,Row #{0}: {1} of {2} should be {3}. Please update the {1} or select a different account.,Ligne n° {0} : {1} de {2} devrait être {3}. Veuillez mettre à jour le {1} ou sélectionner un autre compte.,erpnext/assets/doctype/asset_category/asset_category.py:89
erpnext,P3,missing,Row #{idx}: Cannot select Supplier Warehouse while suppling raw materials to subcontractor.,Ligne n° {idx} : Impossible de sélectionner l'entrepôt du fournisseur lors de la fourniture de matières premières au sous-traitant.,erpnext/controllers/buying_controller.py:311
erpnext,P3,missing,Row #{idx}: Item rate has been updated as per valuation rate since its an internal stock transfer.,Ligne #{idx} : Le taux de l'article a été mis à jour selon le taux de valorisation puisqu'il s'agit d'un transfert de stock interne.,erpnext/controllers/buying_controller.py:576
erpnext,P3,missing,Row #{idx}: Please enter a location for the asset item {item_code}.,Ligne #{idx} : Veuillez saisir un emplacement pour l'élément d'actif {item_code}.,erpnext/controllers/buying_controller.py:1050
erpnext,P3,missing,Row #{idx}: Received Qty must be equal to Accepted + Rejected Qty for Item {item_code}.,Ligne #{idx} : La quantité reçue doit être égale à la quantité acceptée + rejetée pour l'article {item_code}.,erpnext/controllers/buying_controller.py:706
erpnext,P3,missing,Row #{idx}: {field_label} is mandatory.,Ligne #{idx} : {field_label} est obligatoire.,erpnext/controllers/buying_controller.py:665
erpnext,P3,missing,Row #{idx}: {field_label} is not allowed in Purchase Return.,Ligne n° {idx} : {field_label} n'est pas autorisé dans le retour d'achat.,erpnext/controllers/buying_controller.py:687
erpnext,P3,missing,Row #{idx}: {from_warehouse_field} and {to_warehouse_field} cannot be same.,Ligne n° {idx} : {from_warehouse_field} et {to_warehouse_field} ne peuvent pas être identiques.,erpnext/controllers/buying_controller.py:302
erpnext,P3,missing,Row #{idx}: {schedule_date} cannot be before {transaction_date}.,Ligne n° {idx} : {schedule_date} ne peut pas être antérieur à {transaction_date}.,erpnext/controllers/buying_controller.py:1169
erpnext,P3,missing,Row #{}: Finance Book should not be empty since you're using multiple.,Ligne n° {} : Le livre financier ne doit pas être vide puisque vous en utilisez plusieurs.,erpnext/assets/doctype/asset/asset.py:416
erpnext,P3,missing,Row #{}: Please assign task to a member.,Ligne n° {} : Veuillez attribuer une tâche à un membre.,erpnext/assets/doctype/asset_maintenance/asset_maintenance.py:41
erpnext,P3,missing,Row #{}: Please use a different Finance Book.,Ligne n° {} : Veuillez utiliser un autre livre financier.,erpnext/assets/doctype/asset/asset.py:408
erpnext,P3,missing,Row #{}: The original Invoice {} of return invoice {} is not consolidated.,Ligne n° {} : la facture originale {} de la facture de retour {} n'est pas consolidée.,erpnext/accounts/doctype/pos_invoice_merge_log/pos_invoice_merge_log.py:103
erpnext,P3,missing,Row #{}: You cannot add positive quantities in a return invoice. Please remove item {} to complete the return.,Ligne n° {} : Vous ne pouvez pas ajouter de quantités positives dans une facture de retour. Veuillez supprimer l'article {} pour finaliser le retour.,erpnext/accounts/doctype/pos_invoice/pos_invoice.py:496
erpnext,P3,missing,Row No {0}: Warehouse is required. Please set a Default Warehouse for Item {1} and Company {2},Ligne n° {0} : L'entrepôt est requis. Veuillez définir un entrepôt par défaut pour l'article {1} et la société {2}.,erpnext/accounts/doctype/purchase_invoice/purchase_invoice.py:442
erpnext,P3,missing,Row {0}: Accepted Qty and Rejected Qty can't be zero at the same time.,Ligne {0} : la quantité acceptée et la quantité rejetée ne peuvent pas être nulles en même temps.,erpnext/subcontracting/doctype/subcontracting_receipt/subcontracting_receipt.py:273
erpnext,P3,missing,Row {0}: Account {1} and Party Type {2} have different account types,Ligne {0} : Le compte {1} et le type de partie {2} ont des types de compte différents,erpnext/accounts/doctype/journal_entry/journal_entry.py:580
erpnext,P3,missing,Row {0}: Allocated amount {1} must be less than or equal to invoice outstanding amount {2},Ligne {0} : Le montant alloué {1} doit être inférieur ou égal au montant impayé de la facture {2},erpnext/accounts/doctype/payment_reconciliation/payment_reconciliation.py:705
erpnext,P3,missing,Row {0}: Allocated amount {1} must be less than or equal to remaining payment amount {2},Ligne {0} : Le montant alloué {1} doit être inférieur ou égal au montant du paiement restant {2},erpnext/accounts/doctype/payment_reconciliation/payment_reconciliation.py:697
erpnext,P3,missing,Row {0}: Both Debit and Credit values cannot be zero,Ligne {0} : les valeurs de débit et de crédit ne peuvent pas être nulles.,erpnext/accounts/doctype/journal_entry/journal_entry.py:899
erpnext,P3,missing,"Row {0}: Consumed Qty {1} {2} must be less than or equal to Available Qty For Consumption
					{3} {4} in Consumed Items Table.","Ligne {0} : Quantité consommée {1} {2} doit être inférieure ou égale à la quantité disponible pour la consommation
					{3} {4} dans le tableau des éléments consommés.",erpnext/subcontracting/doctype/subcontracting_receipt/subcontracting_receipt.py:550
erpnext,P3,missing,Row {0}: Cost Center {1} does not belong to Company {2},Ligne {0} : Le centre de coûts {1} n'appartient pas à la société {2},erpnext/controllers/accounts_controller.py:3221
erpnext,P3,missing,Row {0}: Delivery Warehouse cannot be same as Customer Warehouse for Item {1}.,Ligne {0} : L'entrepôt de livraison ne peut pas être identique à l'entrepôt client pour l'article {1}.,erpnext/controllers/subcontracting_controller.py:158
erpnext,P3,missing,Row {0}: Expected Value After Useful Life must be less than Net Purchase Amount,Ligne {0} : La valeur attendue après la durée de vie utile doit être inférieure au montant net d'achat,erpnext/assets/doctype/asset/asset.py:602
erpnext,P3,missing,Row {0}: Expense Head changed to {1} as no Purchase Receipt is created against Item {2}.,Ligne {0} : L'en-tête des dépenses a été remplacé par {1} car aucun reçu d'achat n'est créé pour l'article {2}.,erpnext/accounts/doctype/purchase_invoice/purchase_invoice.py:532
erpnext,P3,missing,Row {0}: Expense Head changed to {1} because account {2} is not linked to warehouse {3} or it is not the default inventory account,Ligne {0} : Tête de dépenses remplacée par {1} car le compte {2} n'est pas lié à l'entrepôt {3} ou il ne s'agit pas du compte de stock par défaut.,erpnext/accounts/doctype/purchase_invoice/purchase_invoice.py:489
erpnext,P3,missing,Row {0}: Expense Head changed to {1} because expense is booked against this account in Purchase Receipt {2},Ligne {0} : L'en-tête des dépenses a été remplacé par {1} car la dépense est comptabilisée sur ce compte dans le reçu d'achat {2}.,erpnext/accounts/doctype/purchase_invoice/purchase_invoice.py:514
erpnext,P3,missing,Row {0}: From Warehouse is mandatory for internal transfers,Ligne {0} : Depuis l'entrepôt est obligatoire pour les transferts internes,erpnext/controllers/stock_controller.py:1502
erpnext,P3,missing,Row {0}: Item rate has been updated as per valuation rate since its an internal stock transfer,Ligne {0} : Le tarif de l'article a été mis à jour en fonction du taux de valorisation puisqu'il s'agit d'un transfert de stock interne.,erpnext/controllers/selling_controller.py:624
erpnext,P3,missing,Row {0}: Item {1} must be a stock item.,Ligne {0} : l'article {1} doit être un article en stock.,erpnext/controllers/subcontracting_controller.py:151
erpnext,P3,missing,Row {0}: Item {1} must be a subcontracted item.,Ligne {0} : L'article {1} doit être un article sous-traité.,erpnext/controllers/subcontracting_controller.py:166
erpnext,P3,missing,Row {0}: Item {1}'s quantity cannot be higher than the available quantity.,Ligne {0} : la quantité de l'article {1} ne peut pas être supérieure à la quantité disponible.,erpnext/controllers/subcontracting_controller.py:187
erpnext,P3,missing,Row {0}: Payment Term is mandatory,Ligne {0} : La condition de paiement est obligatoire,erpnext/accounts/doctype/payment_terms_template/payment_terms_template.py:45
erpnext,P3,missing,Row {0}: Please select a BOM for Item {1}.,Ligne {0} : veuillez sélectionner une nomenclature pour l'article {1}.,erpnext/controllers/subcontracting_controller.py:212
erpnext,P3,missing,Row {0}: Please select an active BOM for Item {1}.,Ligne {0} : veuillez sélectionner une nomenclature active pour l'article {1}.,erpnext/controllers/subcontracting_controller.py:200
erpnext,P3,missing,Row {0}: Please select an valid BOM for Item {1}.,Ligne {0} : veuillez sélectionner une nomenclature valide pour l'article {1}.,erpnext/controllers/subcontracting_controller.py:206
erpnext,P3,missing,Row {0}: Project must be same as the one set in the Timesheet: {1}.,Ligne {0} : Le projet doit être le même que celui défini dans la feuille de temps : {1}.,erpnext/projects/doctype/timesheet_detail/timesheet_detail.py:114
erpnext,P3,missing,Row {0}: Quantity cannot be negative.,Ligne {0} : la quantité ne peut pas être négative.,erpnext/manufacturing/doctype/blanket_order/blanket_order.py:124
erpnext,P3,missing,Row {0}: Shift cannot be changed since the depreciation has already been processed,Ligne {0} : Equipe ne peut pas être modifiée car l'amortissement a déjà été traité,erpnext/assets/doctype/asset_shift_allocation/asset_shift_allocation.py:58
erpnext,P3,missing,Row {0}: Target Warehouse is mandatory for internal transfers,Ligne {0} : L'entrepôt cible est obligatoire pour les transferts internes,erpnext/controllers/stock_controller.py:1493
erpnext,P3,missing,Row {0}: Task {1} does not belong to Project {2},Ligne {0} : la tâche {1} n'appartient pas au projet {2},erpnext/projects/doctype/timesheet_detail/timesheet_detail.py:125
erpnext,P3,missing,Row {0}: The entire expense amount for account {1} in {2} has already been allocated.,Ligne {0} : le montant total des dépenses pour le compte {1} dans {2} a déjà été alloué.,erpnext/assets/doctype/asset_repair/asset_repair.js:158
erpnext,P3,missing,Row {0}: The {3} Account {1} does not belong to the company {2},Ligne {0} : Le compte {3} {1} n'appartient pas à la société {2},erpnext/controllers/accounts_controller.py:3198
erpnext,P3,missing,"Row {0}: To set {1} periodicity, difference between from and to date must be greater than or equal to {2}","Ligne {0} : pour définir la périodicité {1}, la différence entre le et le jour doit être supérieure ou égale à {2}",erpnext/maintenance/doctype/maintenance_schedule/maintenance_schedule.py:217
erpnext,P3,missing,Row {0}: Workstation or Workstation Type is mandatory for an operation {1},Ligne {0} : Poste de travail ou Type de poste de travail est obligatoire pour une opération {1},erpnext/manufacturing/doctype/bom/bom.py:1148 erpnext/manufacturing/doctype/work_order/work_order.py:397
erpnext,P3,missing,Row {0}: {1} account already applied for Accounting Dimension {2},Ligne {0} : compte {1} déjà appliqué à la dimension comptable {2},erpnext/accounts/doctype/accounting_dimension_filter/accounting_dimension_filter.py:63
erpnext,P3,missing,Row {0}: {1} {2} cannot be same as {3} (Party Account) {4},Ligne {0} : {1} {2} ne peut pas être identique à {3} (compte de partie) {4},erpnext/controllers/accounts_controller.py:781
erpnext,P3,missing,Row {idx}: Asset Naming Series is mandatory for the auto creation of assets for item {item_code}.,Ligne {idx} : La série de dénomination des actifs est obligatoire pour la création automatique des actifs pour l'élément {item_code}.,erpnext/controllers/buying_controller.py:1032
erpnext,P3,missing,Row({0}): Outstanding Amount cannot be greater than actual Outstanding Amount {1} in {2},Ligne ({0}) : le montant impayé ne peut pas être supérieur au montant impayé réel {1} dans {2},erpnext/accounts/doctype/invoice_discounting/invoice_discounting.py:84
erpnext,P3,missing,Rows: {0} have 'Payment Entry' as reference_type. This should not be set manually.,Lignes : {0} ont « Saisie de paiement » comme type_référence. Cela ne doit pas être défini manuellement.,erpnext/accounts/doctype/journal_entry/journal_entry.js:128
erpnext,P3,missing,Rows: {0} in {1} section are Invalid. Reference Name should point to a valid Payment Entry or Journal Entry.,Lignes : {0} dans la section {1} sont invalides. Le nom de référence doit pointer vers une entrée de paiement ou une entrée de journal valide.,erpnext/controllers/accounts_controller.py:281
erpnext,P3,missing,Run parallel job cards in a workstation,Exécuter des fiches de travail en parallèle sur un poste de travail,erpnext/manufacturing/doctype/workstation/workstation.json
erpnext,P3,missing,SLA Fulfilled On,SLA respecté le,erpnext/support/doctype/service_level_agreement/service_level_agreement.json
erpnext,P3,missing,SLA Fulfilled On Status,Statut SLA respecté,erpnext/support/doctype/sla_fulfilled_on_status/sla_fulfilled_on_status.json
erpnext,P3,missing,SLA Paused On,SLA en pause,erpnext/support/doctype/service_level_agreement/service_level_agreement.json
erpnext,P3,missing,SLA will be applied if {1} is set as {2}{3},Le SLA sera appliqué si {1} est défini sur {2}{3},erpnext/support/doctype/service_level_agreement/service_level_agreement.js:52
erpnext,P3,missing,SLA will be applied on every {0},Le SLA sera appliqué chaque {0},erpnext/support/doctype/service_level_agreement/service_level_agreement.js:32
erpnext,P3,missing,STATEMENT OF ACCOUNTS,BILAN,erpnext/accounts/doctype/process_statement_of_accounts/process_statement_of_accounts_accounts_receivable.html:26 erpnext/accounts/report/general_ledger/general_ledger.html:60
erpnext,P3,missing,Sales Forecast,Prévisions de ventes,erpnext/manufacturing/doctype/master_production_schedule/master_production_schedule.json erpnext/manufacturing/doctype/sales_forecast/sales_forecast.json erpnext/manufacturing/workspace/manufacturing/manufacturing.json
erpnext,P3,missing,Sales Forecast Item,Article de prévision des ventes,erpnext/manufacturing/doctype/sales_forecast_item/sales_forecast_item.json
erpnext,P3,missing,Sales Invoice Transactions,Transactions de facture de vente,erpnext/accounts/doctype/pos_closing_entry/pos_closing_entry.json
erpnext,P3,missing,Sales Invoice does not have Payments,La facture de vente ne contient pas de paiements,erpnext/accounts/doctype/pos_closing_entry/pos_closing_entry.py:182
erpnext,P3,missing,Sales Invoice is already consolidated,La facture de vente est déjà consolidée,erpnext/accounts/doctype/pos_closing_entry/pos_closing_entry.py:178
erpnext,P3,missing,Sales Invoice is not created using POS,La facture de vente n'est pas créée à l'aide du point de vente,erpnext/accounts/doctype/pos_closing_entry/pos_closing_entry.py:184
erpnext,P3,missing,Sales Invoice is not submitted,La facture de vente n'est pas soumise,erpnext/accounts/doctype/pos_closing_entry/pos_closing_entry.py:190
erpnext,P3,missing,Sales Invoice isn't created by user {},La facture de vente n'est pas créée par l'utilisateur {},erpnext/accounts/doctype/pos_closing_entry/pos_closing_entry.py:193
erpnext,P3,missing,Sales Invoice mode is activated in POS. Please create Sales Invoice instead.,Le mode Facture de vente est activé dans POS. Veuillez plutôt créer une facture de vente.,erpnext/accounts/doctype/pos_invoice/pos_invoice.py:468
erpnext,P3,missing,Sales Order Status,Statut de la commande client,erpnext/manufacturing/doctype/production_plan/production_plan.json
erpnext,P3,missing,Sales Partner Item,Article du partenaire commercial,erpnext/accounts/doctype/sales_partner_item/sales_partner_item.json
erpnext,P3,missing,Sales Person <b>{0}</b> is disabled.,Le vendeur <b>{0}</b> est désactivé.,erpnext/controllers/selling_controller.py:270
erpnext,P3,missing,Sales Pipeline Analytics,Analyse du pipeline de ventes,erpnext/crm/report/sales_pipeline_analytics/sales_pipeline_analytics.json erpnext/crm/workspace/crm/crm.json
erpnext,P3,missing,Salvage Value,Valeur de récupération,erpnext/assets/doctype/asset_finance_book/asset_finance_book.json
erpnext,P3,missing,Salvage Value Percentage,Pourcentage de valeur de récupération,erpnext/assets/doctype/asset_finance_book/asset_finance_book.json
erpnext,P3,missing,Savings,Économies,erpnext/templates/includes/order/order_taxes.html:34 erpnext/templates/includes/order/order_taxes.html:85
erpnext,P3,missing,Scan Batch No,Numéro de lot de numérisation,erpnext/public/js/utils/serial_no_batch_selector.js:160
erpnext,P3,missing,Scan Job Card Qrcode,Scanner le code Qr de la carte de travail,erpnext/manufacturing/doctype/workstation/workstation.js:127 erpnext/manufacturing/doctype/workstation/workstation.js:154
erpnext,P3,missing,Scan Serial No,Numériser le numéro de série,erpnext/public/js/utils/serial_no_batch_selector.js:145
erpnext,P3,missing,Scan barcode for item {0},Scanner le code-barres de l'article {0},erpnext/public/js/utils/barcode_scanner.js:200
erpnext,P3,missing,Scanned Quantity,Quantité numérisée,erpnext/public/js/utils/barcode_scanner.js:268
erpnext,P3,missing,Scheduled Time Logs,Journaux de temps programmés,erpnext/manufacturing/doctype/job_card/job_card.json
erpnext,P3,missing,Scheduler is Inactive. Can't trigger job now.,Le planificateur est inactif. Impossible de déclencher le travail maintenant.,erpnext/accounts/doctype/process_payment_reconciliation/process_payment_reconciliation.py:185
erpnext,P3,missing,Scheduler is Inactive. Can't trigger jobs now.,Le planificateur est inactif. Impossible de déclencher des tâches pour le moment.,erpnext/accounts/doctype/process_payment_reconciliation/process_payment_reconciliation.py:237
erpnext,P3,missing,Scheduler is inactive. Cannot enqueue job.,Le planificateur est inactif. Impossible de mettre le travail en file d'attente.,erpnext/accounts/doctype/pos_invoice_merge_log/pos_invoice_merge_log.py:671
erpnext,P3,missing,Scheduler is inactive. Cannot merge accounts.,Le planificateur est inactif. Impossible de fusionner les comptes.,erpnext/accounts/doctype/ledger_merge/ledger_merge.py:39
erpnext,P3,missing,Scheduling...,Planification...,erpnext/utilities/doctype/rename_tool/rename_tool.js:23
erpnext,P3,missing,Scrap & Process Loss,Rebuts et pertes de processus,erpnext/manufacturing/doctype/bom/bom.json
erpnext,P3,missing,Scrap Asset,Actif mis au rebut,erpnext/assets/doctype/asset/asset.js:104
erpnext,P3,missing,Scrap Cost Per Qty,Coût de la ferraille par quantité,erpnext/subcontracting/doctype/subcontracting_receipt_item/subcontracting_receipt_item.json
erpnext,P3,missing,Scrap Item Code,Code d'article mis au rebut,erpnext/manufacturing/doctype/job_card_scrap_item/job_card_scrap_item.json
erpnext,P3,missing,Scrap Item Name,Nom de l'article mis au rebut,erpnext/manufacturing/doctype/job_card_scrap_item/job_card_scrap_item.json
erpnext,P3,missing,Scrap Items Generated,Articles de rebut générés,erpnext/subcontracting/doctype/subcontracting_inward_order/subcontracting_inward_order.json
erpnext,P3,missing,Scrap date cannot be before purchase date,La date de mise au rebut ne peut pas être antérieure à la date d'achat,erpnext/assets/doctype/asset/depreciation.py:382
erpnext,P3,missing,Secondary Party,Parti secondaire,erpnext/accounts/doctype/party_link/party_link.json
erpnext,P3,missing,Secondary Role,Rôle secondaire,erpnext/accounts/doctype/party_link/party_link.json
erpnext,P3,missing,Select Accounting Dimension.,Sélectionnez Dimension comptable.,erpnext/accounts/report/profitability_analysis/profitability_analysis.py:22
erpnext,P3,missing,Select Columns and Filters,Sélectionner des colonnes et des filtres,erpnext/edi/doctype/code_list/code_list_import.js:109
erpnext,P3,missing,Select Company Address,Sélectionnez l'adresse de l'entreprise,erpnext/public/js/print.js:102
erpnext,P3,missing,Select Corrective Operation,Sélectionnez une opération corrective,erpnext/manufacturing/doctype/job_card/job_card.js:533
erpnext,P3,missing,Select Dimension,Sélectionnez une dimension,erpnext/accounts/report/dimension_wise_accounts_balance_report/dimension_wise_accounts_balance_report.js:57
erpnext,P3,missing,Select Dispatch Address ,Sélectionnez l'adresse d'expédition,erpnext/accounts/doctype/purchase_invoice/purchase_invoice.json
erpnext,P3,missing,Select Items for Quality Inspection,Sélectionner les articles pour l'inspection de la qualité,erpnext/public/js/controllers/transaction.js:2841
erpnext,P3,missing,Select Job Worker Address,Sélectionnez l'adresse du travailleur,erpnext/subcontracting/doctype/subcontracting_receipt/subcontracting_receipt.json
erpnext,P3,missing,Select Time,Sélectionnez l'heure,erpnext/www/book_appointment/index.js:73
erpnext,P3,missing,Select View,Sélectionnez la vue,erpnext/accounts/report/balance_sheet/balance_sheet.js:28 erpnext/accounts/report/profit_and_loss_statement/profit_and_loss_statement.js:28
erpnext,P3,missing,Select Vouchers to Match,Sélectionnez les bons à faire correspondre,erpnext/public/js/bank_reconciliation_tool/dialog_manager.js:251
erpnext,P3,missing,Select Warehouses to get Stock for Materials Planning,Sélectionnez les entrepôts pour obtenir le stock pour la planification des matériaux,erpnext/manufacturing/doctype/production_plan/production_plan.js:551
erpnext,P3,missing,Select the Default Workstation where the Operation will be performed. This will be fetched in BOMs and Work Orders.,Sélectionnez le poste de travail par défaut sur lequel l'opération sera effectuée. Cela sera récupéré dans les nomenclatures et les bons de travail.,erpnext/manufacturing/doctype/operation/operation.js:25
erpnext,P3,missing,Select the Item to be manufactured.,Sélectionnez l'article à fabriquer.,erpnext/manufacturing/doctype/work_order/work_order.js:1121
erpnext,P3,missing,"Select the Item to be manufactured. The Item name, UoM, Company, and Currency will be fetched automatically.","Sélectionnez l'article à fabriquer. Le nom de l'article, l'UdM, la société et la devise seront récupérés automatiquement.",erpnext/manufacturing/doctype/bom/bom.js:928
erpnext,P3,missing,Select the Warehouse,Sélectionnez l'entrepôt,erpnext/manufacturing/doctype/production_plan/production_plan.js:432 erpnext/manufacturing/doctype/production_plan/production_plan.js:445
erpnext,P3,missing,Select the date,Sélectionnez la date,erpnext/assets/doctype/asset/asset.js:807
erpnext,P3,missing,Select the date and your timezone,Sélectionnez la date et votre fuseau horaire,erpnext/www/book_appointment/index.html:16
erpnext,P3,missing,Select the raw materials (Items) required to manufacture the Item,Sélectionnez les matières premières (Articles) nécessaires à la fabrication de l'Article,erpnext/manufacturing/doctype/bom/bom.js:947
erpnext,P3,missing,"Select whether to get items from a Sales Order or a Material Request. For now select <b>Sales Order</b>.
 A Production Plan can also be created manually where you can select the Items to manufacture.","Sélectionnez s'il faut obtenir les articles d'une commande client ou d'une demande de matériel. Pour l’instant, sélectionnez <b>Sales Order</b>.
 Un plan de production peut également être créé manuellement dans lequel vous pouvez sélectionner les articles à fabriquer.",erpnext/manufacturing/doctype/production_plan/production_plan.js:707
erpnext,P3,missing,Selected Print Format does not exist.,Le format d'impression sélectionné n'existe pas.,erpnext/accounts/doctype/process_statement_of_accounts/process_statement_of_accounts.py:121
erpnext,P3,missing,Selected Vouchers,Bons sélectionnés,erpnext/accounts/doctype/repost_payment_ledger/repost_payment_ledger.json
erpnext,P3,missing,Selected date is,La date sélectionnée est,erpnext/www/book_appointment/index.html:43
erpnext,P3,missing,Selected document must be in submitted state,Le document sélectionné doit être dans l'état soumis,erpnext/public/js/bulk_transaction_processing.js:34
erpnext,P3,missing,Sell Asset,Vendre un actif,erpnext/assets/doctype/asset/asset.js:112
erpnext,P3,missing,Semi Finished Good / Finished Good,Bien semi-fini / Bien fini,erpnext/manufacturing/doctype/job_card/job_card.json
erpnext,P3,missing,Semi Finished Goods / Finished Goods,Produits semi-finis/produits finis,erpnext/manufacturing/doctype/work_order_operation/work_order_operation.json
erpnext,P3,missing,Send Emails,Envoyer des e-mails,erpnext/accounts/doctype/process_statement_of_accounts/process_statement_of_accounts.js:11
erpnext,P3,missing,Sequential,Séquentiel,erpnext/telephony/doctype/incoming_call_settings/incoming_call_settings.json
erpnext,P3,missing,Serial / Batch Bundle Missing,Lot de séries/lots manquant,erpnext/accounts/doctype/pos_invoice/pos_invoice.py:487
erpnext,P3,missing,Serial / Batch Nos,Numéros de série/lot,erpnext/public/js/utils.js:126
erpnext,P3,missing,Serial No Already Assigned,Numéro de série déjà attribué,erpnext/controllers/selling_controller.py:106
erpnext,P3,missing,Serial No Range,Numéro de série,erpnext/public/js/utils/serial_no_batch_selector.js:259
erpnext,P3,missing,Serial No {0} already exists,Le numéro de série {0} existe déjà,erpnext/public/js/utils/serial_no_batch_selector.js:590
erpnext,P3,missing,Serial No {0} already scanned,Numéro de série {0} déjà scanné,erpnext/public/js/utils/barcode_scanner.js:342
erpnext,P3,missing,Serial No {0} is already added,Le numéro de série {0} est déjà ajouté,erpnext/public/js/utils/barcode_scanner.js:435
erpnext,P3,missing,Serial No {0} is already assigned to customer {1}. Can only be returned against the customer {1},Le numéro de série {0} est déjà attribué au client {1}. Ne peut être retourné que contre le client {1},erpnext/controllers/selling_controller.py:103
erpnext,P3,missing,Serial Nos / Batch Nos,Numéros de série/numéros de lots,erpnext/public/js/utils/serial_no_batch_selector.js:20 erpnext/public/js/utils/serial_no_batch_selector.js:194
erpnext,P3,missing,Serial and Batch Bundle {0} is already used in {1} {2}.,Le bundle série et lot {0} est déjà utilisé dans {1} {2}.,erpnext/controllers/stock_controller.py:155
erpnext,P3,missing,Serial and Batch Details,Détails des séries et des lots,erpnext/subcontracting/doctype/subcontracting_receipt_item/subcontracting_receipt_item.json
erpnext,P3,missing,Service Cost Per Qty,Coût du service par quantité,erpnext/subcontracting/doctype/subcontracting_order_item/subcontracting_order_item.json erpnext/subcontracting/doctype/subcontracting_receipt_item/subcontracting_receipt_item.json
erpnext,P3,missing,Service Expense Total Amount,Montant total des dépenses de service,erpnext/assets/doctype/asset_capitalization/asset_capitalization.json
erpnext,P3,missing,Service Expenses,Frais de service,erpnext/assets/doctype/asset_capitalization/asset_capitalization.json
erpnext,P3,missing,Service Item,Article de service,erpnext/subcontracting/doctype/subcontracting_bom/subcontracting_bom.json
erpnext,P3,missing,Service Item Qty,Quantité d'article de service,erpnext/subcontracting/doctype/subcontracting_bom/subcontracting_bom.json
erpnext,P3,missing,Service Item Qty / Finished Good Qty,Quantité d'article de service/quantité de produit fini,erpnext/subcontracting/doctype/subcontracting_bom/subcontracting_bom.json
erpnext,P3,missing,Service Item UOM,UdM de l'article de service,erpnext/subcontracting/doctype/subcontracting_bom/subcontracting_bom.json
erpnext,P3,missing,Service Item {0} is disabled.,L'élément de service {0} est désactivé.,erpnext/subcontracting/doctype/subcontracting_bom/subcontracting_bom.py:64
erpnext,P3,missing,Service Item {0} must be a non-stock item.,L'article de service {0} doit être un article hors stock.,erpnext/subcontracting/doctype/subcontracting_bom/subcontracting_bom.py:67 erpnext/subcontracting/doctype/subcontracting_order/subcontracting_order.py:175
erpnext,P3,missing,Service Items,Articles de service,erpnext/subcontracting/doctype/subcontracting_inward_order/subcontracting_inward_order.json erpnext/subcontracting/doctype/subcontracting_order/subcontracting_order.json
erpnext,P3,missing,Service Level Agreement for {0} {1} already exists.,L’accord de niveau de service pour {0} {1} existe déjà.,erpnext/support/doctype/service_level_agreement/service_level_agreement.py:176
erpnext,P3,missing,Service Level Name,Nom du niveau de service,erpnext/support/doctype/service_level_agreement/service_level_agreement.json
erpnext,P3,missing,Set Delivery Warehouse,Définir l'entrepôt de livraison,erpnext/subcontracting/doctype/subcontracting_inward_order/subcontracting_inward_order.json
erpnext,P3,missing,Set Finished Good Quantity,Ensemble fini bonne quantité,erpnext/manufacturing/doctype/job_card/job_card.js:404 erpnext/manufacturing/doctype/job_card/job_card.js:473
erpnext,P3,missing,Set Operating Cost / Scrap Items From Sub-assemblies,Définir les coûts d'exploitation/les articles mis au rebut à partir des sous-ensembles,erpnext/manufacturing/doctype/manufacturing_settings/manufacturing_settings.json
erpnext,P3,missing,Set Operating Cost Based On BOM Quantity,Définir le coût d'exploitation en fonction de la quantité de nomenclature,erpnext/manufacturing/doctype/bom_operation/bom_operation.json
erpnext,P3,missing,Set Parent Row No in Items Table,Définir le numéro de ligne parent dans le tableau des éléments,erpnext/manufacturing/doctype/bom_creator/bom_creator.py:90
erpnext,P3,missing,Set Process Loss Item Quantity,Définir la quantité d'articles perdus lors du processus,erpnext/manufacturing/doctype/bom/bom.js:974
erpnext,P3,missing,Set Project Status,Définir le statut du projet,erpnext/projects/doctype/project/project.js:149 erpnext/projects/doctype/project/project.js:157 erpnext/projects/doctype/project/project.js:171
erpnext,P3,missing,Set Response Time for Priority {0} in row {1}.,Définissez le temps de réponse pour la priorité {0} dans la ligne {1}.,erpnext/support/doctype/service_level_agreement/service_level_agreement.py:82 erpnext/support/doctype/service_level_agreement/service_level_agreement.py:90
erpnext,P3,missing,Set Valuation Rate Based on Source Warehouse,Définir le taux de valorisation en fonction de l'entrepôt source,erpnext/manufacturing/doctype/bom_creator/bom_creator.json
erpnext,P3,missing,Set quantity of process loss item:,Définir la quantité d'éléments de perte de processus :,erpnext/manufacturing/doctype/bom/bom.js:964
erpnext,P3,missing,Set the Planned Start Date (an Estimated Date at which you want the Production to begin),Définissez la date de début prévue (une date estimée à laquelle vous souhaitez que la production commence),erpnext/manufacturing/doctype/work_order/work_order.js:1178
erpnext,P3,missing,Set {0} in asset category {1} for company {2},Définir {0} dans la catégorie d'actifs {1} pour la société {2},erpnext/assets/doctype/asset/asset.py:878
erpnext,P3,missing,Sets 'Accepted Warehouse' in each row of the Items table.,Définit « Entrepôt accepté » dans chaque ligne du tableau Articles.,erpnext/subcontracting/doctype/subcontracting_receipt/subcontracting_receipt.json
erpnext,P3,missing,Sets 'Rejected Warehouse' in each row of the Items table.,Définit « Entrepôt rejeté » dans chaque ligne du tableau Articles.,erpnext/subcontracting/doctype/subcontracting_receipt/subcontracting_receipt.json
erpnext,P3,missing,Sets 'Reserve Warehouse' in each row of the Supplied Items table.,Définit « Entrepôt de réserve » dans chaque ligne du tableau Articles fournis.,erpnext/subcontracting/doctype/subcontracting_order/subcontracting_order.json
erpnext,P3,missing,Setting the account as a Company Account is necessary for Bank Reconciliation,La définition du compte en tant que compte d'entreprise est nécessaire pour le rapprochement bancaire.,erpnext/accounts/doctype/bank_account/bank_account.json
erpnext,P3,missing,Setting {0} is required,Le réglage {0} est requis,erpnext/manufacturing/doctype/bom/bom.py:1127 erpnext/manufacturing/doctype/work_order/work_order.py:1445
erpnext,P3,missing,Setup your organization,Configurez votre organisation,erpnext/public/js/setup_wizard.js:25
erpnext,P3,missing,Shift,Changement,erpnext/assets/doctype/asset/asset.js:313 erpnext/assets/doctype/depreciation_schedule/depreciation_schedule.json
erpnext,P3,missing,Shift Factor,Facteur de décalage,erpnext/assets/doctype/asset_shift_factor/asset_shift_factor.json
erpnext,P3,missing,Shift Name,Nom de l'équipe,erpnext/assets/doctype/asset_shift_factor/asset_shift_factor.json
erpnext,P3,missing,Shipping Address does not belong to the {0},L'adresse de livraison n'appartient pas au {0},erpnext/controllers/accounts_controller.py:575
erpnext,P3,missing,Short-term Investments,Investissements à court terme,erpnext/accounts/doctype/account/chart_of_accounts/verified/standard_chart_of_accounts.py:35 erpnext/accounts/doctype/account/chart_of_accounts/verified/standard_chart_of_accounts_with_account_number.py:55
erpnext,P3,missing,Short-term Provisions,Provisions à court terme,erpnext/accounts/doctype/account/chart_of_accounts/verified/standard_chart_of_accounts.py:175 erpnext/accounts/doctype/account/chart_of_accounts/verified/standard_chart_of_accounts_with_account_number.py:296
erpnext,P3,missing,Show Credit / Debit in Company Currency,Afficher le crédit/débit dans la devise de l'entreprise,erpnext/accounts/report/general_ledger/general_ledger.js:202
erpnext,P3,missing,Show GL Balance,Afficher le solde GL,erpnext/accounts/report/accounts_payable_summary/accounts_payable_summary.js:107 erpnext/accounts/report/accounts_receivable_summary/accounts_receivable_summary.js:125
erpnext,P3,missing,Show Group Accounts,Afficher les comptes de groupe,erpnext/accounts/report/consolidated_trial_balance/consolidated_trial_balance.js:91 erpnext/accounts/report/trial_balance/trial_balance.js:117
erpnext,P3,missing,Show Ledger View,Afficher la vue du grand livre,erpnext/accounts/report/purchase_register/purchase_register.js:64 erpnext/accounts/report/sales_register/sales_register.js:76
erpnext,P3,missing,Show Net Values in Party Account,Afficher les valeurs nettes dans le compte du parti,erpnext/accounts/doctype/process_statement_of_accounts/process_statement_of_accounts.json erpnext/accounts/report/general_ledger/general_ledger.js:197
erpnext,P3,missing,Show Opening and Closing Balance,Afficher le solde d'ouverture et de clôture,erpnext/accounts/report/cash_flow/cash_flow.js:43
erpnext,P3,missing,Show Remarks,Afficher les remarques,erpnext/accounts/doctype/process_statement_of_accounts/process_statement_of_accounts.json erpnext/accounts/report/accounts_payable/accounts_payable.js:125 erpnext/accounts/report/accounts_receivable/accounts_receivable.js:162 erpnext/accounts/report/general_ledger/general_ledger.js:212
erpnext,P3,missing,Show Taxes as Table in Print,Afficher les taxes sous forme de tableau imprimé,erpnext/accounts/doctype/accounts_settings/accounts_settings.json
erpnext,P3,missing,Show in Bucket View,Afficher dans la vue Bucket,erpnext/manufacturing/report/material_requirements_planning_report/material_requirements_planning_report.js:88
erpnext,P3,missing,Show negative values as positive (for expenses in P&L),Afficher les valeurs négatives comme positives (pour les dépenses en P&L),erpnext/accounts/doctype/financial_report_row/financial_report_row.json
erpnext,P3,missing,Show net values in opening and closing columns,Afficher les valeurs nettes dans les colonnes d'ouverture et de fermeture,erpnext/accounts/report/trial_balance/trial_balance.js:111
erpnext,P3,missing,Show with upcoming revenue/expense,Afficher avec les revenus/dépenses à venir,erpnext/accounts/report/deferred_revenue_and_expense/deferred_revenue_and_expense.js:96
erpnext,P3,missing,"Simple Python Expression, Example: doc.status == 'Open' and doc.issue_type == 'Bug'","Expression Python simple, exemple : doc.status == 'Open' et doc.issue_type == 'Bug'",erpnext/support/doctype/service_level_agreement/service_level_agreement.json
erpnext,P3,missing,Simultaneous,Simultané,erpnext/telephony/doctype/incoming_call_settings/incoming_call_settings.json
erpnext,P3,missing,Skip Material Transfer,Ignorer le transfert de matériel,erpnext/manufacturing/doctype/work_order/work_order.js:362 erpnext/manufacturing/doctype/work_order_operation/work_order_operation.json erpnext/manufacturing/doctype/workstation/workstation.js:454
erpnext,P3,missing,Skip Material Transfer to WIP,Ignorer le transfert de matériel vers WIP,erpnext/manufacturing/doctype/job_card/job_card.json
erpnext,P3,missing,Skipping Tax Withholding Category {0} as there is no associated account set for Company {1} in it.,Ignorer la catégorie de retenue d'impôt {0} car elle ne contient aucun compte associé à la société {1}.,erpnext/accounts/doctype/tax_withholding_category/tax_withholding_category.py:141
erpnext,P3,missing,Solvency Ratios,Ratios de solvabilité,erpnext/accounts/report/financial_ratios/financial_ratios.js:55 erpnext/accounts/report/financial_ratios/financial_ratios.py:168
erpnext,P3,missing,Some required Company details are missing. You don't have permission to update them. Please contact your System Manager.,Certaines informations requises sur l'entreprise sont manquantes. Vous n'êtes pas autorisé à les mettre à jour. Veuillez contacter votre gestionnaire système.,erpnext/controllers/accounts_controller.py:4303
erpnext,P3,missing,Something went wrong please try again,"Quelque chose s'est mal passé, veuillez réessayer",erpnext/www/book_appointment/index.js:248
erpnext,P3,missing,Source Warehouse {0} must be same as Customer Warehouse {1} in the Subcontracting Inward Order.,L'entrepôt source {0} doit être le même que l'entrepôt client {1} dans la commande entrante de sous-traitance.,erpnext/manufacturing/doctype/work_order/work_order.py:282
erpnext,P3,missing,South Africa VAT Account,Compte TVA en Afrique du Sud,erpnext/accounts/doctype/south_africa_vat_account/south_africa_vat_account.json
erpnext,P3,missing,South Africa VAT Settings,Paramètres de TVA en Afrique du Sud,erpnext/regional/doctype/south_africa_vat_settings/south_africa_vat_settings.json
erpnext,P3,missing,Specify conditions to calculate shipping amount,Spécifier les conditions pour calculer le montant de l'expédition,erpnext/accounts/doctype/shipping_rule/shipping_rule.json
erpnext,P3,missing,"Spending for Account {0} ({1}) between {2} and {3} has already exceeded the new allocated budget. Spent: {4}, Budget: {5}","Les dépenses du compte {0} ({1}) entre {2} et {3} ont déjà dépassé le nouveau budget alloué. Dépensé : {4}, Budget : {5}",erpnext/accounts/doctype/budget/budget.py:217
erpnext,P3,missing,Split Asset,Fractionner l'actif,erpnext/assets/doctype/asset/asset.js:128 erpnext/assets/doctype/asset/asset.js:552
erpnext,P3,missing,Split Early Payment Discount Loss into Income and Tax Loss,Diviser la perte d’escompte pour paiement anticipé en perte de revenu et perte fiscale,erpnext/accounts/doctype/accounts_settings/accounts_settings.json
erpnext,P3,missing,Split From,Séparer de,erpnext/assets/doctype/asset/asset.json
erpnext,P3,missing,Split Qty,Quantité fractionnée,erpnext/assets/doctype/asset/asset.js:558
erpnext,P3,missing,Split Quantity must be less than Asset Quantity,La quantité fractionnée doit être inférieure à la quantité d'actif,erpnext/assets/doctype/asset/asset.py:1350
erpnext,P3,missing,Stale Days should start from 1.,Les jours périmés devraient commencer à partir de 1.,erpnext/accounts/doctype/accounts_settings/accounts_settings.py:109
erpnext,P3,missing,Standard Description,Description standard,erpnext/manufacturing/report/bom_explorer/bom_explorer.py:73
erpnext,P3,missing,Standard Rated Expenses,Dépenses standardisées,erpnext/regional/report/uae_vat_201/uae_vat_201.py:115
erpnext,P3,missing,Standard rated supplies in {0},Fournitures standard en {0},erpnext/regional/report/uae_vat_201/uae_vat_201.py:96 erpnext/regional/report/uae_vat_201/uae_vat_201.py:102
erpnext,P3,missing,"Standard tax template that can be applied to all Purchase Transactions. This template can contain a list of tax heads and also other expense heads like ""Shipping"", ""Insurance"", ""Handling"", etc.","Modèle de taxe standard pouvant être appliqué à toutes les transactions d'achat. Ce modèle peut contenir une liste de rubriques fiscales ainsi que d'autres rubriques de dépenses telles que « Expédition », « Assurance », « Manutention », etc.",erpnext/accounts/doctype/purchase_taxes_and_charges_template/purchase_taxes_and_charges_template.json
erpnext,P3,missing,Start / Resume,Démarrer / Reprendre,erpnext/accounts/doctype/process_payment_reconciliation/process_payment_reconciliation.js:54
erpnext,P3,missing,Start Date should be lower than End Date,La date de début doit être inférieure à la date de fin,erpnext/accounts/report/invalid_ledger_entries/invalid_ledger_entries.py:80
erpnext,P3,missing,Start Job,Démarrer le travail,erpnext/manufacturing/doctype/job_card/job_card.js:215 erpnext/manufacturing/doctype/workstation/workstation.js:124
erpnext,P3,missing,Start Merge,Démarrer la fusion,erpnext/accounts/doctype/ledger_merge/ledger_merge.js:72
erpnext,P3,missing,Start Time can't be greater than or equal to End Time for {0}.,L'heure de début ne peut pas être supérieure ou égale à l'heure de fin pour {0}.,erpnext/support/doctype/service_level_agreement/service_level_agreement.py:129
erpnext,P3,missing,Start Timer,Démarrer la minuterie,erpnext/projects/doctype/timesheet/timesheet.js:62
erpnext,P3,missing,Started a background job to create {1} {0}. {2},Démarrage d'un travail en arrière-plan pour créer {1} {0}. {2},erpnext/utilities/bulk_transaction.py:44
erpnext,P3,missing,Status Details,Détails du statut,erpnext/support/doctype/service_level_agreement/service_level_agreement.json
erpnext,P3,missing,Status Illustration,Illustration de l'état,erpnext/manufacturing/doctype/workstation/workstation.json
erpnext,P3,missing,Stock Asset Account,Compte d'actifs en actions,erpnext/accounts/doctype/journal_entry/journal_entry.json
erpnext,P3,missing,Stock Entry {0} has created,L'entrée de stock {0} a créé,erpnext/manufacturing/doctype/job_card/job_card.py:1370
erpnext,P3,missing,Stock Partially Reserved,Stock Partiellement Réservé,erpnext/manufacturing/doctype/work_order/work_order.json
erpnext,P3,missing,Stock Reservation Entries created,Écritures de réservation de stock créées,erpnext/subcontracting/doctype/subcontracting_order/subcontracting_order.py:445
erpnext,P3,missing,Stock Reserved,Stock réservé,erpnext/manufacturing/doctype/work_order/work_order.json
erpnext,P3,missing,Stock Reserved Qty,Quantité réservée en stock,erpnext/manufacturing/doctype/material_request_plan_item/material_request_plan_item.json erpnext/manufacturing/doctype/production_plan_sub_assembly_item/production_plan_sub_assembly_item.json erpnext/manufacturing/doctype/work_order_item/work_order_item.json
erpnext,P3,missing,Sub Assemblies & Raw Materials,Sous-ensembles et matières premières,erpnext/manufacturing/doctype/bom_creator/bom_creator.json
erpnext,P3,missing,Sub Assembly Item,Article de sous-assemblage,erpnext/public/js/bom_configurator/bom_configurator.bundle.js:321
erpnext,P3,missing,Sub Assembly Item Reference,Référence d'élément de sous-ensemble,erpnext/manufacturing/doctype/material_request_plan_item/material_request_plan_item.json
erpnext,P3,missing,Sub Assembly Item is mandatory,L'élément de sous-assemblage est obligatoire,erpnext/public/js/bom_configurator/bom_configurator.bundle.js:430
erpnext,P3,missing,Sub Assembly Warehouse,Entrepôt de sous-ensembles,erpnext/manufacturing/doctype/production_plan/production_plan.json
erpnext,P3,missing,Sub Operation,Sous-opération,erpnext/manufacturing/doctype/job_card/job_card.js:349 erpnext/manufacturing/doctype/job_card_time_log/job_card_time_log.json erpnext/manufacturing/doctype/sub_operation/sub_operation.json
erpnext,P3,missing,Sub Operations,Sous-opérations,erpnext/manufacturing/doctype/job_card/job_card.json erpnext/manufacturing/doctype/operation/operation.json
erpnext,P3,missing,Sub Total,Sous-total,erpnext/accounts/print_format/sales_invoice_print/sales_invoice_print.html:129
erpnext,P3,missing,Sub assembly item references are missing. Please fetch the sub assemblies and raw materials again.,Les références aux éléments de sous-assemblage sont manquantes. Veuillez récupérer les sous-ensembles et les matières premières.,erpnext/manufacturing/doctype/production_plan/production_plan.py:600
erpnext,P3,missing,Subcontract Return,Retour de sous-traitance,erpnext/subcontracting/doctype/subcontracting_receipt/subcontracting_receipt.js:83
erpnext,P3,missing,Subcontracting Conversion Factor,Facteur de conversion de sous-traitance,erpnext/subcontracting/doctype/subcontracting_inward_order_item/subcontracting_inward_order_item.json erpnext/subcontracting/doctype/subcontracting_order_item/subcontracting_order_item.json
erpnext,P3,missing,Subcontracting Inward Order Count,Nombre de commandes entrantes de sous-traitance,erpnext/subcontracting/workspace/subcontracting/subcontracting.json
erpnext,P3,missing,Subcontracting Inward Order Item,Poste de commande entrante de sous-traitance,erpnext/manufacturing/doctype/work_order/work_order.json erpnext/subcontracting/doctype/subcontracting_inward_order_item/subcontracting_inward_order_item.json
erpnext,P3,missing,Subcontracting Inward Order Received Item,Sous-traitance Commande entrante Article reçu,erpnext/subcontracting/doctype/subcontracting_inward_order_received_item/subcontracting_inward_order_received_item.json
erpnext,P3,missing,Subcontracting Inward Order Scrap Item,Article mis au rebut de commande entrante de sous-traitance,erpnext/subcontracting/doctype/subcontracting_inward_order_scrap_item/subcontracting_inward_order_scrap_item.json
erpnext,P3,missing,Subcontracting Inward Order Service Item,Article de service de commande entrante de sous-traitance,erpnext/subcontracting/doctype/subcontracting_inward_order_service_item/subcontracting_inward_order_service_item.json
erpnext,P3,missing,Subcontracting Order Item,Poste de commande de sous-traitance,erpnext/subcontracting/doctype/subcontracting_order_item/subcontracting_order_item.json erpnext/subcontracting/doctype/subcontracting_receipt_item/subcontracting_receipt_item.json
erpnext,P3,missing,Subcontracting Order Service Item,Poste de service d'ordre de sous-traitance,erpnext/subcontracting/doctype/subcontracting_order_service_item/subcontracting_order_service_item.json
erpnext,P3,missing,Subcontracting Order Supplied Item,Article fourni par commande de sous-traitance,erpnext/subcontracting/doctype/subcontracting_order/subcontracting_order.js:235 erpnext/subcontracting/doctype/subcontracting_order_supplied_item/subcontracting_order_supplied_item.json
erpnext,P3,missing,Subcontracting Outward Order,Ordre de sortie de sous-traitance,erpnext/subcontracting/workspace/subcontracting/subcontracting.json
erpnext,P3,missing,Subcontracting Outward Order Count,Nombre de commandes sortantes de sous-traitance,erpnext/subcontracting/workspace/subcontracting/subcontracting.json
erpnext,P3,missing,Subcontracting Purchase Order,Bon de commande de sous-traitance,erpnext/subcontracting/doctype/subcontracting_order/subcontracting_order.json
erpnext,P3,missing,Subcontracting Receipt Supplied Item,Réception de sous-traitance Article fourni,erpnext/subcontracting/doctype/subcontracting_receipt_supplied_item/subcontracting_receipt_supplied_item.json
erpnext,P3,missing,Subcontracting Sales Order,Commande client de sous-traitance,erpnext/subcontracting/doctype/subcontracting_inward_order/subcontracting_inward_order.json
erpnext,P3,missing,Submit Generated Invoices,Soumettre les factures générées,erpnext/accounts/doctype/subscription/subscription.json
erpnext,P3,missing,Subscription for Future dates cannot be processed.,L’abonnement pour les dates futures ne peut pas être traité.,erpnext/accounts/doctype/subscription/subscription.py:719
erpnext,P3,missing,Succeeded,Réussi,erpnext/bulk_transaction/doctype/bulk_transaction_log/bulk_transaction_log.json
erpnext,P3,missing,Succeeded Entries,Inscriptions réussies,erpnext/bulk_transaction/doctype/bulk_transaction_log/bulk_transaction_log.js:7
erpnext,P3,missing,"Successfully imported {0} record out of {1}. Click on Export Errored Rows, fix the errors and import again.","L'enregistrement {0} a été importé avec succès depuis {1}. Cliquez sur Exporter les lignes erronées, corrigez les erreurs et importez à nouveau.",erpnext/accounts/doctype/bank_statement_import/bank_statement_import.js:173
erpnext,P3,missing,Successfully imported {0} record.,L'enregistrement {0} a été importé avec succès.,erpnext/accounts/doctype/bank_statement_import/bank_statement_import.js:157
erpnext,P3,missing,"Successfully imported {0} records out of {1}. Click on Export Errored Rows, fix the errors and import again.","Enregistrements {0} importés avec succès depuis {1}. Cliquez sur Exporter les lignes erronées, corrigez les erreurs et importez à nouveau.",erpnext/accounts/doctype/bank_statement_import/bank_statement_import.js:169
erpnext,P3,missing,Successfully imported {0} records.,Enregistrements {0} importés avec succès.,erpnext/accounts/doctype/bank_statement_import/bank_statement_import.js:156
erpnext,P3,missing,Successfully merged {0} out of {1}.,Fusion réussie de {0} avec {1}.,erpnext/accounts/doctype/ledger_merge/ledger_merge.js:99
erpnext,P3,missing,"Successfully updated {0} record out of {1}. Click on Export Errored Rows, fix the errors and import again.","L'enregistrement {0} a été mis à jour avec succès à partir de {1}. Cliquez sur Exporter les lignes erronées, corrigez les erreurs et importez à nouveau.",erpnext/accounts/doctype/bank_statement_import/bank_statement_import.js:184
erpnext,P3,missing,Successfully updated {0} record.,L'enregistrement {0} a été mis à jour avec succès.,erpnext/accounts/doctype/bank_statement_import/bank_statement_import.js:162
erpnext,P3,missing,"Successfully updated {0} records out of {1}. Click on Export Errored Rows, fix the errors and import again.","Mise à jour réussie des enregistrements {0} à partir de {1}. Cliquez sur Exporter les lignes erronées, corrigez les erreurs et importez à nouveau.",erpnext/accounts/doctype/bank_statement_import/bank_statement_import.js:180
erpnext,P3,missing,Successfully updated {0} records.,Enregistrements {0} mis à jour avec succès.,erpnext/accounts/doctype/bank_statement_import/bank_statement_import.js:161
erpnext,P3,missing,Suggestions,Suggestions,erpnext/crm/doctype/lead/lead.json
erpnext,P3,missing,Supplier > Supplier Type,Fournisseur > Type de fournisseur,erpnext/accounts/doctype/pricing_rule/pricing_rule.js:50
erpnext,P3,missing,Supplier Group Item,Article du groupe de fournisseurs,erpnext/accounts/doctype/supplier_group_item/supplier_group_item.json
erpnext,P3,missing,Supplier Invoice,Facture fournisseur,erpnext/accounts/doctype/purchase_invoice/purchase_invoice.json
erpnext,P3,missing,Supplier Item,Article fournisseur,erpnext/accounts/doctype/supplier_item/supplier_item.json
erpnext,P3,missing,Supplies subject to the reverse charge provision,Fournitures soumises à la disposition relative à l'autoliquidation,erpnext/regional/report/uae_vat_201/uae_vat_201.py:60 erpnext/regional/report/uae_vat_201/uae_vat_201.py:122
erpnext,P3,missing,Supply,Fournir,erpnext/manufacturing/report/material_requirements_planning_report/material_requirements_planning_report.py:315 erpnext/manufacturing/report/material_requirements_planning_report/material_requirements_planning_report.py:380
erpnext,P3,missing,Suspected Discount Amount,Montant de la remise suspectée,erpnext/accounts/report/calculated_discount_mismatch/calculated_discount_mismatch.py:64
erpnext,P3,missing,Sync Now,Synchroniser maintenant,erpnext/erpnext_integrations/doctype/plaid_settings/plaid_settings.js:23
erpnext,P3,missing,Sync Started,Synchronisation démarrée,erpnext/erpnext_integrations/doctype/plaid_settings/plaid_settings.js:36
erpnext,P3,missing,System In Use,Système utilisé,erpnext/accounts/doctype/account/account.py:661
erpnext,P3,missing,"System will do an implicit conversion using the pegged currency. <br>
Ex: Instead of AED -&gt; INR, system will do AED -&gt; USD -&gt; INR using the pegged exchange rate of AED against USD.","Le système effectuera une conversion implicite en utilisant la devise indexée. <br>
Ex : Au lieu d'un DAE -&gt; INR, le système fera AED -&gt; USD -> INR en utilisant le taux de change fixe de l’AED par rapport à l’USD.",erpnext/accounts/doctype/accounts_settings/accounts_settings.json
erpnext,P3,missing,System will not check over billing since amount for Item {0} in {1} is zero,Le système ne vérifiera pas la facturation car le montant de l'article {0} dans {1} est nul.,erpnext/controllers/accounts_controller.py:2220
erpnext,P3,missing,TCS Amount,Montant du TCS,erpnext/accounts/report/tax_withholding_details/tax_withholding_details.py:267
erpnext,P3,missing,TCS Rate %,Taux TCS %,erpnext/accounts/report/tax_withholding_details/tax_withholding_details.py:249 erpnext/accounts/report/tds_computation_summary/tds_computation_summary.py:125
erpnext,P3,missing,TDS Amount,Montant TDS,erpnext/accounts/report/tax_withholding_details/tax_withholding_details.py:267
erpnext,P3,missing,TDS Deducted,TDS déduit,erpnext/accounts/doctype/purchase_invoice/purchase_invoice.py:1532
erpnext,P3,missing,TDS Payable,TDS à payer,erpnext/accounts/doctype/account/chart_of_accounts/verified/standard_chart_of_accounts_with_account_number.py:287
erpnext,P3,missing,TDS Rate %,Taux TDS %,erpnext/accounts/report/tax_withholding_details/tax_withholding_details.py:249 erpnext/accounts/report/tds_computation_summary/tds_computation_summary.py:125
erpnext,P3,missing,Target Asset,Actif cible,erpnext/assets/doctype/asset_capitalization/asset_capitalization.json
erpnext,P3,missing,Target Asset {0} cannot be cancelled,L'actif cible {0} ne peut pas être annulé,erpnext/assets/doctype/asset_capitalization/asset_capitalization.py:226
erpnext,P3,missing,Target Asset {0} cannot be submitted,L'actif cible {0} ne peut pas être soumis.,erpnext/assets/doctype/asset_capitalization/asset_capitalization.py:224
erpnext,P3,missing,Target Asset {0} cannot be {1},L'actif cible {0} ne peut pas être {1},erpnext/assets/doctype/asset_capitalization/asset_capitalization.py:220
erpnext,P3,missing,Target Asset {0} does not belong to company {1},L'actif cible {0} n'appartient pas à la société {1},erpnext/assets/doctype/asset_capitalization/asset_capitalization.py:230
erpnext,P3,missing,Target Asset {0} needs to be composite asset,L'actif cible {0} doit être un actif composite,erpnext/assets/doctype/asset_capitalization/asset_capitalization.py:209
erpnext,P3,missing,Target Batch No,Numéro de lot cible,erpnext/assets/doctype/asset_capitalization/asset_capitalization.json
erpnext,P3,missing,Target Fixed Asset Account,Compte d'immobilisations cible,erpnext/assets/doctype/asset_capitalization/asset_capitalization.json
erpnext,P3,missing,Target Has Batch No,La cible a un numéro de lot,erpnext/assets/doctype/asset_capitalization/asset_capitalization.json
erpnext,P3,missing,Target Has Serial No,La cible a un numéro de série,erpnext/assets/doctype/asset_capitalization/asset_capitalization.json
erpnext,P3,missing,Target Incoming Rate,Taux entrant cible,erpnext/assets/doctype/asset_capitalization/asset_capitalization.json
erpnext,P3,missing,Target Is Fixed Asset,La cible est une immobilisation,erpnext/assets/doctype/asset_capitalization/asset_capitalization.json
erpnext,P3,missing,Target Item Code,Code d'article cible,erpnext/assets/doctype/asset_capitalization/asset_capitalization.json
erpnext,P3,missing,Target Item {0} must be a Fixed Asset item,L'élément cible {0} doit être un élément d'immobilisation,erpnext/assets/doctype/asset_capitalization/asset_capitalization.py:191
erpnext,P3,missing,Target Location is required for transferring Asset {0},L'emplacement cible est requis pour le transfert de l'actif {0},erpnext/assets/doctype/asset_movement/asset_movement.py:70
erpnext,P3,missing,Target Location is required while receiving Asset {0},L'emplacement cible est requis lors de la réception de l'actif {0},erpnext/assets/doctype/asset_movement/asset_movement.py:76
erpnext,P3,missing,Target Qty must be a positive number,La quantité cible doit être un nombre positif,erpnext/assets/doctype/asset_capitalization/asset_capitalization.py:196
erpnext,P3,missing,Target Serial No,Numéro de série cible,erpnext/assets/doctype/asset_capitalization/asset_capitalization.json
erpnext,P3,missing,Target Warehouse Reservation Error,Erreur de réservation d'entrepôt cible,erpnext/manufacturing/doctype/work_order/work_order.py:237
erpnext,P3,missing,Target Warehouse for Finished Good must be same as Finished Good Warehouse {1} in Work Order {2} linked to the Subcontracting Inward Order.,L'entrepôt cible pour les produits finis doit être le même que l'entrepôt de produits finis {1} dans l'ordre de travail {2} lié à la commande entrante de sous-traitance.,erpnext/controllers/subcontracting_inward_controller.py:230
erpnext,P3,missing,Target Warehouse is required before Submit,L'entrepôt cible est requis avant de soumettre,erpnext/manufacturing/doctype/work_order/work_order.py:737
erpnext,P3,missing,Target Warehouse is set for some items but the customer is not an internal customer.,"L'entrepôt cible est défini pour certains articles, mais le client n'est pas un client interne.",erpnext/controllers/selling_controller.py:865
erpnext,P3,missing,Target Warehouse {0} must be same as Delivery Warehouse {1} in the Subcontracting Inward Order Item.,L'entrepôt cible {0} doit être le même que l'entrepôt de livraison {1} dans l'article de commande entrante de sous-traitance.,erpnext/manufacturing/doctype/work_order/work_order.py:298
erpnext,P3,missing,Task Assignee Email,E-mail du responsable de la tâche,erpnext/assets/doctype/asset_maintenance_log/asset_maintenance_log.json
erpnext,P3,missing,Task Weight,Poids de la tâche,erpnext/projects/doctype/project/project.json
erpnext,P3,missing,Task {0} depends on Task {1}. Please add Task {1} to the Tasks list.,La tâche {0} dépend de la tâche {1}. Veuillez ajouter la tâche {1} à la liste des tâches.,erpnext/projects/doctype/project_template/project_template.py:41
erpnext,P3,missing,Tax Amount,Montant de la taxe,erpnext/accounts/doctype/item_wise_tax_detail/item_wise_tax_detail.json erpnext/accounts/report/tds_computation_summary/tds_computation_summary.py:137
erpnext,P3,missing,Tax Amount will be rounded on a row(items) level,Le montant de la taxe sera arrondi au niveau d'une ligne (articles),erpnext/accounts/doctype/accounts_settings/accounts_settings.json
erpnext,P3,missing,Tax Expense,Dépense fiscale,erpnext/accounts/doctype/account/chart_of_accounts/verified/standard_chart_of_accounts.py:136 erpnext/accounts/doctype/account/chart_of_accounts/verified/standard_chart_of_accounts_with_account_number.py:230
erpnext,P3,missing,Tax Id: {0},Numéro d'identification fiscale : {0},erpnext/accounts/doctype/process_statement_of_accounts/process_statement_of_accounts_accounts_receivable.html:32
erpnext,P3,missing,Tax Masters,Maîtres de fiscalité,erpnext/accounts/workspace/accounting/accounting.json
erpnext,P3,missing,Tax Refunds provided to Tourists under the Tax Refunds for Tourists Scheme,Remboursements d'impôts accordés aux touristes dans le cadre du programme de remboursement d'impôts pour les touristes,erpnext/regional/report/uae_vat_201/uae_vat_201.py:52
erpnext,P3,missing,Tax Row,Ligne de taxe,erpnext/accounts/doctype/item_wise_tax_detail/item_wise_tax_detail.json
erpnext,P3,missing,Tax Settings,Paramètres fiscaux,erpnext/accounts/doctype/accounts_settings/accounts_settings.json
erpnext,P3,missing,Tax Withheld Vouchers,Bons d'impôt retenu,erpnext/accounts/doctype/purchase_invoice/purchase_invoice.json erpnext/accounts/doctype/tax_withheld_vouchers/tax_withheld_vouchers.json
erpnext,P3,missing,Tax Withholding,Retenue d'impôt,erpnext/accounts/report/tax_withholding_details/tax_withholding_details.py:361
erpnext,P3,missing,Tax Withholding Category {} against Company {} for Customer {} should have Cumulative Threshold value.,La catégorie de retenue d'impôt {} pour la société {} pour le client {} doit avoir une valeur de seuil cumulatif.,erpnext/accounts/doctype/tax_withholding_category/tax_withholding_category.py:152
erpnext,P3,missing,Tax Withholding Details,Détails de la retenue d'impôt,erpnext/accounts/report/tax_withholding_details/tax_withholding_details.json
erpnext,P3,missing,Tax will be withheld only for amount exceeding the cumulative threshold,La taxe ne sera retenue que pour le montant dépassant le seuil cumulatif,erpnext/accounts/doctype/tax_withholding_category/tax_withholding_category.json
erpnext,P3,missing,Team,Équipe,erpnext/assets/doctype/asset_maintenance_team/asset_maintenance_team.json
erpnext,P3,missing,Telephony Call Type,Type d'appel téléphonique,erpnext/telephony/doctype/telephony_call_type/telephony_call_type.json
erpnext,P3,missing,Template Name,Nom du modèle,erpnext/accounts/doctype/financial_report_template/financial_report_template.json erpnext/accounts/doctype/payment_terms_template/payment_terms_template.json erpnext/quality_management/doctype/quality_feedback_template/quality_feedback_template.json
erpnext,P3,missing,Template Task,Tâche de modèle,erpnext/projects/doctype/task/task.json
erpnext,P3,missing,Territory Item,Élément de territoire,erpnext/accounts/doctype/territory_item/territory_item.json
erpnext,P3,missing,Territory Wise Sales,Ventes par territoire,erpnext/crm/workspace/crm/crm.json
erpnext,P3,missing,"Text displayed on the financial statement (e.g., 'Total Revenue', 'Cash and Cash Equivalents')","Texte affiché sur l'état financier (par exemple, « Revenu total », « Trésorerie et équivalents de trésorerie »)",erpnext/accounts/doctype/financial_report_row/financial_report_row.json
erpnext,P3,missing,The Company {0} of Sales Forecast {1} does not match with the Company {2} of Master Production Schedule {3}.,La société {0} de la prévision des ventes {1} ne correspond pas à la société {2} du calendrier directeur de production {3}.,erpnext/manufacturing/doctype/master_production_schedule/master_production_schedule.py:74
erpnext,P3,missing,The Document Type {0} must have a Status field to configure Service Level Agreement,Le type de document {0} doit avoir un champ Statut pour configurer l'accord de niveau de service.,erpnext/support/doctype/service_level_agreement/service_level_agreement.py:206
erpnext,P3,missing,The Excluded Fee is bigger than the Deposit it is deducted from.,Les frais exclus sont supérieurs au dépôt dont ils sont déduits.,erpnext/accounts/doctype/bank_transaction/bank_transaction.py:332
erpnext,P3,missing,"The GL Entries and closing balances will be processed in the background, it can take a few minutes.","Les écritures GL et les soldes de clôture seront traités en arrière-plan, cela peut prendre quelques minutes.",erpnext/accounts/doctype/period_closing_voucher/period_closing_voucher.py:178
erpnext,P3,missing,"The GL Entries will be cancelled in the background, it can take a few minutes.","Les entrées GL seront annulées en arrière-plan, cela peut prendre quelques minutes.",erpnext/accounts/doctype/period_closing_voucher/period_closing_voucher.py:451
erpnext,P3,missing,"The Payment Request {0} is already paid, cannot process payment twice",La demande de paiement {0} a déjà été payée. Impossible de traiter le paiement deux fois.,erpnext/accounts/doctype/payment_request/payment_request.py:975
erpnext,P3,missing,The allocated amount is greater than the outstanding amount of Payment Request {0},Le montant alloué est supérieur au montant impayé de la demande de paiement {0},erpnext/accounts/doctype/payment_request/payment_request.py:870
erpnext,P3,missing,"The batch {0} is already reserved in {1} {2}. So, cannot proceed with the {3} {4}, which is created against the {5} {6}.","Le lot {0} est déjà réservé dans {1} {2}. Donc, on ne peut pas procéder avec le {3} {4}, qui est créé contre le {5} {6}.",erpnext/controllers/stock_controller.py:1258
erpnext,P3,missing,The completed quantity {0} of an operation {1} cannot be greater than the completed quantity {2} of a previous operation {3}.,La quantité réalisée {0} d'une opération {1} ne peut être supérieure à la quantité réalisée {2} d'une opération précédente {3}.,erpnext/manufacturing/doctype/job_card/job_card.py:1199
erpnext,P3,missing,The currency of invoice {} ({}) is different from the currency of this dunning ({}).,La devise de la facture {} ({}) est différente de la devise de cette relance ({}).,erpnext/accounts/doctype/dunning/dunning.py:87
erpnext,P3,missing,The default BOM for that item will be fetched by the system. You can also change the BOM.,La nomenclature par défaut de cet article sera récupérée par le système. Vous pouvez également modifier la nomenclature.,erpnext/manufacturing/doctype/work_order/work_order.js:1126
erpnext,P3,missing,The following Purchase Invoices are not submitted:,Les factures d'achat suivantes ne sont pas soumises :,erpnext/assets/doctype/asset_repair/asset_repair.py:138
erpnext,P3,missing,The following assets have failed to automatically post depreciation entries: {0},Les immobilisations suivantes n'ont pas pu enregistrer automatiquement les écritures d'amortissement : {0},erpnext/assets/doctype/asset/depreciation.py:342
erpnext,P3,missing,The following cancelled repost entries exist for <b>{0}</b>:<br><br>{1}<br><br>Kindly delete these entries before continuing.,Les entrées de republication annulées suivantes existent pour <b>{0}</b> :<br><br>{1}<br><br>Veuillez supprimer ces entrées avant de continuer.,erpnext/controllers/accounts_controller.py:426
erpnext,P3,missing,The following invalid Pricing Rules are deleted:,Les règles de tarification non valides suivantes sont supprimées :,erpnext/accounts/doctype/promotional_scheme/promotional_scheme.py:185
erpnext,P3,missing,The following rows are duplicates:,Les lignes suivantes sont des doublons :,erpnext/assets/doctype/asset_repair/asset_repair.py:112
erpnext,P3,missing,The item {item} is not marked as {type_of} item. You can enable it as {type_of} item from its Item master.,L'élément {item} n'est pas marqué comme élément {type_of}. Vous pouvez l'activer en tant qu'élément {type_of} à partir de son maître d'articles.,erpnext/controllers/buying_controller.py:1236
erpnext,P3,missing,The items {items} are not marked as {type_of} item. You can enable them as {type_of} item from their Item masters.,Les éléments {items} ne sont pas marqués comme élément {type_of}. Vous pouvez les activer en tant qu'élément {type_of} à partir de leurs fiches d'articles.,erpnext/controllers/buying_controller.py:1229
erpnext,P3,missing,The job card {0} is in {1} state and you cannot complete.,La carte de travail {0} est à l'état {1} et vous ne pouvez pas la terminer.,erpnext/manufacturing/doctype/workstation/workstation.py:549
erpnext,P3,missing,The job card {0} is in {1} state and you cannot start it again.,La carte de travail {0} est à l'état {1} et vous ne pouvez pas la redémarrer.,erpnext/manufacturing/doctype/workstation/workstation.py:543
erpnext,P3,missing,The last scanned warehouse has been cleared and won't be set in the subsequently scanned items,Le dernier entrepôt scanné a été effacé et ne sera pas défini dans les articles scannés ultérieurement,erpnext/public/js/utils/barcode_scanner.js:533
erpnext,P3,missing,The lowest tier must have a minimum spent amount of 0. Customers need to be part of a tier as soon as they are enrolled in the program.,Le niveau le plus bas doit avoir un montant minimum dépensé de 0. Les clients doivent faire partie d'un niveau dès qu'ils sont inscrits au programme.,erpnext/accounts/doctype/loyalty_program/loyalty_program.py:47
erpnext,P3,missing,The operation {0} can not add multiple times,L'opération {0} ne peut pas être ajoutée plusieurs fois,erpnext/manufacturing/doctype/operation/operation.py:43
erpnext,P3,missing,The operation {0} can not be the sub operation,L'opération {0} ne peut pas être la sous-opération,erpnext/manufacturing/doctype/operation/operation.py:48
erpnext,P3,missing,The original invoice should be consolidated before or along with the return invoice.,La facture originale doit être consolidée avant ou avec la facture de retour.,erpnext/accounts/doctype/pos_invoice_merge_log/pos_invoice_merge_log.py:107
erpnext,P3,missing,"The percentage you are allowed to bill more against the amount ordered. For example, if the order value is $100 for an item and tolerance is set as 10%, then you are allowed to bill up to $110 ","Le pourcentage que vous êtes autorisé à facturer en plus du montant commandé. Par exemple, si la valeur de la commande est de 100 $ pour un article et que la tolérance est définie sur 10 %, vous êtes alors autorisé à facturer jusqu'à 110 $.",erpnext/accounts/doctype/accounts_settings/accounts_settings.json
erpnext,P3,missing,The reserved stock will be released when you update items. Are you certain you wish to proceed?,Le stock réservé sera libéré lorsque vous mettrez à jour les articles. Êtes-vous certain de vouloir continuer ?,erpnext/public/js/utils.js:863
erpnext,P3,missing,"The sync has started in the background, please check the {0} list for new records.","La synchronisation a démarré en arrière-plan, veuillez vérifier la liste {0} pour les nouveaux enregistrements.",erpnext/erpnext_integrations/doctype/plaid_settings/plaid_settings.js:37
erpnext,P3,missing,"The system will create a Sales Invoice or a POS Invoice from the POS interface based on this setting. For high-volume transactions, it is recommended to use POS Invoice.","Le système créera une facture de vente ou une facture POS à partir de l'interface POS en fonction de ce paramètre. Pour les transactions à volume élevé, il est recommandé d’utiliser POS Invoice.",erpnext/accounts/doctype/pos_settings/pos_settings.json
erpnext,P3,missing,The task has been enqueued as a background job.,La tâche a été mise en file d'attente en tant que travail d'arrière-plan.,erpnext/accounts/doctype/journal_entry/journal_entry.py:179 erpnext/accounts/doctype/journal_entry/journal_entry.py:186
erpnext,P3,missing,The uploaded file does not appear to be in valid MT940 format.,Le fichier téléchargé ne semble pas être au format MT940 valide.,erpnext/accounts/doctype/bank_statement_import/bank_statement_import.py:154
erpnext,P3,missing,The uploaded file does not match the selected Code List.,Le fichier téléchargé ne correspond pas à la liste de codes sélectionnée.,erpnext/edi/doctype/code_list/code_list_import.py:48
erpnext,P3,missing,The user will be able to transfer additional materials from the store to the Work in Progress (WIP) warehouse.,L'utilisateur pourra transférer des matériaux supplémentaires du magasin vers l'entrepôt des travaux en cours (WIP).,erpnext/manufacturing/doctype/manufacturing_settings/manufacturing_settings.json
erpnext,P3,missing,The warehouse where you store finished Items before they are shipped.,L'entrepôt où vous stockez les articles finis avant leur expédition.,erpnext/manufacturing/doctype/work_order/work_order.js:1154
erpnext,P3,missing,The warehouse where your Items will be transferred when you begin production. Group Warehouse can also be selected as a Work in Progress warehouse.,L'entrepôt où vos articles seront transférés lorsque vous commencerez la production. L'entrepôt de groupe peut également être sélectionné comme entrepôt de travaux en cours.,erpnext/manufacturing/doctype/work_order/work_order.js:1159
erpnext,P3,missing,The {0} contains Unit Price Items.,Le {0} contient des articles à prix unitaire.,erpnext/public/js/controllers/transaction.js:3279
erpnext,P3,missing,The {0} {1} does not match with the {0} {2} in the {3} {4},Le {0} {1} ne correspond pas au {0} {2} dans le {3} {4},erpnext/controllers/sales_and_purchase_return.py:42
erpnext,P3,missing,The {0} {1} is used to calculate the valuation cost for the finished good {2}.,Le {0} {1} est utilisé pour calculer le coût de valorisation du produit fini {2}.,erpnext/manufacturing/doctype/job_card/job_card.py:875
erpnext,P3,missing,"Then Pricing Rules are filtered out based on Customer, Customer Group, Territory, Supplier, Supplier Type, Campaign, Sales Partner etc.","Ensuite, les règles de tarification sont filtrées en fonction du client, du groupe de clients, du territoire, du fournisseur, du type de fournisseur, de la campagne, du partenaire commercial, etc.",erpnext/accounts/doctype/pricing_rule/pricing_rule.js:44
erpnext,P3,missing,There are ledger entries against this account. Changing {0} to non-{1} in live system will cause incorrect output in 'Accounts {2}' report,Il existe des écritures comptables sur ce compte. Changer {0} en non-{1} dans le système en direct entraînera une sortie incorrecte dans le rapport « Comptes {2} »,erpnext/accounts/doctype/account/account.py:203
erpnext,P3,missing,There are no Failed transactions,Il n'y a pas de transactions échouées,erpnext/utilities/bulk_transaction.py:67
erpnext,P3,missing,There are no slots available on this date,Il n'y a pas de créneaux disponibles à cette date,erpnext/www/book_appointment/index.js:95
erpnext,P3,missing,There can be multiple tiered collection factor based on the total spent. But the conversion factor for redemption will always be same for all the tier.,Il peut y avoir plusieurs facteurs de collecte à plusieurs niveaux en fonction du total dépensé. Mais le facteur de conversion pour le rachat sera toujours le même pour tous les niveaux.,erpnext/accounts/doctype/loyalty_program/loyalty_program.js:10
erpnext,P3,missing,There is already a valid Lower Deduction Certificate {0} for Supplier {1} against category {2} for this time period.,Il existe déjà un certificat de déduction inférieure {0} valide pour le fournisseur {1} pour la catégorie {2} pour cette période.,erpnext/regional/doctype/lower_deduction_certificate/lower_deduction_certificate.py:65
erpnext,P3,missing,There is already an active Subcontracting BOM {0} for the Finished Good {1}.,Il existe déjà une nomenclature de sous-traitance {0} active pour le produit fini {1}.,erpnext/subcontracting/doctype/subcontracting_bom/subcontracting_bom.py:77
erpnext,P3,missing,There was an error creating Bank Account while linking with Plaid.,Une erreur s'est produite lors de la création du compte bancaire lors de la liaison avec Plaid.,erpnext/erpnext_integrations/doctype/plaid_settings/plaid_settings.py:153
erpnext,P3,missing,There was an error syncing transactions.,Une erreur s'est produite lors de la synchronisation des transactions.,erpnext/erpnext_integrations/doctype/plaid_settings/plaid_settings.py:250
erpnext,P3,missing,There was an error updating Bank Account {} while linking with Plaid.,Une erreur s'est produite lors de la mise à jour du compte bancaire {} lors de la liaison avec Plaid.,erpnext/erpnext_integrations/doctype/plaid_settings/plaid_settings.py:175
erpnext,P3,missing,There was an issue connecting to Plaid's authentication server. Check browser console for more information,Un problème est survenu lors de la connexion au serveur d'authentification de Plaid. Consultez la console du navigateur pour plus d'informations,erpnext/accounts/doctype/bank/bank.js:115 erpnext/erpnext_integrations/doctype/plaid_settings/plaid_settings.js:119
erpnext,P3,missing,There were issues unlinking payment entry {0}.,Des problèmes sont survenus lors de la dissociation de l'entrée de paiement {0}.,erpnext/accounts/utils.py:1099
erpnext,P3,missing,This Account has '0' balance in either Base Currency or Account Currency,Ce compte a un solde de « 0 » dans la devise de base ou dans la devise du compte.,erpnext/accounts/doctype/exchange_rate_revaluation_account/exchange_rate_revaluation_account.json
erpnext,P3,missing,This asset category is marked as non-depreciable. Please disable depreciation calculation or choose a different category.,Cette catégorie d'actifs est marquée comme non amortissable. Veuillez désactiver le calcul de l'amortissement ou choisir une autre catégorie.,erpnext/assets/doctype/asset/asset.py:426
erpnext,P3,missing,This filter will be applied to Journal Entry.,Ce filtre sera appliqué à l’entrée de journal.,erpnext/accounts/doctype/payment_reconciliation/payment_reconciliation.json
erpnext,P3,missing,This invoice has already been paid.,Cette facture a déjà été payée.,erpnext/accounts/doctype/pos_invoice/pos_invoice.py:865
erpnext,P3,missing,This is a Template BOM and will be used to make the work order for {0} of the item {1},Il s'agit d'un modèle de nomenclature qui sera utilisé pour établir le bon de travail pour {0} de l'article {1}.,erpnext/manufacturing/doctype/bom/bom.js:241
erpnext,P3,missing,"This is enabled by default. If you want to plan materials for sub-assemblies of the Item you're manufacturing leave this enabled. If you plan and manufacture the sub-assemblies separately, you can disable this checkbox.","Ceci est activé par défaut. Si vous souhaitez planifier des matériaux pour les sous-ensembles de l'article que vous fabriquez, laissez cette option activée. Si vous planifiez et fabriquez les sous-ensembles séparément, vous pouvez désactiver cette case à cocher.",erpnext/manufacturing/doctype/work_order/work_order.js:1140
erpnext,P3,missing,This schedule was created when Asset {0} was adjusted through Asset Value Adjustment {1}.,Ce calendrier a été créé lorsque l'actif {0} a été ajusté via l'ajustement de la valeur de l'actif {1}.,erpnext/assets/doctype/asset_value_adjustment/asset_value_adjustment.py:201
erpnext,P3,missing,This schedule was created when Asset {0} was consumed through Asset Capitalization {1}.,Ce calendrier a été créé lorsque l'actif {0} a été consommé via la capitalisation de l'actif {1}.,erpnext/assets/doctype/asset_capitalization/asset_capitalization.py:494
erpnext,P3,missing,This schedule was created when Asset {0} was repaired through Asset Repair {1}.,Ce calendrier a été créé lorsque l'actif {0} a été réparé via Asset Repair {1}.,erpnext/assets/doctype/asset_repair/asset_repair.py:435
erpnext,P3,missing,This schedule was created when Asset {0} was restored on Asset Capitalization {1}'s cancellation.,Cette planification a été créée lorsque l'actif {0} a été restauré lors de l'annulation de la capitalisation de l'actif {1}.,erpnext/assets/doctype/asset_capitalization/asset_capitalization.py:598
erpnext,P3,missing,This schedule was created when Asset {0} was restored.,Cette planification a été créée lors de la restauration de l'actif {0}.,erpnext/assets/doctype/asset/depreciation.py:456
erpnext,P3,missing,This schedule was created when Asset {0} was scrapped.,Cette planification a été créée lorsque l'actif {0} a été mis au rebut.,erpnext/assets/doctype/asset/depreciation.py:415
erpnext,P3,missing,This schedule was created when Asset {0} was {1} into new Asset {2}.,Cette planification a été créée lorsque l'actif {0} était {1} dans le nouvel actif {2}.,erpnext/assets/doctype/asset/asset.py:1484
erpnext,P3,missing,This schedule was created when Asset {0}'s Asset Value Adjustment {1} was cancelled.,Ce calendrier a été créé lorsque l'ajustement de la valeur de l'actif {1} de l'actif {0} a été annulé.,erpnext/assets/doctype/asset_value_adjustment/asset_value_adjustment.py:208
erpnext,P3,missing,This schedule was created when Asset {0}'s shifts were adjusted through Asset Shift Allocation {1}.,Ce calendrier a été créé lorsque les équipes de l'actif {0} ont été ajustées via l'allocation des équipes d'actifs {1}.,erpnext/assets/doctype/asset_shift_allocation/asset_shift_allocation.py:207
erpnext,P3,missing,This value shall be used when no matching Common Code for a record is found.,Cette valeur doit être utilisée lorsqu'aucun code commun correspondant pour un enregistrement n'est trouvé.,erpnext/edi/doctype/code_list/code_list.json
erpnext,P3,missing,This {} will be treated as material transfer.,Ce {} sera traité comme un transfert de matériel.,erpnext/controllers/selling_controller.py:866
erpnext,P3,missing,Threshold for Suggestion (In Percentage),Seuil de suggestion (en pourcentage),erpnext/accounts/doctype/pricing_rule/pricing_rule.json
erpnext,P3,missing,Time In Mins,Temps en minutes,erpnext/manufacturing/doctype/job_card_time_log/job_card_time_log.json
erpnext,P3,missing,Time Logs,Journaux de temps,erpnext/manufacturing/doctype/job_card/job_card.json
erpnext,P3,missing,Time in mins,Temps en minutes,erpnext/manufacturing/doctype/sub_operation/sub_operation.json
erpnext,P3,missing,Time in mins.,Temps en minutes.,erpnext/manufacturing/doctype/operation/operation.json
erpnext,P3,missing,Time slot is not available,Le créneau horaire n'est pas disponible,erpnext/crm/doctype/appointment/appointment.py:60
erpnext,P3,missing,Timesheet Billing Summary,Récapitulatif de facturation des feuilles de temps,erpnext/projects/report/timesheet_billing_summary/timesheet_billing_summary.json erpnext/projects/workspace/projects/projects.json
erpnext,P3,missing,"Timesheets help keep track of time, cost and billing for activities done by your team","Les feuilles de temps aident à suivre le temps, les coûts et la facturation des activités effectuées par votre équipe",erpnext/utilities/activation.py:125
erpnext,P3,missing,To Date is mandatory,À ce jour est obligatoire,erpnext/crm/report/sales_pipeline_analytics/sales_pipeline_analytics.py:30
erpnext,P3,missing,To Delivery Date,À la date de livraison,erpnext/manufacturing/doctype/production_plan/production_plan.json
erpnext,P3,missing,To Doctype,Vers un doctype,erpnext/bulk_transaction/doctype/bulk_transaction_log_detail/bulk_transaction_log_detail.json
erpnext,P3,missing,To Payment Date,À la date de paiement,erpnext/accounts/doctype/payment_reconciliation/payment_reconciliation.json erpnext/accounts/doctype/process_payment_reconciliation/process_payment_reconciliation.json
erpnext,P3,missing,To Reference Date,Jusqu'à la date de référence,erpnext/accounts/doctype/bank_reconciliation_tool/bank_reconciliation_tool.json
erpnext,P3,missing,To Time cannot be before from date,L'heure de fin ne peut pas être antérieure à la date du,erpnext/projects/doctype/timesheet_detail/timesheet_detail.py:108
erpnext,P3,missing,To add Operations tick the 'With Operations' checkbox.,"Pour ajouter des opérations, cochez la case « Avec opérations ».",erpnext/manufacturing/doctype/bom/bom.js:942
erpnext,P3,missing,To add subcontracted Item's raw materials if include exploded items is disabled.,Pour ajouter les matières premières de l'article sous-traité si l'inclusion des articles éclatés est désactivée.,erpnext/manufacturing/doctype/production_plan/production_plan.js:740
erpnext,P3,missing,"To enable Capital Work in Progress Accounting,","Pour activer la comptabilité des travaux d'investissement en cours,",erpnext/assets/doctype/asset_category/asset_category.py:110
erpnext,P3,missing,To include non-stock items in the material request planning. i.e. Items for which 'Maintain Stock' checkbox is unticked.,Pour inclure les articles hors stock dans la planification des demandes de matériel. c'est-à-dire les articles pour lesquels la case « Maintenir le stock » n'est pas cochée.,erpnext/manufacturing/doctype/production_plan/production_plan.js:733
erpnext,P3,missing,"To include sub-assembly costs and scrap items in Finished Goods on a work order without using a job card, when the 'Use Multi-Level BOM' option is enabled.","Pour inclure les coûts des sous-ensembles et les articles rebutés dans les produits finis sur un bon de travail sans utiliser de carte de travail, lorsque l'option « Utiliser la nomenclature multiniveau » est activée.",erpnext/manufacturing/doctype/manufacturing_settings/manufacturing_settings.json
erpnext,P3,missing,"To not apply Pricing Rule in a particular transaction, all applicable Pricing Rules should be disabled.","Pour ne pas appliquer la règle de tarification dans une transaction particulière, toutes les règles de tarification applicables doivent être désactivées.",erpnext/accounts/doctype/pricing_rule/pricing_rule.js:42
erpnext,P3,missing,To submit the invoice without purchase order please set {0} as {1} in {2},"Pour soumettre la facture sans bon de commande, veuillez définir {0} comme {1} dans {2}",erpnext/accounts/doctype/purchase_invoice/purchase_invoice.py:628
erpnext,P3,missing,To submit the invoice without purchase receipt please set {0} as {1} in {2},"Pour soumettre la facture sans reçu d'achat, veuillez définir {0} comme {1} dans {2}.",erpnext/accounts/doctype/purchase_invoice/purchase_invoice.py:649
erpnext,P3,missing,"To use a different finance book, please uncheck 'Include Default FB Assets'","Pour utiliser un autre livre financier, veuillez décocher « Inclure les actifs FB par défaut ».",erpnext/accounts/report/asset_depreciation_ledger/asset_depreciation_ledger.py:48 erpnext/assets/report/fixed_asset_register/fixed_asset_register.py:234
erpnext,P3,missing,"To use a different finance book, please uncheck 'Include Default FB Entries'","Pour utiliser un autre livre financier, veuillez décocher « Inclure les entrées FB par défaut ».",erpnext/accounts/doctype/financial_report_template/financial_report_engine.py:683 erpnext/accounts/report/financial_statements.py:624 erpnext/accounts/report/general_ledger/general_ledger.py:310 erpnext/accounts/report/trial_balance/trial_balance.py:310
erpnext,P3,missing,Too many columns. Export the report and print it using a spreadsheet application.,Trop de colonnes. Exportez le rapport et imprimez-le à l'aide d'un tableur.,erpnext/accounts/report/financial_statements.html:6
erpnext,P3,missing,Total Allocations,Allocations totales,erpnext/accounts/doctype/process_payment_reconciliation_log/process_payment_reconciliation_log.json
erpnext,P3,missing,Total Amount Due,Montant total dû,erpnext/accounts/report/accounts_receivable_summary/accounts_receivable_summary.py:174
erpnext,P3,missing,Total Asset Cost,Coût total de l'actif,erpnext/assets/doctype/asset/asset.json
erpnext,P3,missing,Total Equity,Capitaux totaux,erpnext/accounts/report/balance_sheet/balance_sheet.py:223
erpnext,P3,missing,Total Expenses booked through,Total des dépenses comptabilisées via,erpnext/accounts/doctype/budget/budget.py:576
erpnext,P3,missing,Total Incoming Bills,Total des factures entrantes,erpnext/accounts/workspace/accounting/accounting.json
erpnext,P3,missing,Total Incoming Payment,Total des paiements entrants,erpnext/accounts/workspace/accounting/accounting.json
erpnext,P3,missing,Total Interest,Intérêt total,erpnext/accounts/doctype/dunning/dunning.json
erpnext,P3,missing,Total Issues,Problèmes totaux,erpnext/support/report/issue_summary/issue_summary.py:82
erpnext,P3,missing,Total Liability,Responsabilité totale,erpnext/accounts/report/balance_sheet/balance_sheet.py:219
erpnext,P3,missing,Total Number of Booked Depreciations ,Nombre total d'amortissements comptabilisés,erpnext/assets/doctype/asset_finance_book/asset_finance_book.json
erpnext,P3,missing,Total Operation Time,Durée totale de fonctionnement,erpnext/manufacturing/doctype/operation/operation.json
erpnext,P3,missing,Total Other Charges,Total des autres frais,erpnext/accounts/report/item_wise_sales_register/item_wise_sales_register.py:622
erpnext,P3,missing,Total Outgoing Bills,Total des factures sortantes,erpnext/accounts/workspace/accounting/accounting.json
erpnext,P3,missing,Total Outgoing Payment,Paiement sortant total,erpnext/accounts/workspace/accounting/accounting.json
erpnext,P3,missing,Total Repair Cost,Coût total de réparation,erpnext/assets/doctype/asset_repair/asset_repair.json
erpnext,P3,missing,Total Time (in Mins),Durée totale (en minutes),erpnext/manufacturing/report/cost_of_poor_quality_report/cost_of_poor_quality_report.py:130
erpnext,P3,missing,Total Value,Valeur totale,erpnext/assets/doctype/asset_capitalization/asset_capitalization.json erpnext/assets/doctype/asset_repair_consumed_item/asset_repair_consumed_item.json
erpnext,P3,missing,Total Views,Vues totales,erpnext/utilities/report/youtube_interactions/youtube_interactions.py:70
erpnext,P3,missing,Total distributed amount {0} must be equal to Budget Amount {1},Le montant total distribué {0} doit être égal au montant budgétaire {1},erpnext/accounts/doctype/budget/budget.py:363
erpnext,P3,missing,Total distribution percent must equal 100 (currently {0}),Le pourcentage total de distribution doit être égal à 100 (actuellement {0}),erpnext/accounts/doctype/budget/budget.py:370
erpnext,P3,missing,Total hours: {0},Heures totales : {0},erpnext/projects/doctype/project/project_dashboard.html:2
erpnext,P3,missing,Total percentage against cost centers should be 100,Le pourcentage total par rapport aux centres de coûts doit être de 100,erpnext/accounts/doctype/cost_center_allocation/cost_center_allocation.py:66
erpnext,P3,missing,Total {0} ({1}),Total {0} ({1}),erpnext/accounts/report/consolidated_financial_statement/consolidated_financial_statement.py:746 erpnext/accounts/report/consolidated_financial_statement/consolidated_financial_statement.py:747 erpnext/accounts/report/financial_statements.py:352 erpnext/accounts/report/financial_statements.py:353
erpnext,P3,missing,Track Semi Finished Goods,Suivre les produits semi-finis,erpnext/manufacturing/doctype/bom/bom.json erpnext/manufacturing/doctype/job_card/job_card.json erpnext/manufacturing/doctype/work_order/work_order.json
erpnext,P3,missing,Track separate Income and Expense for product verticals or divisions.,Suivez les revenus et les dépenses séparément pour les secteurs ou divisions de produits.,erpnext/accounts/doctype/cost_center/cost_center.json
erpnext,P3,missing,Transaction Deletion Record Details,Détails de l'enregistrement de suppression de transaction,erpnext/accounts/doctype/transaction_deletion_record_details/transaction_deletion_record_details.json
erpnext,P3,missing,Transaction Exchange Rate,Taux de change des transactions,erpnext/accounts/doctype/gl_entry/gl_entry.json
erpnext,P3,missing,Transaction Name,Nom de la transaction,erpnext/accounts/report/calculated_discount_mismatch/calculated_discount_mismatch.py:45
erpnext,P3,missing,Transaction currency: {0} cannot be different from Bank Account({1}) currency: {2},Devise de la transaction : {0} ne peut pas être différente de la devise du compte bancaire ({1}) : {2},erpnext/accounts/doctype/bank_transaction/bank_transaction.py:68
erpnext,P3,missing,Transactions against the Company already exist! Chart of Accounts can only be imported for a Company with no transactions.,Des transactions contre la Société existent déjà ! Le plan comptable ne peut être importé que pour une entreprise sans transaction.,erpnext/accounts/doctype/chart_of_accounts_importer/chart_of_accounts_importer.js:117
erpnext,P3,missing,Transfer Asset,Transférer l'actif,erpnext/assets/doctype/asset/asset.js:96
erpnext,P3,missing,Transfer Extra Raw Materials to WIP (%),Transférer des matières premières supplémentaires vers les en-cours (%),erpnext/manufacturing/doctype/manufacturing_settings/manufacturing_settings.json
erpnext,P3,missing,Transfer From Warehouses,Transfert depuis les entrepôts,erpnext/manufacturing/doctype/production_plan/production_plan.js:458
erpnext,P3,missing,Transfer Materials,Matériaux de transfert,erpnext/manufacturing/doctype/workstation/workstation_job_card.html:92
erpnext,P3,missing,Transfer and Issue,Transfert et émission,erpnext/assets/doctype/asset_movement/asset_movement.json
erpnext,P3,missing,Transferred Raw Materials,Matières premières transférées,erpnext/manufacturing/doctype/job_card/job_card.json
erpnext,P3,missing,Trialing,Essai,erpnext/accounts/doctype/subscription/subscription.json erpnext/accounts/doctype/subscription/subscription_list.js:4
erpnext,P3,missing,Truncates 'Remarks' column to set character length,Tronque la colonne « Remarques » pour définir la longueur des caractères,erpnext/accounts/doctype/accounts_settings/accounts_settings.json
erpnext,P3,missing,Turnover Ratios,Taux de rotation,erpnext/accounts/report/financial_ratios/financial_ratios.js:55 erpnext/accounts/report/financial_ratios/financial_ratios.py:198
erpnext,P3,missing,Type Of Call,Type d'appel,erpnext/telephony/doctype/call_log/call_log.json
erpnext,P3,missing,Type of Material,Type de matériau,erpnext/manufacturing/report/material_requirements_planning_report/material_requirements_planning_report.js:75
erpnext,P3,missing,Type of financial statement this template generates,Type d'état financier généré par ce modèle,erpnext/accounts/doctype/financial_report_template/financial_report_template.json
erpnext,P3,missing,UAE VAT 201,TVA des Émirats arabes unis 201,erpnext/accounts/workspace/financial_reports/financial_reports.json erpnext/regional/report/uae_vat_201/uae_vat_201.json
erpnext,P3,missing,UAE VAT Account,Compte TVA des EAU,erpnext/regional/doctype/uae_vat_account/uae_vat_account.json
erpnext,P3,missing,UAE VAT Accounts,Comptes TVA des EAU,erpnext/regional/doctype/uae_vat_settings/uae_vat_settings.json
erpnext,P3,missing,UAE VAT Settings,Paramètres de TVA aux Émirats arabes unis,erpnext/regional/doctype/uae_vat_settings/uae_vat_settings.json
erpnext,P3,missing,UnBuffered Cursor,Curseur sans tampon,erpnext/accounts/doctype/accounts_settings/accounts_settings.json
erpnext,P3,missing,UnReconcile,Annuler la réconciliation,erpnext/public/js/utils/unreconcile.js:25 erpnext/public/js/utils/unreconcile.js:133
erpnext,P3,missing,UnReconcile Allocations,Annuler le rapprochement des allocations,erpnext/public/js/utils/unreconcile.js:130
erpnext,P3,missing,Unable to find the time slot in the next {0} days for the operation {1}. Please increase the 'Capacity Planning For (Days)' in the {2}.,Impossible de trouver le créneau horaire dans les {0} prochains jours pour l'opération {1}. Veuillez augmenter la « Planification de la capacité pour (jours) » dans le {2}.,erpnext/manufacturing/doctype/work_order/work_order.py:1013
erpnext,P3,missing,Unbilled Orders,Commandes non facturées,erpnext/accounts/doctype/budget/budget.py:649
erpnext,P3,missing,"Under Working Hours table, you can add start and end times for a Workstation. For example, a Workstation may be active from 9 am to 1 pm, then 2 pm to 5 pm. You can also specify the working hours based on shifts. While scheduling a Work Order, the system will check for the availability of the Workstation based on the working hours specified.","Sous le tableau Heures de travail, vous pouvez ajouter des heures de début et de fin pour un poste de travail. Par exemple, un Poste de Travail peut être actif de 9h à 13h, puis de 14h à 17h. Vous pouvez également spécifier les heures de travail en fonction des équipes. Lors de la planification d'un bon de travail, le système vérifiera la disponibilité du poste de travail en fonction des heures de travail spécifiées.",erpnext/manufacturing/doctype/workstation/workstation.js:78
erpnext,P3,missing,Unit Price,Prix ​​unitaire,erpnext/controllers/accounts_controller.py:4041
erpnext,P3,missing,Unlinked,Sans lien,erpnext/accounts/doctype/unreconcile_payment_entries/unreconcile_payment_entries.json
erpnext,P3,missing,Unqualified,Sans réserve,erpnext/crm/doctype/lead/lead.json
erpnext,P3,missing,Unrealized Profit/Loss account for intra-company transfers,Compte de profits/pertes latents pour les transferts intra-entreprise,erpnext/accounts/doctype/purchase_invoice/purchase_invoice.json
erpnext,P3,missing,Unreconcile Payment,Annuler le rapprochement du paiement,erpnext/accounts/doctype/unreconcile_payment/unreconcile_payment.json
erpnext,P3,missing,Unreconcile Payment Entries,Annuler le rapprochement des entrées de paiement,erpnext/accounts/doctype/unreconcile_payment_entries/unreconcile_payment_entries.json
erpnext,P3,missing,Unreconcile Transaction,Annuler le rapprochement de la transaction,erpnext/accounts/doctype/bank_transaction/bank_transaction.js:40
erpnext,P3,missing,Unreconciled Amount,Montant non rapproché,erpnext/accounts/doctype/payment_reconciliation_allocation/payment_reconciliation_allocation.json erpnext/accounts/doctype/process_payment_reconciliation_log_allocations/process_payment_reconciliation_log_allocations.json
erpnext,P3,missing,Unreconciled Entries,Écritures non rapprochées,erpnext/accounts/doctype/payment_reconciliation/payment_reconciliation.json
erpnext,P3,missing,Unreserve for Raw Materials,Sans réserve pour les matières premières,erpnext/manufacturing/doctype/production_plan/production_plan.js:295
erpnext,P3,missing,Unreserve for Sub-assembly,Annuler la réserve pour le sous-ensemble,erpnext/manufacturing/doctype/production_plan/production_plan.js:269
erpnext,P3,missing,Up,En haut,erpnext/accounts/doctype/bisect_accounting_statements/bisect_accounting_statements.js:17
erpnext,P3,missing,Update Billed Amount in Purchase Order,Mettre à jour le montant facturé dans le bon de commande,erpnext/accounts/doctype/purchase_invoice/purchase_invoice.json
erpnext,P3,missing,Update Billed Amount in Purchase Receipt,Mettre à jour le montant facturé dans le reçu d'achat,erpnext/accounts/doctype/purchase_invoice/purchase_invoice.json
erpnext,P3,missing,Update Costing and Billing,Mettre à jour les coûts et la facturation,erpnext/projects/doctype/project/project.js:91
erpnext,P3,missing,Update stock must be enabled for the purchase invoice {0},La mise à jour du stock doit être activée pour la facture d'achat {0},erpnext/assets/doctype/asset/asset.py:466
erpnext,P3,missing,Update the modified timestamp on new communications received in Lead & Opportunity.,Mettez à jour l'horodatage modifié sur les nouvelles communications reçues dans Lead & Opportunity.,erpnext/crm/doctype/crm_settings/crm_settings.json
erpnext,P3,missing,Update timestamp on new communication,Mettre à jour l'horodatage d'une nouvelle communication,erpnext/crm/doctype/crm_settings/crm_settings.json
erpnext,P3,missing,Updated via 'Time Log' (In Minutes),Mis à jour via 'Time Log' (en minutes),erpnext/manufacturing/doctype/work_order_operation/work_order_operation.json
erpnext,P3,missing,Updated {0} Financial Report Row(s) with new category name,Mise à jour des lignes du rapport financier {0} avec le nouveau nom de catégorie,erpnext/accounts/doctype/account_category/account_category.py:54
erpnext,P3,missing,Updating Costing and Billing fields against this Project...,Mise à jour des champs de calcul des coûts et de facturation pour ce projet...,erpnext/projects/doctype/project/project.js:137
erpnext,P3,missing,Updating Work Order status,Mise à jour du statut du bon de travail,erpnext/manufacturing/doctype/work_order/work_order.js:1102
erpnext,P3,missing,Updating details.,Mise à jour des détails.,erpnext/public/js/print.js:140
erpnext,P3,missing,Upload Bank Statement,Télécharger le relevé bancaire,erpnext/accounts/doctype/bank_reconciliation_tool/bank_reconciliation_tool.js:48
erpnext,P3,missing,Urgent,Urgent,erpnext/projects/doctype/task/task.json erpnext/projects/web_form/tasks/tasks.json
erpnext,P3,missing,Use 'Repost in background' button to trigger background job. Job can only be triggered when document is in Queued or Failed status.,Utilisez le bouton « Republier en arrière-plan » pour déclencher le travail en arrière-plan. La tâche ne peut être déclenchée que lorsque le document est à l'état En file d'attente ou Échec.,erpnext/accounts/doctype/repost_payment_ledger/repost_payment_ledger.js:36
erpnext,P3,missing,Use <strong>Python</strong> filters to get Accounts,Utilisez les filtres <strong>Python</strong> pour obtenir des comptes,erpnext/accounts/doctype/financial_report_row/financial_report_row.json
erpnext,P3,missing,Use CSV Sniffer,Utiliser le renifleur CSV,erpnext/accounts/doctype/bank_statement_import/bank_statement_import.json
erpnext,P3,missing,Use Company Default Round Off Cost Center,Utiliser le centre de coûts d'arrondi par défaut de l'entreprise,erpnext/accounts/doctype/purchase_invoice/purchase_invoice.json
erpnext,P3,missing,Use Default Warehouse,Utiliser l'entrepôt par défaut,erpnext/manufacturing/report/material_requirements_planning_report/material_requirements_planning_report.js:146
erpnext,P3,missing,Use HTTP Protocol,Utiliser le protocole HTTP,erpnext/accounts/doctype/currency_exchange_settings/currency_exchange_settings.json
erpnext,P3,missing,Use Legacy Budget Controller,Utiliser l'ancien contrôleur de budget,erpnext/accounts/doctype/accounts_settings/accounts_settings.json
erpnext,P3,missing,Use Legacy Controller For Period Closing Voucher,Utiliser le contrôleur existant pour le bon de clôture de période,erpnext/accounts/doctype/accounts_settings/accounts_settings.json
erpnext,P3,missing,Used with Financial Report Template,Utilisé avec le modèle de rapport financier,erpnext/accounts/doctype/account/account.json
erpnext,P3,missing,Users can consume raw materials and add semi-finished goods or final finished goods against the operation using job cards.,Les utilisateurs peuvent consommer des matières premières et ajouter des produits semi-finis ou des produits finis à l'opération à l'aide de fiches de travail.,erpnext/manufacturing/doctype/bom/bom.json
erpnext,P3,missing,Users with this role will be notified if the asset depreciation gets failed,Les utilisateurs dotés de ce rôle seront avertis en cas d'échec de la dépréciation de l'actif.,erpnext/accounts/doctype/accounts_settings/accounts_settings.json
erpnext,P3,missing,VAT Accounts,Comptes TVA,erpnext/regional/doctype/south_africa_vat_settings/south_africa_vat_settings.json
erpnext,P3,missing,VAT Amount (AED),Montant de la TVA (AED),erpnext/regional/report/uae_vat_201/uae_vat_201.py:28
erpnext,P3,missing,VAT Audit Report,Rapport d'audit TVA,erpnext/regional/report/vat_audit_report/vat_audit_report.json
erpnext,P3,missing,VAT on Expenses and All Other Inputs,TVA sur les dépenses et tous les autres intrants,erpnext/regional/report/uae_vat_201/uae_vat_201.html:47 erpnext/regional/report/uae_vat_201/uae_vat_201.py:111
erpnext,P3,missing,VAT on Sales and All Other Outputs,TVA sur les ventes et tous les autres produits,erpnext/regional/report/uae_vat_201/uae_vat_201.html:15 erpnext/regional/report/uae_vat_201/uae_vat_201.py:45
erpnext,P3,missing,Valid From must be after {0} as last GL Entry against the cost center {1} posted on this date,Le début de validité doit être postérieur au {0} comme dernière écriture GL par rapport au centre de coûts {1} publié à cette date.,erpnext/accounts/doctype/cost_center_allocation/cost_center_allocation.py:82
erpnext,P3,missing,Valid Up To date cannot be before Valid From date,La date de validité jusqu'à ne peut pas être antérieure à la date de début de validité,erpnext/regional/doctype/lower_deduction_certificate/lower_deduction_certificate.py:40
erpnext,P3,missing,Valid Up To date not in Fiscal Year {0},"Valable jusqu'à ce jour, pas dans l'exercice {0}",erpnext/regional/doctype/lower_deduction_certificate/lower_deduction_certificate.py:48
erpnext,P3,missing,Validate Components and Quantities Per BOM,Valider les composants et les quantités par nomenclature,erpnext/manufacturing/doctype/manufacturing_settings/manufacturing_settings.json
erpnext,P3,missing,Validate Pricing Rule,Valider la règle de tarification,erpnext/accounts/doctype/pricing_rule/pricing_rule.json
erpnext,P3,missing,Value Details,Détails de la valeur,erpnext/assets/doctype/asset_value_adjustment/asset_value_adjustment.json
erpnext,P3,missing,Value Type,Type de valeur,erpnext/accounts/doctype/financial_report_row/financial_report_row.json
erpnext,P3,missing,Value as on,Valeur comme sur,erpnext/accounts/report/asset_depreciations_and_balances/asset_depreciations_and_balances.py:599 erpnext/accounts/report/asset_depreciations_and_balances/asset_depreciations_and_balances.py:629
erpnext,P3,missing,Value of New Capitalized Asset,Valeur du nouvel actif capitalisé,erpnext/accounts/report/asset_depreciations_and_balances/asset_depreciations_and_balances.py:623
erpnext,P3,missing,Value of New Purchase,Valeur du nouvel achat,erpnext/accounts/report/asset_depreciations_and_balances/asset_depreciations_and_balances.py:605
erpnext,P3,missing,Value of Scrapped Asset,Valeur des actifs mis au rebut,erpnext/accounts/report/asset_depreciations_and_balances/asset_depreciations_and_balances.py:617
erpnext,P3,missing,Value of Sold Asset,Valeur de l'actif vendu,erpnext/accounts/report/asset_depreciations_and_balances/asset_depreciations_and_balances.py:611
erpnext,P3,missing,Variance,Variance,erpnext/accounts/report/budget_variance_report/budget_variance_report.py:101 erpnext/accounts/report/budget_variance_report/budget_variance_report.py:111
erpnext,P3,missing,Verification failed please check the link,"La vérification a échoué, veuillez vérifier le lien",erpnext/www/book_appointment/verify/index.html:15
erpnext,P3,missing,View Account Coverage,Afficher la couverture du compte,erpnext/accounts/doctype/financial_report_template/financial_report_template.js:7
erpnext,P3,missing,View BOM Update Log,Afficher le journal de mise à jour de la nomenclature,erpnext/manufacturing/doctype/bom_update_tool/bom_update_tool.js:25
erpnext,P3,missing,View Data Based on,Afficher les données basées sur,erpnext/manufacturing/report/material_requirements_planning_report/material_requirements_planning_report.js:93
erpnext,P3,missing,View General Ledger,Afficher le grand livre général,erpnext/assets/doctype/asset/asset.js:172
erpnext,P3,missing,View MRP,Voir le MRP,erpnext/manufacturing/doctype/master_production_schedule/master_production_schedule.js:65
erpnext,P3,missing,View call log,Afficher le journal des appels,erpnext/public/js/call_popup/call_popup.js:186
erpnext,P3,missing,Vimeo,Viméo,erpnext/utilities/doctype/video/video.json
erpnext,P3,missing,Visits,Visites,erpnext/maintenance/doctype/maintenance_schedule/maintenance_schedule.json
erpnext,P3,missing,Voice Call Settings,Paramètres d'appel vocal,erpnext/telephony/doctype/voice_call_settings/voice_call_settings.json
erpnext,P3,missing,Voucher,Bon,erpnext/accounts/report/purchase_register/purchase_register.py:163 erpnext/accounts/report/sales_register/sales_register.py:179
erpnext,P3,missing,Voucher Detail Reference,Référence détaillée du bon,erpnext/manufacturing/doctype/work_order_item/work_order_item.json
erpnext,P3,missing,Voucher Name,Nom du bon,erpnext/accounts/doctype/tax_withheld_vouchers/tax_withheld_vouchers.json
erpnext,P3,missing,Voucher Subtype,Sous-type de bon,erpnext/accounts/doctype/gl_entry/gl_entry.json erpnext/accounts/report/general_ledger/general_ledger.py:740
erpnext,P3,missing,Voucher {0} is over-allocated by {1},Le bon {0} est surutilisé par {1},erpnext/accounts/doctype/bank_transaction/bank_transaction.py:195
erpnext,P3,missing,Voucher-wise Balance,Solde en bons d'achat,erpnext/accounts/report/voucher_wise_balance/voucher_wise_balance.json
erpnext,P3,missing,"WARNING: Exotel app has been separated from ERPNext, please install the app to continue using Exotel integration.","AVERTISSEMENT : l'application Exotel a été séparée d'ERPNext, veuillez installer l'application pour continuer à utiliser l'intégration Exotel.",erpnext/patches/v15_0/remove_exotel_integration.py:32
erpnext,P3,missing,WIP WH,WIP WH,erpnext/manufacturing/doctype/work_order_operation/work_order_operation.json
erpnext,P3,missing,WIP Work Orders,Ordres de travail en cours,erpnext/manufacturing/workspace/manufacturing/manufacturing.json
erpnext,P3,missing,Waiting for payment...,En attente de paiement...,erpnext/accounts/doctype/pos_invoice/pos_invoice.js:435
erpnext,P3,missing,Warehouse Details,Détails de l'entrepôt,erpnext/subcontracting/doctype/subcontracting_order_item/subcontracting_order_item.json
erpnext,P3,missing,"Warehouse {0} is not allowed for Sales Order {1}, it should be {2}","L'entrepôt {0} n'est pas autorisé pour la commande client {1}, il devrait être {2}",erpnext/manufacturing/doctype/work_order/work_order.py:234
erpnext,P3,missing,"Warehouse {0} is not linked to any account, please mention the account in the warehouse record or set default inventory account in company {1}.","L'entrepôt {0} n'est lié à aucun compte, veuillez mentionner le compte dans le registre de l'entrepôt ou définir un compte d'inventaire par défaut dans la société {1}.",erpnext/controllers/stock_controller.py:771
erpnext,P3,missing,Warning - Row {0}: Billing Hours are more than Actual Hours,Avertissement – ​​Ligne {0} : les heures de facturation sont supérieures aux heures réelles,erpnext/projects/doctype/timesheet_detail/timesheet_detail.py:134
erpnext,P3,missing,Warning: Quantity exceeds maximum producible quantity based on quantity of raw materials received through the Subcontracting Inward Order {0}.,Avertissement : La quantité dépasse la quantité maximale productible en fonction de la quantité de matières premières reçues via la commande entrante de sous-traitance {0}.,erpnext/manufacturing/doctype/work_order/work_order.py:1430
erpnext,P3,missing,Warnings,Avertissements,erpnext/accounts/doctype/financial_report_template/financial_report_validation.py:77
erpnext,P3,missing,Weekly Time to send,Heure hebdomadaire d'envoi,erpnext/projects/doctype/project/project.json
erpnext,P3,missing,WhatsApp,WhatsApp,erpnext/crm/doctype/lead/lead.json erpnext/crm/doctype/opportunity/opportunity.json
erpnext,P3,missing,"When a parent warehouse is chosen, the system conducts Project Qty checks against the associated child warehouses","Lorsqu'un entrepôt parent est choisi, le système effectue des contrôles de la quantité du projet par rapport aux entrepôts enfants associés.",erpnext/manufacturing/doctype/production_plan/production_plan.json
erpnext,P3,missing,With Period Closing Entry For Opening Balances,Avec saisie de clôture de période pour les soldes d'ouverture,erpnext/accounts/report/consolidated_trial_balance/consolidated_trial_balance.js:63 erpnext/accounts/report/trial_balance/trial_balance.js:83
erpnext,P3,missing,Withdrawal,Retrait,erpnext/accounts/doctype/bank_transaction/bank_transaction.json erpnext/public/js/bank_reconciliation_tool/data_table_manager.js:67
erpnext,P3,missing,Work Order / Subcontract PO,Bon de travail/bon de commande de sous-traitance,erpnext/manufacturing/doctype/production_plan/production_plan.js:144
erpnext,P3,missing,Work Order Consumed Materials,Matières consommées par ordre de travail,erpnext/manufacturing/report/work_order_consumed_materials/work_order_consumed_materials.json erpnext/manufacturing/workspace/manufacturing/manufacturing.json
erpnext,P3,missing,Work Order {0} created,Bon de travail {0} créé,erpnext/manufacturing/report/material_requirements_planning_report/material_requirements_planning_report.py:1372
erpnext,P3,missing,Workstation Cost,Coût du poste de travail,erpnext/manufacturing/doctype/workstation_cost/workstation_cost.json
erpnext,P3,missing,Workstation Dashboard,Tableau de bord du poste de travail,erpnext/manufacturing/doctype/workstation/workstation.json
erpnext,P3,missing,Workstation Operating Component,Composant d'exploitation du poste de travail,erpnext/manufacturing/doctype/workstation_operating_component/workstation_operating_component.json
erpnext,P3,missing,Workstation Operating Component Account,Compte de composant d'exploitation de poste de travail,erpnext/manufacturing/doctype/workstation_operating_component_account/workstation_operating_component_account.json
erpnext,P3,missing,Workstation Status,Statut du poste de travail,erpnext/manufacturing/doctype/workstation/workstation.json
erpnext,P3,missing,Workstation Type,Type de poste de travail,erpnext/manufacturing/doctype/bom_operation/bom_operation.json erpnext/manufacturing/doctype/job_card/job_card.json erpnext/manufacturing/doctype/work_order_operation/work_order_operation.json erpnext/manufacturing/doctype/workstation/workstation.json erpnext/manufacturing/doctype/workstation_type/workstation_type.json erpnext/manufacturing/workspace/manufacturing/manufacturing.json
erpnext,P3,missing,Workstations,Postes de travail,erpnext/manufacturing/doctype/plant_floor/plant_floor.json
erpnext,P3,missing,Wrong Company,Mauvaise entreprise,erpnext/accounts/doctype/chart_of_accounts_importer/chart_of_accounts_importer.py:70
erpnext,P3,missing,Wrong Template,Mauvais modèle,erpnext/accounts/doctype/chart_of_accounts_importer/chart_of_accounts_importer.py:55
erpnext,P3,missing,You are importing data for the code list:,Vous importez des données pour la liste de codes :,erpnext/edi/doctype/code_list/code_list_import.js:29
erpnext,P3,missing,You can add the original invoice {} manually to proceed.,Vous pouvez ajouter la facture originale {} manuellement pour continuer.,erpnext/accounts/doctype/pos_invoice_merge_log/pos_invoice_merge_log.py:111
erpnext,P3,missing,"You can set it as a machine name or operation type. For example, stiching machine 12","Vous pouvez le définir comme nom de machine ou type d'opération. Par exemple, machine à coudre 12",erpnext/manufacturing/doctype/workstation/workstation.js:59
erpnext,P3,missing,You can't make any changes to Job Card since Work Order is closed.,Vous ne pouvez apporter aucune modification à la fiche de travail puisque le bon de travail est fermé.,erpnext/manufacturing/doctype/job_card/job_card.py:1211
erpnext,P3,missing,You can't redeem Loyalty Points having more value than the Total Amount.,Vous ne pouvez pas échanger des points de fidélité d'une valeur supérieure au montant total.,erpnext/accounts/doctype/loyalty_program/loyalty_program.py:192
erpnext,P3,missing,You cannot change the rate if BOM is mentioned against any Item.,Vous ne pouvez pas modifier le tarif si la nomenclature est mentionnée pour un article.,erpnext/manufacturing/doctype/bom/bom.js:698
erpnext,P3,missing,You cannot create a {0} within the closed Accounting Period {1},Vous ne pouvez pas créer un {0} au cours de la période comptable clôturée {1},erpnext/accounts/doctype/accounting_period/accounting_period.py:136
erpnext,P3,missing,You cannot create/amend any accounting entries till this date.,Vous ne pouvez créer/modifier aucune écriture comptable jusqu'à cette date.,erpnext/accounts/general_ledger.py:813
erpnext,P3,missing,You cannot enable both the settings '{0}' and '{1}'.,Vous ne pouvez pas activer à la fois les paramètres « {0} » et « {1} ».,erpnext/accounts/doctype/accounts_settings/accounts_settings.py:144
erpnext,P3,missing,You cannot {0} this document because another Period Closing Entry {1} exists after {2},Vous ne pouvez pas {0} ce document car une autre écriture de clôture de période {1} existe après {2},erpnext/accounts/doctype/period_closing_voucher/period_closing_voucher.py:107
erpnext,P3,missing,You have been invited to collaborate on the project {0}.,Vous avez été invité à collaborer sur le projet {0}.,erpnext/projects/doctype/project/project.py:363
erpnext,P3,missing,You need to cancel POS Closing Entry {} to be able to cancel this document.,Vous devez annuler l'entrée de clôture du PDV {} pour pouvoir annuler ce document.,erpnext/accounts/doctype/pos_invoice/pos_invoice.py:278
erpnext,P3,missing,You selected the account group {1} as {2} Account in row {0}. Please select a single account.,Vous avez sélectionné le groupe de comptes {1} comme compte {2} sur la ligne {0}. Veuillez sélectionner un seul compte.,erpnext/controllers/accounts_controller.py:3206
erpnext,P3,missing,Your Name (required),Votre nom (obligatoire),erpnext/www/book_appointment/index.html:49
erpnext,P3,missing,Your email has been verified and your appointment has been scheduled,Votre email a été vérifié et votre rendez-vous a été programmé,erpnext/www/book_appointment/verify/index.html:11
erpnext,P3,missing,Zero Balance,Solde nul,erpnext/accounts/doctype/exchange_rate_revaluation_account/exchange_rate_revaluation_account.json
erpnext,P3,missing,Zero Rated,Détaxé,erpnext/regional/report/uae_vat_201/uae_vat_201.py:65
erpnext,P3,missing,`Allow Negative rates for Items`,« Autoriser les tarifs négatifs pour les articles »,erpnext/controllers/status_updater.py:287
erpnext,P3,missing,as Code,comme code,erpnext/edi/doctype/code_list/code_list_import.js:57
erpnext,P3,missing,as Description,comme description,erpnext/edi/doctype/code_list/code_list_import.js:73
erpnext,P3,missing,as Title,comme titre,erpnext/edi/doctype/code_list/code_list_import.js:48
erpnext,P3,missing,as a percentage of finished item quantity,en pourcentage de la quantité d'articles finis,erpnext/manufacturing/doctype/bom/bom.js:966
erpnext,P3,missing,at,à,erpnext/www/book_appointment/index.html:43
erpnext,P3,missing,by {},par {},erpnext/edi/doctype/code_list/code_list_import.js:90
erpnext,P3,missing,cannot be greater than 100,ne peut pas être supérieur à 100,erpnext/public/js/utils/sales_common.js:336
erpnext,P3,untranslated_copy,description,description,erpnext/edi/doctype/code_list/code_list_import.js:80 erpnext/manufacturing/doctype/production_plan_sub_assembly_item/production_plan_sub_assembly_item.json
erpnext,P3,missing,exchangerate.host,taux de change.host,erpnext/accounts/doctype/currency_exchange_settings/currency_exchange_settings.json
erpnext,P3,missing,frankfurter.dev,francfort.dev,erpnext/accounts/doctype/currency_exchange_settings/currency_exchange_settings.json
erpnext,P3,missing,must be between 0 and 100,doit être compris entre 0 et 100,erpnext/controllers/selling_controller.py:217
erpnext,P3,missing,on,sur,erpnext/templates/pages/task_info.html:90
erpnext,P3,missing,or its descendants,ou ses descendants,erpnext/support/doctype/service_level_agreement/service_level_agreement.js:50
erpnext,P3,missing,payments app is not installed. Please install it from {0} or {1},l'application de paiement n'est pas installée. Veuillez l'installer à partir de {0} ou {1},erpnext/public/js/utils.js:372
erpnext,P3,missing,payments app is not installed. Please install it from {} or {},l'application de paiement n'est pas installée. Veuillez l'installer à partir de {} ou {},erpnext/utilities/__init__.py:47
erpnext,P3,missing,production,production,erpnext/erpnext_integrations/doctype/plaid_settings/plaid_settings.json
erpnext,P3,missing,ratings,notes,erpnext/templates/includes/macros.html:202
erpnext,P3,missing,subscription is already cancelled.,l'abonnement est déjà annulé.,erpnext/accounts/doctype/subscription/subscription.py:679
erpnext,P3,missing,target_ref_field,champ_ref_cible,erpnext/controllers/status_updater.py:459 erpnext/controllers/status_updater.py:478
erpnext,P3,missing,temporary name,nom temporaire,erpnext/manufacturing/doctype/production_plan_item/production_plan_item.json
erpnext,P3,missing,variance,variance,erpnext/accounts/report/budget_variance_report/budget_variance_report.js:9
erpnext,P3,missing,via Asset Repair,via la réparation des actifs,erpnext/assets/doctype/asset_finance_book/asset_finance_book.json
erpnext,P3,missing,via BOM Update Tool,via l'outil de mise à jour de nomenclature,erpnext/manufacturing/doctype/bom_update_log/bom_updation_utils.py:41
erpnext,P3,missing,{0} Account not found against Customer {1}.,{0} Compte introuvable pour le client {1}.,erpnext/controllers/accounts_controller.py:2364
erpnext,P3,missing,{0} Account: {1} ({2}) must be in either customer billing currency: {3} or Company default currency: {4},Compte {0} : {1} ({2}) doit être dans la devise de facturation du client : {3} ou dans la devise par défaut de l'entreprise : {4},erpnext/utilities/transaction_base.py:199
erpnext,P3,missing,{0} Budget for Account {1} against {2} {3} is {4}. It is already exceeded by {5}.,{0} Le budget du compte {1} par rapport à {2} {3} est {4}. Il est déjà dépassé de {5}.,erpnext/accounts/doctype/budget/budget.py:547
erpnext,P3,missing,{0} Budget for Account {1} against {2} {3} is {4}. It will be exceeded by {5}.,{0} Le budget du compte {1} par rapport à {2} {3} est {4}. Il sera dépassé de {5}.,erpnext/accounts/doctype/budget/budget.py:550
erpnext,P3,missing,{0} Operating Cost for operation {1},{0} Coût d'exploitation pour l'exploitation {1},erpnext/manufacturing/doctype/bom/bom.py:1560
erpnext,P3,missing,{0} Transaction(s) Reconciled,{0} Transaction(s) rapprochée(s),erpnext/accounts/doctype/bank_reconciliation_tool/bank_reconciliation_tool.py:457
erpnext,P3,missing,{0} account is not of company {1},Le compte {0} n'appartient pas à la société {1},erpnext/accounts/doctype/payment_ledger_entry/payment_ledger_entry.py:59
erpnext,P3,missing,{0} account is not of type {1},Le compte {0} n'est pas du type {1},erpnext/accounts/doctype/payment_ledger_entry/payment_ledger_entry.py:62
erpnext,P3,missing,{0} cannot be changed with opened Opening Entries.,{0} ne peut pas être modifié avec les entrées d'ouverture ouvertes.,erpnext/accounts/doctype/pos_settings/pos_settings.py:52
erpnext,P3,missing,{0} cannot be used as a Main Cost Center because it has been used as child in Cost Center Allocation {1},{0} ne peut pas être utilisé comme centre de coûts principal car il a été utilisé comme enfant dans l'allocation de centre de coûts {1},erpnext/accounts/doctype/cost_center_allocation/cost_center_allocation.py:136
erpnext,P3,missing,{0} cannot be zero,{0} ne peut pas être nul,erpnext/accounts/doctype/payment_request/payment_request.py:120
erpnext,P3,missing,{0} creation for the following records will be skipped.,La création de {0} pour les enregistrements suivants sera ignorée.,erpnext/utilities/bulk_transaction.py:31
erpnext,P3,missing,{0} does not belong to the Company {1}.,{0} n'appartient pas à la Société {1}.,erpnext/controllers/accounts_controller.py:352
erpnext,P3,missing,{0} has been modified after you pulled it. Please pull it again.,{0} a été modifié après que vous l'ayez extrait. Veuillez le retirer à nouveau.,erpnext/accounts/doctype/payment_reconciliation/payment_reconciliation.py:773
erpnext,P3,missing,{0} hours,{0} heures,erpnext/projects/doctype/project/project_dashboard.html:15
erpnext,P3,missing,{0} is added multiple times on rows: {1},{0} est ajouté plusieurs fois sur les lignes : {1},erpnext/accounts/doctype/pos_closing_entry/pos_closing_entry.py:100 erpnext/accounts/doctype/pos_closing_entry/pos_closing_entry.py:153 erpnext/accounts/doctype/pos_invoice_merge_log/pos_invoice_merge_log.py:60
erpnext,P3,missing,{0} is in Draft. Submit it before creating the Asset.,{0} est en brouillon. Soumettez-le avant de créer l'actif.,erpnext/assets/doctype/asset/asset.py:497
erpnext,P3,missing,{0} is mandatory for account {1},{0} est obligatoire pour le compte {1},erpnext/accounts/doctype/payment_ledger_entry/payment_ledger_entry.py:99 erpnext/accounts/general_ledger.py:837
erpnext,P3,missing,{0} is open. Close the POS or cancel the existing POS Opening Entry to create a new POS Opening Entry.,{0} est ouvert. Fermez le PDV ou annulez l'entrée d'ouverture de PDV existante pour créer une nouvelle entrée d'ouverture de PDV.,erpnext/accounts/doctype/pos_opening_entry/pos_opening_entry.py:68
erpnext,P3,missing,{0} items lost during process.,{0} articles perdus pendant le processus.,erpnext/manufacturing/doctype/work_order/work_order.js:494
erpnext,P3,missing,{0} qty of Item {1} is being received into Warehouse {2} with capacity {3}.,La quantité {0} de l'article {1} est reçue dans l'entrepôt {2} avec une capacité {3}.,erpnext/controllers/stock_controller.py:1680
erpnext,P3,missing,{0} until {1},{0} jusqu'au {1},erpnext/accounts/doctype/process_statement_of_accounts/process_statement_of_accounts_accounts_receivable.html:36
erpnext,P3,missing,{0} view is currently unsupported in Custom Financial Report.,La vue {0} n'est actuellement pas prise en charge dans le rapport financier personnalisé.,erpnext/accounts/doctype/financial_report_template/financial_report_engine.py:232
erpnext,P3,missing,{0} will be given as discount.,{0} sera accordé en réduction.,erpnext/accounts/doctype/payment_term/payment_term.js:19
erpnext,P3,missing,{0} will be set as the {1} in subsequently scanned items,{0} sera défini comme {1} dans les éléments numérisés ultérieurement,erpnext/public/js/utils/barcode_scanner.js:523
erpnext,P3,untranslated_copy,{0} {1},{0} {1},erpnext/manufacturing/doctype/job_card/job_card.py:884
erpnext,P3,missing,{0} {1} Manually,{0} {1} Manuellement,erpnext/public/js/utils/serial_no_batch_selector.js:254
erpnext,P3,missing,{0} {1} Partially Reconciled,{0} {1} Partiellement rapproché,erpnext/accounts/doctype/bank_reconciliation_tool/bank_reconciliation_tool.py:461
erpnext,P3,missing,{0} {1} is allocated twice in this Bank Transaction,{0} {1} est alloué deux fois dans cette transaction bancaire,erpnext/accounts/doctype/bank_transaction/bank_transaction.py:96
erpnext,P3,missing,{0} {1} is already linked to Common Code {2}.,{0} {1} est déjà lié au code commun {2}.,erpnext/edi/doctype/common_code/common_code.py:52
erpnext,P3,missing,{0} {1} is not in any active Fiscal Year,{0} {1} n'est dans aucun exercice actif,erpnext/accounts/utils.py:120
erpnext,P3,missing,{0} {1} not allowed to be reposted. Modify {2} to enable reposting.,{0} {1} ne peut pas être republié. Modifiez {2} pour activer la republication.,erpnext/accounts/doctype/repost_accounting_ledger/repost_accounting_ledger.py:272
erpnext,P3,missing,{0} {1} via CSV File,{0} {1} via un fichier CSV,erpnext/public/js/utils/serial_no_batch_selector.js:230
erpnext,P3,missing,{0} {1}: Account {2} is a Group Account and group accounts cannot be used in transactions,{0} {1} : Le compte {2} est un compte de groupe et les comptes de groupe ne peuvent pas être utilisés dans les transactions.,erpnext/accounts/doctype/gl_entry/gl_entry.py:241 erpnext/accounts/doctype/payment_ledger_entry/payment_ledger_entry.py:73
erpnext,P3,missing,{0} {1}: Cost Center is required for 'Profit and Loss' account {2}.,{0} {1} : Le centre de coûts est requis pour le compte « Profits et pertes » {2}.,erpnext/accounts/doctype/gl_entry/gl_entry.py:178
erpnext,P3,missing,{0} {1}: Cost Center {2} is a group cost center and group cost centers cannot be used in transactions,{0} {1} : Le centre de coûts {2} est un centre de coûts de groupe et les centres de coûts de groupe ne peuvent pas être utilisés dans les transactions.,erpnext/accounts/doctype/gl_entry/gl_entry.py:273
erpnext,P3,untranslated_copy,{0}%,{0}%,erpnext/projects/doctype/project/project_list.js:6
erpnext,P3,missing,{0}% Billed,{0}% facturé,erpnext/controllers/website_list_for_contact.py:203
erpnext,P3,missing,{0}% Delivered,{0}% livré,erpnext/controllers/website_list_for_contact.py:211
erpnext,P3,missing,{0}% of total invoice value will be given as discount.,{0} % de la valeur totale de la facture sera accordé à titre de réduction.,erpnext/accounts/doctype/payment_term/payment_term.js:15
erpnext,P3,missing,{0}'s {1} cannot be after {2}'s Expected End Date.,Le {1} de {0} ne peut pas être postérieur à la date de fin prévue de {2}.,erpnext/projects/doctype/task/task.py:130
erpnext,P3,missing,{0}: {1} does not belong to the Company: {2},{0} : {1} n'appartient pas à la Société : {2},erpnext/controllers/accounts_controller.py:542
erpnext,P3,missing,{count} Assets created for {item_code},{count} Éléments créés pour {item_code},erpnext/controllers/buying_controller.py:1009
erpnext,P3,missing,{field_label} is mandatory for sub-contracted {doctype}.,{field_label} est obligatoire pour {doctype} sous-traité.,erpnext/controllers/buying_controller.py:628
erpnext,P3,missing,{item_name}'s Sample Size ({sample_size}) cannot be greater than the Accepted Quantity ({accepted_quantity}),La taille de l'échantillon de {item_name} ({sample_size}) ne peut pas être supérieure à la quantité acceptée ({accepted_quantity}),erpnext/controllers/stock_controller.py:2085
erpnext,P3,missing,{ref_doctype} {ref_name} is {status}.,{ref_doctype} {ref_name} est {status}.,erpnext/controllers/buying_controller.py:732
erpnext,P3,missing,{},,erpnext/assets/report/fixed_asset_register/fixed_asset_register.py:432
erpnext,P3,missing,{} is a child company.,{} est une entreprise enfant.,erpnext/accounts/doctype/chart_of_accounts_importer/chart_of_accounts_importer.py:66
erpnext,P3,missing,{} {} is already linked with another {},{} {} est déjà lié à un autre {},erpnext/accounts/doctype/party_link/party_link.py:53 erpnext/accounts/doctype/party_link/party_link.py:63
erpnext,P3,missing,{} {} is already linked with {} {},{} {} est déjà associé à {} {},erpnext/accounts/doctype/party_link/party_link.py:40
erpnext,P3,missing,{} {} is not affecting bank account {},{} {} n'affecte pas le compte bancaire {},erpnext/accounts/doctype/bank_transaction/bank_transaction.py:385
frappe,P3,untranslated_copy,#{0},#{0},frappe/public/js/frappe/ui/toolbar/tag_utils.js:21 frappe/public/js/frappe/ui/toolbar/tag_utils.js:22
frappe,P3,missing,&copy; Frappe Technologies Pvt. Ltd. and contributors,&copie; Frappe Technologies Pvt. Ltd. et contributeurs,frappe/public/js/frappe/ui/toolbar/about.js:11
frappe,P3,missing,'*' is only allowed in {0} SQL function(s),'*' n'est autorisé que dans les fonctions SQL {0},frappe/database/query.py:2100
frappe,P3,missing,'{0}' is not a valid IBAN,« {0} » n'est pas un IBAN valide,frappe/utils/__init__.py:268
frappe,P3,missing,1 Report,1 rapport,frappe/public/js/frappe/views/reports/query_report.js:966
frappe,P3,missing,1 of 2,1 sur 2,frappe/public/js/print_format_builder/PrintFormat.vue:3
frappe,P3,missing,1 row from {0},1 ligne à partir de {0},frappe/public/js/frappe/form/footer/version_timeline_content_builder.js:325
frappe,P3,missing,1 row to {0},1 ligne jusqu'à {0},frappe/public/js/frappe/form/footer/version_timeline_content_builder.js:280
frappe,P3,untranslated_copy,30 minutes,30 minutes,frappe/public/js/frappe/form/reminders.js:16
frappe,P3,missing,5 days ago,il y a 5 jours,frappe/tests/test_utils.py:907
frappe,P3,missing,<b>{0}</b> is not a valid URL,<b>{0}</b> n'est pas une URL valide,frappe/public/js/frappe/widgets/widget_dialog.js:601
frappe,P3,missing,"<div class=""ql-editor read-mode""><p>Request a file containing your personally identifiable information (PII) that is saved on our system. The file will be in JSON format and is sent to you by email. If you would like to have your PII deleted from our system, please make a <a href=""/request-to-delete-data"" rel=""noopener noreferrer"">request to delete data</a>.</p></div>","<div class=""ql-editor read-mode""><p>Demandez un fichier contenant vos informations personnelles identifiables (PII) enregistrées sur notre système. Le fichier sera au format JSON et vous sera envoyé par email. Si vous souhaitez que vos informations personnelles soient supprimées de notre système, veuillez effectuer une <a href=""/request-to-delete-data"" rel=""noopener noreferrer"">demande de suppression des données</a>.</p></div>",frappe/website/web_form/request_data/request_data.json
frappe,P3,missing,"<div class=""ql-editor read-mode""><p>Send a request to delete your account and personally identifiable information (PII) that is stored on our system. You will receive an email to verify your request. Once the request is verified we will take care of deleting your PII. If you just want to check what PII we have stored, you can <a href=""/request-data"" rel=""noopener noreferrer"">request your data</a>.</p></div>","<div class=""ql-editor read-mode""><p>Envoyez une demande de suppression de votre compte et des informations personnelles identifiables (PII) stockées sur notre système. Vous recevrez un email pour vérifier votre demande. Une fois la demande vérifiée, nous nous occuperons de supprimer vos informations personnelles. Si vous souhaitez simplement vérifier les informations personnelles que nous avons stockées, vous pouvez <a href=""/request-data"" rel=""noopener noreferrer"">demander vos données</a>.</p></div>",frappe/website/web_form/request_to_delete_data/request_to_delete_data.json
frappe,P3,missing,"<h4>Email Reply Example</h4>

<pre>Order Overdue

Transaction {{ name }} has exceeded Due Date. Please take necessary action.

Details

- Customer: {{ customer }}
- Amount: {{ grand_total }}
</pre>

<h4>How to get fieldnames</h4>

<p>The fieldnames you can use in your email template are the fields in the document from which you are sending the email. You can find out the fields of any documents via Setup &gt; Customize Form View and selecting the document type (e.g. Sales Invoice)</p>

<h4>Templating</h4>

<p>Templates are compiled using the Jinja Templating Language. To learn more about Jinja, <a class=""strong"" href=""http://jinja.pocoo.org/docs/dev/templates/"">read this documentation.</a></p>
","<h4>Exemple de réponse par e-mail</h4>

<pre>Commande en retard

La transaction {{ name }} a dépassé la date d'échéance. Veuillez prendre les mesures nécessaires.

Détails

- Client : {{ customer }}
- Montant : {{ grand_total }}
</pre>

<h4>Comment obtenir les noms de champs</h4>

<p>Les noms de champs que vous pouvez utiliser dans votre modèle d'e-mail sont les champs du document à partir duquel vous envoyez l'e-mail. Vous pouvez connaître les champs de n'importe quel document via Configuration &gt; Personnalisez la vue du formulaire et sélectionnez le type de document (par exemple, facture de vente) </p>

<h4>Modèles</h4>

Les modèles <p> sont compilés à l'aide du langage de modèles Jinja. Pour en savoir plus sur Jinja, <a class=""strong"" href=""http://jinja.pocoo.org/docs/dev/templates/"">lisez cette documentation.</a></p>",frappe/email/doctype/email_template/email_template.json
frappe,P3,missing,"<h5>Message Example</h5>

<pre>&lt;h3&gt;Order Overdue&lt;/h3&gt;

&lt;p&gt;Transaction {{ doc.name }} has exceeded Due Date. Please take necessary action.&lt;/p&gt;

&lt;!-- show last comment --&gt;
{% if comments %}
Last comment: {{ comments[-1].comment }} by {{ comments[-1].by }}
{% endif %}

&lt;h4&gt;Details&lt;/h4&gt;

&lt;ul&gt;
&lt;li&gt;Customer: {{ doc.customer }}
&lt;li&gt;Amount: {{ doc.grand_total }}
&lt;/ul&gt;
</pre>","<h5>Exemple de message</h5>

<pre>&lt;h3&gt; Commande en retard&lt;/h3&gt;

&lt;p&gt;La transaction {{ doc.name }} a dépassé la date d'échéance. Veuillez prendre les mesures nécessaires.&lt;/p&gt;

&lt;!-- afficher le dernier commentaire --&gt;
{% if comments %}
Dernier commentaire : {{ comments[-1].comment }} par {{ comments[-1].by }}
{% endif %}

&lt;h4&gt;Détails&lt;/h4&gt;

&lt;ul&gt;
&lt;li&gt;Client : {{ doc.customer }}
&lt;li&gt;Montant : {{ doc.grand_total }}
&lt;/ul&gt;
</pre>",frappe/email/doctype/notification/notification.json
frappe,P3,missing,"<p><strong>Condition Examples:</strong></p>
<pre><code class=""language-python"">doc.status==""Open""<br>doc.due_date==nowdate()<br>doc.total &gt; 40000
</code></pre>
","<p><strong>Exemples de conditions :</strong></p>
<pre><code class=""language-python"">doc.status==""Ouvrir""<br>doc.due_date==nowdate()<br>doc.total &gt; 40000
</code></pre>",frappe/email/doctype/notification/notification.json
frappe,P3,missing,"<p>Multiple webforms can be created for a single doctype. Add filters specific to this webform to display correct record after submission.</p><p>For Example:</p>
<p>If you create a separate webform every year to capture feedback from employees add a 
 field named year in doctype and add a filter <b>year = 2023</b></p>
","<p>Plusieurs formulaires Web peuvent être créés pour un seul type de document. Ajoutez des filtres spécifiques à ce formulaire Web pour afficher l'enregistrement correct après la soumission.</p><p>Par exemple :</p>
<p>Si vous créez un formulaire Web distinct chaque année pour recueillir les commentaires des employés, ajoutez un 
 champ nommé année dans doctype et ajoutez un filtre <b>year = 2023</b></p>",frappe/website/doctype/web_form/web_form.json
frappe,P3,missing,"<p>Set context before rendering a template. Example:</p><p>
</p><div><pre><code>
context.project = frappe.get_doc(""Project"", frappe.form_dict.name)
</code></pre></div>","<p>Définissez le contexte avant de rendre un modèle. Exemple :</p><p>
</p><div><pre><code>
contexte.project = frappe.get_doc(""Projet"", frappe.form_dict.name)
</code></pre></div>",frappe/website/doctype/web_page/web_page.json
frappe,P3,missing,"<p>Your OTP secret on {0} has been reset. If you did not perform this reset and did not request it, please contact your System Administrator immediately.</p>","<p>Votre secret OTP sur {0} a été réinitialisé. Si vous n'avez pas effectué cette réinitialisation et ne l'avez pas demandé, veuillez contacter immédiatement votre administrateur système.</p>",frappe/twofactor.py:460
frappe,P3,missing,"<pre><code>doc.grand_total &gt; 0</code></pre>

<p>Conditions should be written in simple Python. Please use properties available in the form only.</p>
<p>Allowed functions:
</p><ul>
<li>frappe.db.get_value</li>
<li>frappe.db.get_list</li>
<li>frappe.session</li>
<li>frappe.utils.now_datetime</li>
<li>frappe.utils.get_datetime</li>
<li>frappe.utils.add_to_date</li>
<li>frappe.utils.now</li>
</ul>
<p>Example: </p><pre><code>doc.creation &gt; frappe.utils.add_to_date(frappe.utils.now_datetime(), days=-5, as_string=True, as_datetime=True) </code></pre><p></p>","<pre><code>doc.grand_total &gt; 0</code></pre>

<p>Conditions doivent être écrites en Python simple. Veuillez utiliser les propriétés disponibles dans le formulaire uniquement.</p>
<p>Fonctions autorisées :
</p><ul>
<li>frappe.db.get_value</li>
<li>frappe.db.get_list</li>
<li>frappe.session</li>
<li>frappe.utils.now_datetime</li>
<li>frappe.utils.get_datetime</li>
<li>frappe.utils.add_to_date</li>
<li>frappe.utils.now</li>
</ul>
<p>Exemple : </p><pre><code>doc.creation &gt; frappe.utils.add_to_date(frappe.utils.now_datetime(), jours=-5, as_string=True, as_datetime=True) </code></pre><p></p>",frappe/workflow/doctype/workflow_transition/workflow_transition.json
frappe,P3,missing,<strong>Warning:</strong> This field is system generated and may be overwritten by a future update. Modify it using {0} instead.,<strong>Avertissement :</strong> Ce champ est généré par le système et peut être écrasé par une mise à jour future. Modifiez-le en utilisant {0} à la place.,frappe/custom/doctype/custom_field/custom_field.js:39
frappe,P3,missing,"A Frappe Framework instance can function as an OAuth Client, Resource, or Authorization server. This DocType contains settings related to all three.","Une instance Frappe Framework peut fonctionner comme un client OAuth, une ressource ou un serveur d'autorisation. Ce DocType contient des paramètres liés aux trois.",frappe/integrations/doctype/oauth_settings/oauth_settings.json
frappe,P3,missing,A download link with your data will be sent to the email address associated with your account.,Un lien de téléchargement avec vos données sera envoyé à l'adresse e-mail associée à votre compte.,frappe/website/web_form/request_data/request_data.json
frappe,P3,missing,A field with the name {0} already exists in {1},Un champ portant le nom {0} existe déjà dans {1},frappe/custom/doctype/custom_field/custom_field.py:176
frappe,P3,missing,A template already exists for field {0} of {1},Un modèle existe déjà pour le champ {0} de {1},frappe/printing/doctype/print_format_field_template/print_format_field_template.py:49
frappe,P3,missing,"A version identifier string for the client software.
<br>
The value of the should change on any update of the client software with the same Software ID.","Une chaîne d'identifiant de version pour le logiciel client.
<br>
La valeur de doit changer à chaque mise à jour du logiciel client avec le même ID de logiciel.",frappe/integrations/doctype/oauth_client/oauth_client.json
frappe,P3,untranslated_copy,A0,A0,frappe/printing/doctype/print_settings/print_settings.json
frappe,P3,missing,A1,A1,frappe/printing/doctype/print_settings/print_settings.json
frappe,P3,missing,A2,A2,frappe/printing/doctype/print_settings/print_settings.json
frappe,P3,missing,A3,A3,frappe/printing/doctype/print_settings/print_settings.json
frappe,P3,untranslated_copy,A4,A4,frappe/printing/doctype/print_settings/print_settings.json
frappe,P3,missing,A5,A5,frappe/printing/doctype/print_settings/print_settings.json
frappe,P3,missing,A6,A6,frappe/printing/doctype/print_settings/print_settings.json
frappe,P3,missing,A7,A7,frappe/printing/doctype/print_settings/print_settings.json
frappe,P3,untranslated_copy,A8,A8,frappe/printing/doctype/print_settings/print_settings.json
frappe,P3,untranslated_copy,A9,A9,frappe/printing/doctype/print_settings/print_settings.json
frappe,P3,untranslated_copy,API Endpoint,Point de terminaison de l'API,frappe/integrations/doctype/social_login_key/social_login_key.json
frappe,P3,missing,API Endpoint Args should be valid JSON,Les arguments du point de terminaison de l'API doivent être un JSON valide,frappe/integrations/doctype/social_login_key/social_login_key.py:102
frappe,P3,missing,API Key and Secret to interact with the relay server. These will be auto-generated when the first push notification is sent from any of the apps installed on this site.,Clé API et secret pour interagir avec le serveur relais. Celles-ci seront générées automatiquement lorsque la première notification push sera envoyée depuis l'une des applications installées sur ce site.,frappe/integrations/doctype/push_notification_settings/push_notification_settings.json
frappe,P3,missing,About Us Settings,À propos de nous Paramètres,frappe/website/doctype/about_us_settings/about_us_settings.json frappe/website/workspace/website/website.json
frappe,P3,missing,Accept Invitation,Accepter l'invitation,frappe/templates/emails/user_invitation.html:16
frappe,P3,missing,Access Control,Contrôle d'accès,frappe/website/doctype/web_form/web_form.json
frappe,P3,missing,Account,Compte,frappe/email/doctype/email_account/email_account.json
frappe,P3,missing,Accounts Manager,Gestionnaire de comptes,frappe/automation/doctype/auto_repeat/auto_repeat.json frappe/contacts/doctype/contact/contact.json frappe/geo/doctype/currency/currency.json
frappe,P3,missing,Accounts User,Comptes utilisateur,frappe/automation/doctype/auto_repeat/auto_repeat.json frappe/contacts/doctype/address/address.json frappe/contacts/doctype/contact/contact.json frappe/geo/doctype/currency/currency.json
frappe,P3,missing,"Accurate count can not be fetched, click here to view all documents","Le décompte précis ne peut pas être récupéré, cliquez ici pour voir tous les documents",frappe/public/js/frappe/form/dashboard.js:510
frappe,P3,missing,Add / Remove Columns,Ajouter/Supprimer des colonnes,frappe/public/js/frappe/form/grid_row.js:454
frappe,P3,missing,Add Child,Ajouter un enfant,frappe/public/js/frappe/views/treeview.js:301
frappe,P3,missing,Add Multiple,Ajouter plusieurs,frappe/public/js/frappe/form/grid.js:66
frappe,P3,missing,Add Row,Ajouter une ligne,frappe/public/js/frappe/form/grid.js:66
frappe,P3,missing,Add Tags,Ajouter des balises,frappe/public/js/frappe/list/bulk_operations.js:425
frappe,P3,missing,Add Tags,Ajouter des balises,frappe/public/js/frappe/list/list_view.js:2228
frappe,P3,missing,Add Template,Ajouter un modèle,frappe/public/js/frappe/views/communication.js:424
frappe,P3,missing,Add a Filter,Ajouter un filtre,frappe/public/js/frappe/ui/filters/filter_list.js:299
frappe,P3,missing,Add a Row,Ajouter une ligne,frappe/public/js/frappe/form/form_tour.js:211
frappe,P3,missing,Add a new section,Ajouter une nouvelle rubrique,frappe/printing/page/print_format_builder/print_format_builder_layout.html:28 frappe/public/js/form_builder/components/Tabs.vue:192
frappe,P3,missing,Add a row above the current row,Ajouter une ligne au-dessus de la ligne actuelle,frappe/public/js/frappe/form/form.js:194
frappe,P3,missing,Add a row at the bottom,Ajouter une ligne en bas,frappe/public/js/frappe/form/form.js:206
frappe,P3,missing,Add a row at the top,Ajouter une ligne en haut,frappe/public/js/frappe/form/form.js:202
frappe,P3,missing,Add a row below the current row,Ajouter une ligne en dessous de la ligne actuelle,frappe/public/js/frappe/form/form.js:198
frappe,P3,missing,Add column,Ajouter une colonne,frappe/public/js/form_builder/components/Section.vue:271 frappe/public/js/print_format_builder/PrintFormatSection.vue:115
frappe,P3,missing,Add field,Ajouter un champ,frappe/public/js/form_builder/components/AddFieldButton.vue:9 frappe/public/js/form_builder/components/AddFieldButton.vue:48
frappe,P3,missing,Add new tab,Ajouter un nouvel onglet,frappe/public/js/form_builder/components/Sidebar.vue:46 frappe/public/js/form_builder/components/Tabs.vue:153
frappe,P3,missing,Add numbers or special characters.,Ajoutez des chiffres ou des caractères spéciaux.,frappe/utils/password_strength.py:191
frappe,P3,missing,Add page break,Ajouter un saut de page,frappe/public/js/print_format_builder/PrintFormatSection.vue:125
frappe,P3,missing,Add section above,Ajouter une section ci-dessus,frappe/public/js/print_format_builder/PrintFormatSection.vue:111
frappe,P3,missing,Add section below,Ajouter une section ci-dessous,frappe/public/js/form_builder/components/Section.vue:265
frappe,P3,missing,Add tab,Ajouter un onglet,frappe/public/js/form_builder/components/Sidebar.vue:49 frappe/public/js/form_builder/components/Tabs.vue:157
frappe,P3,missing,Add to this activity by mailing to {0},Ajoutez à cette activité en envoyant un mail à {0},frappe/public/js/frappe/form/footer/form_timeline.js:99
frappe,P3,missing,Add {0},Ajouter {0},frappe/public/js/frappe/views/kanban/kanban_column.html:20
frappe,P3,missing,Add {0},Ajouter {0},frappe/public/js/frappe/list/list_view.js:289
frappe,P3,missing,Added {0} ({1}),Ajout de {0} ({1}),frappe/public/js/frappe/form/link_selector.js:180 frappe/public/js/frappe/form/link_selector.js:202
frappe,P3,missing,Address,Adresse,frappe/contacts/doctype/address/address.json frappe/contacts/doctype/contact/contact.json frappe/contacts/report/addresses_and_contacts/addresses_and_contacts.py:46 frappe/website/doctype/contact_us_settings/contact_us_settings.json frappe/website/doctype/website_settings/website_settings.json
frappe,P3,missing,Address Line 1,Adresse Ligne 1,frappe/contacts/doctype/address/address.json frappe/contacts/report/addresses_and_contacts/addresses_and_contacts.py:37 frappe/website/doctype/contact_us_settings/contact_us_settings.json
frappe,P3,missing,Address Line 2,Ligne d'adresse 2,frappe/contacts/doctype/address/address.json frappe/contacts/report/addresses_and_contacts/addresses_and_contacts.py:38 frappe/website/doctype/contact_us_settings/contact_us_settings.json
frappe,P3,missing,Adds a custom client script to a DocType,Ajoute un script client personnalisé à un DocType,frappe/custom/doctype/client_script/client_script.json
frappe,P3,missing,Adds a custom field to a DocType,Ajoute un champ personnalisé à un DocType,frappe/custom/doctype/custom_field/custom_field.json
frappe,P3,untranslated_copy,Administration,Administration,frappe/public/js/frappe/ui/toolbar/search_utils.js:596
frappe,P3,missing,After,Après,frappe/public/js/frappe/ui/filters/filter.js:64 frappe/public/js/frappe/ui/filters/filter.js:70
frappe,P3,missing,Alias must be a string,L'alias doit être une chaîne,frappe/database/query.py:2147
frappe,P3,untranslated_copy,Align,Aligner,frappe/printing/doctype/letter_head/letter_head.json
frappe,P3,missing,All Submissions,Toutes les soumissions,frappe/public/js/frappe/form/form.js:2240
frappe,P3,missing,Allow comments,Autoriser les commentaires,frappe/website/doctype/web_form/web_form.json
frappe,P3,missing,Allow delete,Autoriser la suppression,frappe/website/doctype/web_form/web_form.json
frappe,P3,missing,Allow editing after submit,Autoriser la modification après la soumission,frappe/website/doctype/web_form/web_form.json
frappe,P3,missing,Allow incomplete forms,Autoriser les formulaires incomplets,frappe/website/doctype/web_form/web_form.json
frappe,P3,missing,Allow multiple responses,Autoriser plusieurs réponses,frappe/website/doctype/web_form/web_form.json
frappe,P3,missing,Allow print,Autoriser l'impression,frappe/website/doctype/web_form/web_form.json
frappe,P3,missing,Allowed Public Client Origins,Origines de clients publics autorisées,frappe/integrations/doctype/oauth_settings/oauth_settings.json
frappe,P3,missing,Allowed embedding domains,Domaines d'intégration autorisés,frappe/website/doctype/web_form/web_form.json
frappe,P3,missing,"Allows clients to fetch metadata from the <code>/.well-known/oauth-authorization-server</code> endpoint. Reference: <a href=""https://datatracker.ietf.org/doc/html/rfc8414"">RFC8414</a>","Permet aux clients de récupérer les métadonnées du point de terminaison <code>/.well-known/oauth-authorization-server</code>. Référence : <a href=""https://datatracker.ietf.org/doc/html/rfc8414"">RFC8414</a>",frappe/integrations/doctype/oauth_settings/oauth_settings.json
frappe,P3,missing,"Allows clients to fetch metadata from the <code>/.well-known/oauth-protected-resource</code> endpoint. Reference: <a href=""https://datatracker.ietf.org/doc/html/rfc9728#name-protected-resource-metadata"">RFC9728</a>","Permet aux clients de récupérer des métadonnées à partir du point de terminaison <code>/.well-known/oauth-protected-resource</code>. Référence : <a href=""https://datatracker.ietf.org/doc/html/rfc9728#name-protected-resource-metadata"">RFC9728</a>",frappe/integrations/doctype/oauth_settings/oauth_settings.json
frappe,P3,missing,"Allows clients to register themselves without manual intervention. Registration creates a <b>OAuth Client</b> entry. Reference: <a href=""https://datatracker.ietf.org/doc/html/rfc7591"">RFC7591</a>","Permet aux clients de s'inscrire sans intervention manuelle. L’inscription crée une entrée <b>OAuth Client</b>. Référence : <a href=""https://datatracker.ietf.org/doc/html/rfc7591"">RFC7591</a>",frappe/integrations/doctype/oauth_settings/oauth_settings.json
frappe,P3,missing,Allows clients to view this as an Authorization Server when querying the <code>/.well-known/oauth-protected-resource</code> end point.,Permet aux clients de visualiser cela en tant que serveur d'autorisation lors de l'interrogation du point de terminaison <code>/.well-known/oauth-protected-resource</code>.,frappe/integrations/doctype/social_login_key/social_login_key.json
frappe,P3,missing,Allows enabled Social Login Key Base URL to be shown as authorization server.,Permet d'afficher l'URL de base de clé de connexion sociale activée en tant que serveur d'autorisation.,frappe/integrations/doctype/oauth_settings/oauth_settings.json
frappe,P3,missing,Allows skipping authorization if a user has active tokens.,Permet d'ignorer l'autorisation si un utilisateur dispose de jetons actifs.,frappe/integrations/doctype/oauth_settings/oauth_settings.json
frappe,P3,missing,Always BCC Address,Toujours l'adresse BCC,frappe/email/doctype/email_account/email_account.json
frappe,P3,missing,Amended From,Modifié à partir de,frappe/website/doctype/personal_data_download_request/personal_data_download_request.json
frappe,P3,missing,Amendment Not Allowed,Modification non autorisée,frappe/model/document.py:586
frappe,P3,missing,An email to verify your request has been sent to your email address. Please verify your request to complete the process.,Un e-mail pour vérifier que votre demande a été envoyé à votre adresse e-mail. Veuillez vérifier votre demande pour terminer le processus.,frappe/website/web_form/request_to_delete_data/request_to_delete_data.json
frappe,P3,missing,Anonymous responses,Réponses anonymes,frappe/website/doctype/web_form/web_form.json
frappe,P3,missing,App Name (Client Name),Nom de l'application (nom du client),frappe/integrations/doctype/oauth_client/oauth_client.json
frappe,P3,missing,Apply,Appliquer,frappe/public/js/form_builder/components/Field.vue:100
frappe,P3,missing,Apply document permissions,Appliquer les autorisations du document,frappe/website/doctype/web_form/web_form.json
frappe,P3,missing,Apps,Applications,frappe/hooks.py frappe/templates/includes/navbar/navbar_login.html:18 frappe/website/js/website.js:619
frappe,P3,missing,Ar,Ar,frappe/public/js/frappe/utils/number_systems.js:41
frappe,P3,missing,Archive,Archive,frappe/public/js/frappe/views/kanban/kanban_column.html:14
frappe,P3,missing,Are you sure you want to clear the assignments?,Êtes-vous sûr de vouloir effacer les affectations ?,frappe/public/js/frappe/list/list_view.js:2192
frappe,P3,missing,Are you sure you want to delete the column? All the fields in the column will be moved to the previous column.,Êtes-vous sûr de vouloir supprimer la colonne ? Tous les champs de la colonne seront déplacés vers la colonne précédente.,frappe/public/js/form_builder/components/Section.vue:197
frappe,P3,missing,Are you sure you want to delete the section? All the columns along with fields in the section will be moved to the previous section.,Êtes-vous sûr de vouloir supprimer la section ? Toutes les colonnes ainsi que les champs de la section seront déplacés vers la section précédente.,frappe/public/js/form_builder/components/Section.vue:126
frappe,P3,missing,Are you sure you want to delete the tab? All the sections along with fields in the tab will be moved to the previous tab.,Êtes-vous sûr de vouloir supprimer l'onglet ? Toutes les sections ainsi que les champs de l'onglet seront déplacés vers l'onglet précédent.,frappe/public/js/form_builder/components/Tabs.vue:65
frappe,P3,missing,Are you sure you want to delete this record?,Êtes-vous sûr de vouloir supprimer cet enregistrement ?,frappe/public/js/frappe/web_form/web_form.js:203
frappe,P3,missing,Are you sure you want to discard the changes?,Êtes-vous sûr de vouloir annuler les modifications ?,frappe/public/js/frappe/web_form/web_form.js:191
frappe,P3,missing,Are you sure you want to generate a new report?,Êtes-vous sûr de vouloir générer un nouveau rapport ?,frappe/public/js/frappe/views/reports/query_report.js:980
frappe,P3,missing,Are you sure you want to proceed?,Êtes-vous sûr de vouloir continuer ?,frappe/public/js/frappe/views/kanban/kanban_view.js:118
frappe,P3,missing,Are you sure you want to remove the {0} filter?,Êtes-vous sûr de vouloir supprimer le filtre {0} ?,frappe/public/js/frappe/list/list_filter.js:57
frappe,P3,missing,Are you sure you want to {0}?,Êtes-vous sûr de vouloir {0} ?,frappe/public/js/frappe/form/workflow.js:114
frappe,P3,untranslated_copy,Arial,Arial,frappe/printing/doctype/print_settings/print_settings.json
frappe,P3,missing,"As per your request, your account and data on {0} associated with email {1} has been permanently deleted","Conformément à votre demande, votre compte et vos données sur {0} associées à l'e-mail {1} ont été définitivement supprimées.",frappe/templates/emails/account_deletion_notification.html:3
frappe,P3,missing,Assigned To,Attribué à,frappe/model/meta.py:62 frappe/public/js/frappe/list/base_list.js:809 frappe/public/js/frappe/list/list_sidebar_group_by.js:37 frappe/public/js/frappe/model/meta.js:218 frappe/public/js/frappe/model/model.js:136 frappe/public/js/frappe/views/interaction.js:82
frappe,P3,missing,Assignee,Cessionnaire,frappe/automation/doctype/auto_repeat/auto_repeat.json
frappe,P3,missing,Asynchronous,Asynchrone,frappe/workflow/doctype/workflow_transition_task/workflow_transition_task.json
frappe,P3,missing,At least one field is required in Web Form Fields Table,Au moins un champ est requis dans le tableau des champs du formulaire Web,frappe/website/doctype/web_form/web_form.js:73
frappe,P3,missing,Attach Files,Joindre des fichiers,frappe/email/doctype/notification/notification.json
frappe,P3,missing,Attachment Settings,Paramètres des pièces jointes,frappe/email/doctype/notification/notification.json
frappe,P3,missing,Attachments,Pièces jointes,frappe/email/doctype/email_queue/email_queue.json frappe/public/js/frappe/form/templates/form_sidebar.html:83 frappe/website/doctype/web_form/templates/web_form.html:113
frappe,P3,missing,Attribution,Attribution,frappe/www/attribution.html:9
frappe,P3,missing,Auth URL data should be valid JSON,Les données de l'URL d'authentification doivent être un JSON valide,frappe/integrations/doctype/social_login_key/social_login_key.py:96
frappe,P3,missing,Authenticate as Service Principal,S'authentifier en tant que principal du service,frappe/email/doctype/email_account/email_account.json
frappe,P3,missing,Authentication Apps you can use are:,Les applications d'authentification que vous pouvez utiliser sont :,frappe/www/qrcode.html:19
frappe,P3,missing,Authorization,Autorisation,frappe/integrations/doctype/oauth_settings/oauth_settings.json
frappe,P3,missing,Auto Email Report,Rapport automatique par e-mail,frappe/email/doctype/auto_email_report/auto_email_report.json
frappe,P3,missing,Auto Repeat Day{0} {1} has been repeated.,Répétition automatique Jour{0} {1} a été répété.,frappe/automation/doctype/auto_repeat/auto_repeat.py:173
frappe,P3,missing,Auto Repeat User,Répétition automatique de l'utilisateur,frappe/automation/doctype/auto_repeat_user/auto_repeat_user.json
frappe,P3,missing,Automatic sending of emails is disabled via site config.,L'envoi automatique des emails est désactivé via la configuration du site.,frappe/email/doctype/email_queue/email_queue.js:49
frappe,P3,missing,"Awesome, now try making an entry yourself","Génial, essayez maintenant de créer une entrée vous-même",frappe/public/js/frappe/widgets/onboarding_widget.js:353
frappe,P3,missing,B,B,frappe/public/js/frappe/utils/number_systems.js:9
frappe,P3,missing,B0,B0,frappe/printing/doctype/print_settings/print_settings.json
frappe,P3,missing,B1,B1,frappe/printing/doctype/print_settings/print_settings.json
frappe,P3,missing,B10,B10,frappe/printing/doctype/print_settings/print_settings.json
frappe,P3,missing,B2,B2,frappe/printing/doctype/print_settings/print_settings.json
frappe,P3,missing,B3,B3,frappe/printing/doctype/print_settings/print_settings.json
frappe,P3,missing,B4,B4,frappe/printing/doctype/print_settings/print_settings.json
frappe,P3,missing,B5,B5,frappe/printing/doctype/print_settings/print_settings.json
frappe,P3,missing,B6,B6,frappe/printing/doctype/print_settings/print_settings.json
frappe,P3,missing,B7,B7,frappe/printing/doctype/print_settings/print_settings.json
frappe,P3,missing,B8,B8,frappe/printing/doctype/print_settings/print_settings.json
frappe,P3,missing,B9,B9,frappe/printing/doctype/print_settings/print_settings.json
frappe,P3,missing,BCC,Cci,frappe/public/js/frappe/views/communication.js:81
frappe,P3,missing,Back,Dos,frappe/public/js/frappe/file_uploader/ImageCropper.vue:31 frappe/public/js/frappe/widgets/onboarding_widget.js:181
frappe,P3,missing,Background Jobs Queue,File d'attente des tâches en arrière-plan,frappe/integrations/doctype/webhook/webhook.json
frappe,P3,missing,Before,Avant,frappe/public/js/frappe/ui/filters/filter.js:63 frappe/public/js/frappe/ui/filters/filter.js:69
frappe,P3,missing,Beginner,Débutant,frappe/website/doctype/help_article/help_article.json
frappe,P3,missing,Billing Contact,Contact de facturation,frappe/public/js/frappe/form/templates/contact_list.html:27
frappe,P3,missing,Both login and password required,Nom d'utilisateur et mot de passe requis,frappe/templates/includes/login/login.js:24 frappe/templates/includes/login/login.js:96
frappe,P3,missing,Bottom Left,En bas à gauche,frappe/printing/doctype/print_format/print_format.json frappe/public/js/print_format_builder/PrintFormatControls.vue:247
frappe,P3,missing,Brand,Marque,frappe/website/doctype/website_settings/website_settings.json
frappe,P3,missing,"Brand is what appears on the top-left of the toolbar. If it is an image, make sure it
has a transparent background and use the &lt;img /&gt; tag. Keep size as 200px x 30px","La marque est ce qui apparaît en haut à gauche de la barre d'outils. S'il s'agit d'une image, assurez-vous qu'elle
a un fond transparent et utilisez l'icône &lt;img /&gt; étiqueter. Conserver la taille à 200 px x 30 px",frappe/website/doctype/website_settings/website_settings.json
frappe,P3,missing,Build {0},Construire {0},frappe/workflow/doctype/workflow/workflow_list.js:18
frappe,P3,missing,Built on {0},Construit sur {0},frappe/templates/includes/footer/footer_powered.html:1
frappe,P3,missing,Bulk Edit,Modification groupée,frappe/public/js/frappe/list/bulk_operations.js:321
frappe,P3,missing,Bulk PDF Export,Exportation PDF en masse,frappe/public/js/frappe/list/bulk_operations.js:131
frappe,P3,missing,Bulk approval only support up to 500 documents.,L'approbation groupée ne prend en charge que 500 documents maximum.,frappe/model/workflow.py:310
frappe,P3,missing,Bulk {0} is enqueued in background.,Le bloc {0} est mis en file d'attente en arrière-plan.,frappe/model/workflow.py:299
frappe,P3,missing,C5E,C5E,frappe/printing/doctype/print_settings/print_settings.json
frappe,P3,missing,CC,CC,frappe/public/js/frappe/views/communication.js:74
frappe,P3,missing,COLOR PICKER,SÉLECTIONNEUR DE COULEURS,frappe/public/js/frappe/color_picker/color_picker.js:20
frappe,P3,missing,Campaign,Campagne,frappe/public/js/frappe/utils/utils.js:1881 frappe/website/doctype/web_page_view/web_page_view.json frappe/website/report/website_analytics/website_analytics.js:39
frappe,P3,missing,Campaign Description (Optional),Description de la campagne (facultatif),frappe/website/doctype/utm_campaign/utm_campaign.json
frappe,P3,missing,Can not rename as column {0} is already present on DocType.,Impossible de renommer car la colonne {0} est déjà présente sur DocType.,frappe/custom/doctype/custom_field/custom_field.py:411
frappe,P3,missing,Can't rename {0} to {1} because {0} doesn't exist.,Impossible de renommer {0} en {1} car {0} n'existe pas.,frappe/model/rename_doc.py:366
frappe,P3,missing,Cancel All,Tout annuler,frappe/public/js/frappe/form/form.js:982
frappe,P3,missing,Cannot Fetch Values,Impossible de récupérer les valeurs,frappe/client.py:455
frappe,P3,missing,Cannot Update After Submit,Impossible de mettre à jour après la soumission,frappe/model/base_document.py:1266
frappe,P3,missing,Cannot cancel before submitting while transitioning from <b>{0} State</b> to <b>{1} State</b>,Impossible d'annuler avant de soumettre lors de la transition de <b>{0} State</b> à <b>{1} State</b>,frappe/public/js/workflow_builder/utils.js:183
frappe,P3,missing,Cannot cancel {0}.,Impossible d'annuler {0}.,frappe/public/js/frappe/list/bulk_operations.js:294
frappe,P3,missing,Cannot change docstatus from 0 (Draft) to 2 (Cancelled),Impossible de changer le statut du document de 0 (Brouillon) à 2 (Annulé),frappe/model/document.py:1062
frappe,P3,missing,Cannot change docstatus from 1 (Submitted) to 0 (Draft),Impossible de changer le statut du document de 1 (Soumis) à 0 (Brouillon),frappe/model/document.py:1076
frappe,P3,missing,Cannot change state of Cancelled Document <b>({0} State)</b>,Impossible de modifier l'état du document annulé <b> ({0} State)</b>,frappe/public/js/workflow_builder/utils.js:170
frappe,P3,missing,Cannot delete standard document state.,Impossible de supprimer l'état du document standard.,frappe/custom/doctype/customize_form/customize_form.js:391
frappe,P3,missing,Cannot delete standard field <strong>{0}</strong>. You can hide it instead.,Impossible de supprimer le champ standard <strong>{0}</strong>. Vous pouvez le cacher à la place.,frappe/custom/doctype/customize_form/customize_form.js:321
frappe,P3,missing,Cannot delete standard field. You can hide it if you want,Impossible de supprimer le champ standard. Tu peux le cacher si tu veux,frappe/public/js/form_builder/components/Field.vue:38 frappe/public/js/form_builder/components/Section.vue:117 frappe/public/js/form_builder/components/Section.vue:190 frappe/public/js/form_builder/components/Tabs.vue:56
frappe,P3,missing,Cannot delete system generated field <strong>{0}</strong>. You can hide it instead.,Impossible de supprimer le champ généré par le système <strong>{0}</strong>. Vous pouvez le cacher à la place.,frappe/custom/doctype/customize_form/customize_form.js:313
frappe,P3,missing,Cannot enable {0} for a non-submittable doctype,Impossible d'activer {0} pour un doctype non soumis,frappe/automation/doctype/auto_repeat/auto_repeat.py:131
frappe,P3,missing,Cannot import table with more than 5000 rows.,Impossible d'importer un tableau contenant plus de 5 000 lignes.,frappe/public/js/frappe/form/grid.js:1155
frappe,P3,missing,Cannot map because following condition fails:,Impossible de mapper car la condition suivante échoue :,frappe/model/mapper.py:175
frappe,P3,missing,Cannot set Notification with event {0} on Document Type {1},Impossible de définir une notification avec l'événement {0} sur le type de document {1},frappe/email/doctype/notification/notification.py:240
frappe,P3,missing,Cannot submit {0}.,Impossible de soumettre {0}.,frappe/public/js/frappe/list/bulk_operations.js:291
frappe,P3,missing,Cannot use sub-query here.,Impossible d'utiliser la sous-requête ici.,frappe/model/db_query.py:1222
frappe,P3,missing,Cannot use {0} in order/group by,Impossible d'utiliser {0} dans l'ordre/groupe par,frappe/model/db_query.py:1254
frappe,P3,missing,Cannot {0} {1}.,Impossible de {0} {1}.,frappe/public/js/frappe/list/bulk_operations.js:297
frappe,P3,missing,Capture,Capturer,frappe/public/js/frappe/ui/capture.js:294
frappe,P3,missing,Card Links,Liens de cartes,frappe/public/js/frappe/widgets/widget_dialog.js:262
frappe,P3,missing,Change,Changement,frappe/public/js/frappe/form/templates/form_sidebar.html:11 frappe/tests/test_translate.py:111
frappe,P3,missing,Change,Changement,frappe/tests/test_translate.py:112
frappe,P3,missing,Change Image,Changer l'image,frappe/public/js/print_format_builder/LetterHeadEditor.vue:38
frappe,P3,missing,Change Letter Head,Changer l'en-tête de la lettre,frappe/public/js/print_format_builder/LetterHeadEditor.vue:45 frappe/public/js/print_format_builder/LetterHeadEditor.vue:141
frappe,P3,missing,Change Print Format,Modifier le format d'impression,frappe/public/js/print_format_builder/print_format_builder.bundle.js:27
frappe,P3,missing,Changing any setting will reflect on all the email accounts associated with this domain.,La modification d'un paramètre se répercutera sur tous les comptes de messagerie associés à ce domaine.,frappe/email/doctype/email_domain/email_domain.js:5
frappe,P3,missing,"Check columns to select, drag to set order.","Vérifiez les colonnes à sélectionner, faites-les glisser pour définir l'ordre.",frappe/printing/page/print_format_builder/print_format_builder_column_selector.html:1
frappe,P3,missing,Child DocTypes are not allowed,Les DocTypes enfants ne sont pas autorisés,frappe/www/list.py:30
frappe,P3,missing,Child query fields for '{0}' must be a list or tuple.,Les champs de requête enfants pour « {0} » doivent être une liste ou un tuple.,frappe/database/query.py:1062
frappe,P3,missing,Choose a block or continue typing,Choisissez un bloc ou continuez à taper,frappe/public/js/frappe/views/workspace/workspace.js:616
frappe,P3,missing,Choose a color,Choisissez une couleur,frappe/public/js/form_builder/components/controls/DataControl.vue:18 frappe/public/js/frappe/form/controls/color.js:5
frappe,P3,missing,Choose an icon,Choisissez une icône,frappe/public/js/form_builder/components/controls/DataControl.vue:21 frappe/public/js/frappe/form/controls/icon.js:5
frappe,P3,missing,Chromium is not downloaded. Please run the setup first.,Chrome n'est pas téléchargé. Veuillez d'abord exécuter la configuration.,frappe/utils/pdf_generator/chrome_pdf_generator.py:94
frappe,P3,missing,City,Ville,frappe/contacts/report/addresses_and_contacts/addresses_and_contacts.py:39 frappe/website/doctype/contact_us_settings/contact_us_settings.json
frappe,P3,missing,Clear & Add Template,Effacer et ajouter un modèle,frappe/public/js/frappe/views/communication.js:429
frappe,P3,missing,Clear & Add template,Effacer et ajouter un modèle,frappe/public/js/frappe/views/communication.js:105
frappe,P3,missing,Clear All,Tout effacer,frappe/public/js/frappe/form/controls/multiselect_list.js:6
frappe,P3,missing,Clear Assignment,Effacer l'affectation,frappe/public/js/frappe/list/list_view.js:2189
frappe,P3,missing,Clear Filters,Effacer les filtres,frappe/public/js/frappe/ui/filters/filter_list.js:299
frappe,P3,missing,Clear the email message and add the template,Effacez le message électronique et ajoutez le modèle,frappe/public/js/frappe/views/communication.js:430
frappe,P3,missing,Click On Customize to add your first widget,Cliquez sur Personnaliser pour ajouter votre premier widget,frappe/public/js/frappe/views/dashboard/dashboard_view.js:194
frappe,P3,missing,Click below to get started:,Cliquez ci-dessous pour commencer :,frappe/templates/emails/user_invitation.html:8
frappe,P3,missing,Click on a file to select it.,Cliquez sur un fichier pour le sélectionner.,frappe/public/js/frappe/file_uploader/FileUploader.vue:539
frappe,P3,missing,Click on the button to log in to {0},Cliquez sur le bouton pour vous connecter à {0},frappe/templates/emails/login_with_email_link.html:19
frappe,P3,missing,Click to sort by {0},Cliquez pour trier par {0},frappe/public/js/frappe/list/list_view.js:742
frappe,P3,missing,Client,Client,frappe/integrations/doctype/oauth_authorization_code/oauth_authorization_code.json frappe/integrations/doctype/oauth_bearer_token/oauth_bearer_token.json
frappe,P3,missing,Client Id,Identifiant client,frappe/integrations/doctype/connected_app/connected_app.json
frappe,P3,missing,Client Metadata,Métadonnées client,frappe/integrations/doctype/oauth_client/oauth_client.json
frappe,P3,missing,Client Secret Basic,Clé secrète client de base,frappe/integrations/doctype/oauth_client/oauth_client.json
frappe,P3,missing,Client Secret Post,Message secret client,frappe/integrations/doctype/oauth_client/oauth_client.json
frappe,P3,missing,Client URI,URI du client,frappe/integrations/doctype/oauth_client/oauth_client.json
frappe,P3,missing,Client script,Script client,frappe/website/doctype/web_form/web_form.json
frappe,P3,missing,Close properties,Fermer les propriétés,frappe/public/js/form_builder/components/FieldProperties.vue:79
frappe,P3,missing,Cmd+Enter to add comment,Cmd+Entrée pour ajouter un commentaire,frappe/templates/discussions/comment_box.html:25 frappe/templates/discussions/reply_section.html:53 frappe/templates/discussions/topic_modal.html:11
frappe,P3,missing,Code Challenge,Défi de code,frappe/integrations/doctype/oauth_authorization_code/oauth_authorization_code.json
frappe,P3,missing,Code challenge method,Méthode de contestation du code,frappe/integrations/doctype/oauth_authorization_code/oauth_authorization_code.json
frappe,P3,missing,Collapse All,Réduire tout,frappe/public/js/frappe/views/reports/query_report.js:2143 frappe/public/js/frappe/views/treeview.js:123
frappe,P3,missing,Column Width,Largeur de colonne,frappe/public/js/frappe/form/grid_row.js:454
frappe,P3,missing,Column width cannot be zero.,La largeur de la colonne ne peut pas être nulle.,frappe/public/js/frappe/form/grid_row.js:661
frappe,P3,missing,Comm10E,Comm10E,frappe/printing/doctype/print_settings/print_settings.json
frappe,P3,missing,Comments,Commentaires,frappe/model/meta.py:61 frappe/public/js/frappe/form/controls/comment.js:9 frappe/public/js/frappe/model/meta.js:217 frappe/public/js/frappe/model/model.js:135 frappe/website/doctype/web_form/templates/web_form.html:129
frappe,P3,missing,Common words are easy to guess.,Les mots courants sont faciles à deviner.,frappe/utils/password_strength.py:190
frappe,P3,missing,Communication secret not set,Secret de communication non défini,frappe/integrations/frappe_providers/frappecloud_billing.py:32
frappe,P3,missing,Company Name,Nom de l'entreprise,frappe/contacts/doctype/contact/contact.json
frappe,P3,missing,Complete Setup,Configuration complète,frappe/public/js/frappe/ui/slides.js:355
frappe,P3,missing,Completed By Role,Complété par rôle,frappe/workflow/doctype/workflow_action/workflow_action.json
frappe,P3,missing,Completed By User,Terminé par l'utilisateur,frappe/workflow/doctype/workflow_action/workflow_action.json
frappe,P3,missing,Component,Composant,frappe/website/doctype/web_template/web_template.json
frappe,P3,missing,Condition JSON,ConditionJSON,frappe/website/doctype/web_form/web_form.json
frappe,P3,missing,Condition Type,Type de condition,frappe/email/doctype/notification/notification.json
frappe,P3,missing,Condition description,Description de l'état,frappe/website/doctype/web_form/web_form.json
frappe,P3,missing,Config,Configuration,frappe/integrations/doctype/oauth_settings/oauth_settings.json
frappe,P3,missing,Configuration,Configuration,frappe/integrations/doctype/social_login_key/social_login_key.json
frappe,P3,missing,Configure columns for {0},Configurer les colonnes pour {0},frappe/public/js/print_format_builder/Field.vue:103
frappe,P3,missing,Confirm Access,Confirmer l'accès,frappe/integrations/oauth2.py:138
frappe,P3,missing,Confirm Deletion of Account,Confirmer la suppression du compte,frappe/website/doctype/personal_data_deletion_request/personal_data_deletion_request.py:93 frappe/website/doctype/personal_data_deletion_request/personal_data_deletion_request.py:101
frappe,P3,missing,Confirm Password,Confirmez le mot de passe,frappe/www/update-password.html:55
frappe,P3,missing,"Congratulations on completing the module setup. If you want to learn more you can refer to the documentation <a target=""_blank"" href=""{0}"">here</a>.","Félicitations pour avoir terminé la configuration du module. Si vous souhaitez en savoir plus vous pouvez vous référer à la documentation <a target=""_blank"" href=""{0}"">ici</a>.",frappe/public/js/frappe/widgets/onboarding_widget.js:525
frappe,P3,missing,Connect to {},Connectez-vous à {},frappe/integrations/doctype/connected_app/connected_app.js:20
frappe,P3,missing,Connected App,Application connectée,frappe/email/doctype/email_account/email_account.json frappe/integrations/doctype/connected_app/connected_app.json frappe/integrations/doctype/token_cache/token_cache.json
frappe,P3,missing,Connected User,Utilisateur connecté,frappe/email/doctype/email_account/email_account.json
frappe,P3,missing,Connection Lost,Connexion perdue,frappe/public/js/frappe/request.js:36
frappe,P3,missing,Contact / email not found. Did not add attendee for -<br>{0},Contact/e-mail introuvable. N'a pas ajouté de participant pour -<br>{0},frappe/integrations/doctype/google_calendar/google_calendar.py:812
frappe,P3,missing,Contact Us,Contactez-nous,frappe/www/contact.html:4
frappe,P3,missing,Contact Us Settings,Contactez-nous Paramètres,frappe/website/doctype/contact_us_settings/contact_us_settings.json frappe/website/workspace/website/website.json
frappe,P3,missing,Contacts,Contacts,frappe/integrations/doctype/oauth_client/oauth_client.json
frappe,P3,missing,Contains {0} security fix,Contient le correctif de sécurité {0},frappe/utils/change_log.py:362
frappe,P3,missing,Contains {0} security fixes,Contient les correctifs de sécurité {0},frappe/utils/change_log.py:360
frappe,P3,missing,Continue,Continuer,frappe/public/js/frappe/widgets/onboarding_widget.js:204 frappe/public/js/frappe/widgets/onboarding_widget.js:232 frappe/public/js/frappe/widgets/onboarding_widget.js:272 frappe/public/js/frappe/widgets/onboarding_widget.js:312 frappe/public/js/frappe/widgets/onboarding_widget.js:361 frappe/public/js/frappe/widgets/onboarding_widget.js:383 frappe/public/js/frappe/widgets/onboarding_widget.js:423 frappe/public/js/frappe/widgets/onboarding_widget.js:531
frappe,P3,missing,"Controls whether new users can sign up using this Social Login Key. If unset, Website Settings is respected.","Contrôle si les nouveaux utilisateurs peuvent s'inscrire à l'aide de cette clé de connexion sociale. S’ils ne sont pas définis, les paramètres du site Web sont respectés.",frappe/integrations/doctype/social_login_key/social_login_key.json
frappe,P3,missing,Copied {0} {1} to clipboard,Copié {0} {1} dans le presse-papiers,frappe/public/js/frappe/list/list_view.js:2487
frappe,P3,missing,Copy Link,Copier le lien,frappe/public/js/frappe/form/templates/timeline_message_box.html:93
frappe,P3,missing,Copy embed code,Copier le code d'intégration,frappe/website/doctype/web_form/web_form.js:29
frappe,P3,missing,Copy error to clipboard,Erreur de copie dans le presse-papiers,frappe/public/js/frappe/request.js:621
frappe,P3,missing,Correct version :,Version correcte :,frappe/printing/page/print/print.js:679
frappe,P3,missing,Could not parse field: {0},Impossible d'analyser le champ : {0},frappe/database/query.py:960
frappe,P3,missing,Could not start Chromium. Check logs for details.,Impossible de démarrer Chromium. Consultez les journaux pour plus de détails.,frappe/utils/pdf_generator/chrome_pdf_generator.py:199
frappe,P3,missing,Count of linked documents,Nombre de documents liés,frappe/public/js/frappe/form/dashboard.js:509
frappe,P3,missing,Cr,Cr,frappe/public/js/frappe/utils/number_systems.js:23 frappe/public/js/frappe/utils/number_systems.js:45
frappe,P3,missing,Create Address,Créer une adresse,frappe/public/js/frappe/ui/address_autocomplete/autocomplete_dialog.js:49
frappe,P3,missing,Create Child Doctype,Créer un type de document enfant,frappe/public/js/form_builder/components/controls/TableControl.vue:62
frappe,P3,missing,Create Letter Head,Créer un en-tête de lettre,frappe/public/js/print_format_builder/LetterHeadEditor.vue:59 frappe/public/js/print_format_builder/LetterHeadEditor.vue:195
frappe,P3,missing,Create New Kanban Board,Créer un nouveau tableau Kanban,frappe/public/js/frappe/list/list_view_select.js:186
frappe,P3,missing,Create Saved Filter,Créer un filtre enregistré,frappe/public/js/frappe/list/list_filter.js:101
frappe,P3,missing,Create a New Format,Créer un nouveau format,frappe/printing/page/print_format_builder/print_format_builder_start.html:16
frappe,P3,missing,Create a Reminder,Créer un rappel,frappe/public/js/frappe/form/reminders.js:9
frappe,P3,missing,Create a new ...,Créer un nouveau...,frappe/public/js/frappe/ui/toolbar/search_utils.js:581
frappe,P3,missing,Create a {0} Account,Créer un compte {0},frappe/www/login.html:162
frappe,P3,missing,Create or Edit Print Format,Créer ou modifier un format d'impression,frappe/printing/page/print_format_builder_beta/print_format_builder_beta.js:34
frappe,P3,missing,Create or Edit Workflow,Créer ou modifier un flux de travail,frappe/workflow/page/workflow_builder/workflow_builder.js:34
frappe,P3,missing,Create your workflow visually using the Workflow Builder.,Créez visuellement votre flux de travail à l'aide du Workflow Builder.,frappe/workflow/doctype/workflow/workflow.js:16
frappe,P3,missing,Crop,Recadrer,frappe/public/js/frappe/file_uploader/ImageCropper.vue:34
frappe,P3,missing,Ctrl + Down,Ctrl + Bas,frappe/public/js/frappe/form/grid_row_form.js:44
frappe,P3,missing,Ctrl + Up,Ctrl + Haut,frappe/public/js/frappe/form/grid_row_form.js:44
frappe,P3,missing,"Currency list stores the currency value, its symbol and fraction unit","La liste des devises stocke la valeur de la devise, son symbole et l'unité de fraction",frappe/geo/doctype/currency/currency.json
frappe,P3,missing,Current,Actuel,frappe/contacts/doctype/address/address.json
frappe,P3,missing,Current status,Statut actuel,frappe/public/js/frappe/form/workflow.js:45
frappe,P3,missing,Custom Footer,Pied de page personnalisé,frappe/website/doctype/website_settings/website_settings.json
frappe,P3,missing,Custom Group Search,Recherche de groupe personnalisée,frappe/integrations/doctype/ldap_settings/ldap_settings.json
frappe,P3,missing,"Custom Group Search if filled needs to contain the user placeholder {0}, eg uid={0},ou=users,dc=example,dc=com","La recherche de groupe personnalisée, si elle est renseignée, doit contenir l'espace réservé de l'utilisateur {0}, par exemple uid={0},ou=users,dc=example,dc=com",frappe/integrations/doctype/ldap_settings/ldap_settings.py:122
frappe,P3,missing,"Custom LDAP Directoy Selected, please ensure 'LDAP Group Member attribute' and 'Group Object Class' are entered","Répertoire LDAP personnalisé sélectionné, veuillez vous assurer que « Attribut de membre du groupe LDAP » et « Classe d'objet de groupe » sont saisis.",frappe/integrations/doctype/ldap_settings/ldap_settings.py:114
frappe,P3,missing,Custom Label,Étiquette personnalisée,frappe/website/doctype/web_form_field/web_form_field.json frappe/website/doctype/web_form_list_column/web_form_list_column.json
frappe,P3,missing,Custom field renamed to {0} successfully.,Champ personnalisé renommé {0} avec succès.,frappe/custom/doctype/custom_field/custom_field.py:424
frappe,P3,missing,"Custom get_list method for {0} must return a QueryBuilder object or None, got {1}","La méthode get_list personnalisée pour {0} doit renvoyer un objet QueryBuilder ou Aucun, j'ai obtenu {1}",frappe/api/v2.py:148
frappe,P3,missing,Customizations Discarded,Personnalisations rejetées,frappe/public/js/frappe/views/workspace/workspace.js:372
frappe,P3,missing,Customize Child Table,Personnaliser la table enfant,frappe/custom/doctype/customize_form/customize_form.js:89
frappe,P3,missing,Customize Dashboard,Personnaliser le tableau de bord,frappe/public/js/frappe/views/dashboard/dashboard_view.js:38
frappe,P3,missing,Customize Form - {0},Personnaliser le formulaire - {0},frappe/custom/doctype/customize_form/customize_form.js:100
frappe,P3,missing,DLE,DLE,frappe/printing/doctype/print_settings/print_settings.json
frappe,P3,missing,Dark Theme,Thème sombre,frappe/public/js/frappe/ui/theme_switcher.js:65
frappe,P3,missing,Dashboard View,Vue du tableau de bord,frappe/public/js/frappe/list/base_list.js:205
frappe,P3,missing,Data Clipped,Données coupées,frappe/public/js/frappe/form/controls/data.js:59
frappe,P3,missing,Database Row Size Utilization,Utilisation de la taille des lignes de base de données,frappe/public/js/frappe/doctype/index.js:39
frappe,P3,missing,Database Table Row Size Limit,Limite de taille des lignes de la table de base de données,frappe/custom/doctype/customize_form/customize_form.py:251
frappe,P3,missing,"Database Table Row Size Utilization: {0}%, this limits number of fields you can add.","Utilisation de la taille des lignes de la table de base de données : {0}%, cela limite le nombre de champs que vous pouvez ajouter.",frappe/public/js/frappe/doctype/index.js:41
frappe,P3,missing,Deadlock Occurred,Une impasse s'est produite,frappe/public/js/frappe/request.js:252
frappe,P3,missing,Dear,Cher,frappe/templates/emails/password_reset.html:1
frappe,P3,missing,"Dear System Manager,","Cher gestionnaire système,",frappe/templates/emails/administrator_logged_in.html:1
frappe,P3,missing,Decimal Separator must be '.' when Quoting is set to Non-numeric,Le séparateur décimal doit être '.' lorsque Citation est défini sur Non numérique,frappe/public/js/frappe/views/reports/report_utils.js:318
frappe,P3,missing,Decimal Separator must be a single character,Le séparateur décimal doit être un seul caractère,frappe/public/js/frappe/views/reports/report_utils.js:310
frappe,P3,missing,Default Template For Field,Modèle par défaut pour le champ,frappe/printing/doctype/print_format_field_template/print_format_field_template.json
frappe,P3,missing,Default User Role,Rôle utilisateur par défaut,frappe/integrations/doctype/ldap_settings/ldap_settings.json
frappe,P3,missing,Default User Type,Type d'utilisateur par défaut,frappe/integrations/doctype/ldap_settings/ldap_settings.json
frappe,P3,missing,Defaults Updated,Paramètres par défaut mis à jour,frappe/email/doctype/email_account/email_account.py:243
frappe,P3,missing,Defines actions on states and the next step and allowed roles.,"Définit les actions sur les états, l'étape suivante et les rôles autorisés.",frappe/workflow/doctype/workflow_transition/workflow_transition.json
frappe,P3,missing,Defines workflow states and rules for a document.,Définit les états et les règles du flux de travail pour un document.,frappe/workflow/doctype/workflow/workflow.json
frappe,P3,missing,Delete,Supprimer,frappe/public/js/frappe/list/list_view.js:2251
frappe,P3,missing,Delete,Supprimer,frappe/website/doctype/web_form/templates/web_form.html:52
frappe,P3,missing,Delete Account,Supprimer le compte,frappe/www/me.html:65
frappe,P3,missing,Delete All,Supprimer tout,frappe/public/js/frappe/form/grid.js:66
frappe,P3,missing,Delete Column,Supprimer la colonne,frappe/public/js/form_builder/components/Section.vue:196
frappe,P3,missing,Delete Kanban Board,Supprimer le tableau Kanban,frappe/public/js/frappe/views/kanban/kanban_view.js:116
frappe,P3,missing,Delete Section,Supprimer la section,frappe/public/js/form_builder/components/Section.vue:125
frappe,P3,missing,Delete Tab,Supprimer l'onglet,frappe/public/js/form_builder/components/Tabs.vue:64
frappe,P3,missing,Delete and Generate New,Supprimer et générer un nouveau,frappe/public/js/frappe/views/reports/query_report.js:947
frappe,P3,missing,Delete column,Supprimer la colonne,frappe/public/js/form_builder/components/Section.vue:203
frappe,P3,missing,Delete entire column with fields,Supprimer toute la colonne avec les champs,frappe/public/js/form_builder/components/Section.vue:205
frappe,P3,missing,Delete entire section with fields,Supprimer toute la section avec des champs,frappe/public/js/form_builder/components/Section.vue:134
frappe,P3,missing,Delete entire tab with fields,Supprimer tout l'onglet avec des champs,frappe/public/js/form_builder/components/Tabs.vue:73
frappe,P3,missing,Delete section,Supprimer la rubrique,frappe/public/js/form_builder/components/Section.vue:132
frappe,P3,missing,Delete tab,Supprimer l'onglet,frappe/public/js/form_builder/components/Tabs.vue:71
frappe,P3,missing,Delete {0} item permanently?,Supprimer définitivement l'élément {0} ?,frappe/public/js/frappe/list/list_view.js:2256
frappe,P3,missing,Deleting {0} records...,Suppression des enregistrements {0}...,frappe/public/js/frappe/list/bulk_operations.js:202
frappe,P3,missing,Deleting {0}...,Suppression de {0}...,frappe/public/js/frappe/model/model.js:692
frappe,P3,missing,Deletion Steps,Étapes de suppression,frappe/website/doctype/personal_data_deletion_request/personal_data_deletion_request.json
frappe,P3,missing,Delimiter detection failed. Try to enable custom delimiters and adjust the delimiter options as per your data.,La détection du délimiteur a échoué. Essayez d'activer les délimiteurs personnalisés et ajustez les options des délimiteurs en fonction de vos données.,frappe/utils/csvutils.py:76
frappe,P3,missing,Delimiter must be a single character,Le délimiteur doit être un seul caractère,frappe/public/js/frappe/views/reports/report_utils.js:306
frappe,P3,missing,Deny,Refuser,frappe/integrations/doctype/social_login_key/social_login_key.json frappe/templates/includes/oauth_confirmation.html:17
frappe,P3,missing,Department,Département,frappe/contacts/doctype/contact/contact.json
frappe,P3,missing,Dependencies & Licenses,Dépendances et licences,frappe/public/js/frappe/ui/toolbar/about.js:11
frappe,P3,missing,Descendants Of (inclusive),Descendants de (inclus),frappe/public/js/frappe/ui/filters/filter.js:33
frappe,P3,missing,Designation,Désignation,frappe/contacts/doctype/contact/contact.json
frappe,P3,missing,Desktop,Bureau,frappe/public/js/frappe/ui/sidebar/sidebar_header.js:21 frappe/www/me.html:86
frappe,P3,missing,Diff,Différence,frappe/public/js/frappe/utils/diffview.js:57
frappe,P3,missing,Directory Server,Serveur d'annuaire,frappe/integrations/doctype/ldap_settings/ldap_settings.json
frappe,P3,missing,Disable signups,Désactiver les inscriptions,frappe/website/doctype/website_settings/website_settings.json
frappe,P3,missing,Discard {0},Jeter {0},frappe/public/js/frappe/form/form.js:851
frappe,P3,missing,Discard?,Jeter?,frappe/public/js/frappe/web_form/web_form.js:190
frappe,P3,missing,Discussion Reply,Réponse à la discussion,frappe/website/doctype/discussion_reply/discussion_reply.json
frappe,P3,missing,Discussion Topic,Sujet de discussion,frappe/website/doctype/discussion_topic/discussion_topic.json
frappe,P3,missing,Divider,Diviseur,frappe/public/js/print_format_builder/PrintFormatControls.vue:180
frappe,P3,missing,Do Not Create New User,Ne pas créer de nouvel utilisateur,frappe/integrations/doctype/ldap_settings/ldap_settings.json
frappe,P3,missing,Do not create new user if user with email does not exist in the system,Ne créez pas de nouvel utilisateur si l'utilisateur avec e-mail n'existe pas dans le système,frappe/integrations/doctype/ldap_settings/ldap_settings.json
frappe,P3,missing,Do not warn me again about {0},Ne me préviens plus à propos de {0},frappe/public/js/frappe/router.js:624
frappe,P3,missing,"DocStatus of the following states have changed:<br><strong>{0}</strong><br>
				Do you want to update the docstatus of existing documents in those states?<br>
				This does not undo any effect bought in by the document's existing docstatus.
				","Le DocStatus des états suivants a changé :<br><strong>{0}</strong><br>
				Voulez-vous mettre à jour le statut des documents existants dans ces États ?<br>
				Cela n'annule pas l'effet acquis par le statut de document existant du document.",frappe/workflow/doctype/workflow/workflow.js:264
frappe,P3,missing,DocType Layout,Disposition DocType,frappe/custom/doctype/doctype_layout/doctype_layout.json
frappe,P3,missing,DocType Layout Field,Champ de présentation DocType,frappe/custom/doctype/doctype_layout_field/doctype_layout_field.json
frappe,P3,missing,DocType Missing,Type de document manquant,frappe/public/js/form_builder/components/Field.vue:159
frappe,P3,missing,DocType must be a string,DocType doit être une chaîne,frappe/client.py:406
frappe,P3,missing,DocType must have atleast one field,DocType doit avoir au moins un champ,frappe/public/js/form_builder/store.js:154
frappe,P3,missing,DocType required,Type de document requis,frappe/public/js/frappe/views/kanban/kanban_settings.js:4
frappe,P3,missing,DocType {0} does not exist.,Le DocType {0} n'existe pas.,frappe/modules/utils.py:178
frappe,P3,missing,DocType {} not found,DocType {} introuvable,frappe/modules/utils.py:245
frappe,P3,missing,Doctype,Type de document,frappe/email/doctype/document_follow/document_follow.json frappe/public/js/frappe/widgets/widget_dialog.js:682
frappe,P3,missing,Document Name must be a string,Le nom du document doit être une chaîne,frappe/client.py:409
frappe,P3,missing,Document Saved,Document enregistré,frappe/public/js/frappe/widgets/onboarding_widget.js:354 frappe/public/js/frappe/widgets/onboarding_widget.js:396 frappe/public/js/frappe/widgets/onboarding_widget.js:415 frappe/public/js/frappe/widgets/onboarding_widget.js:434
frappe,P3,missing,Document cannot be used as a filter value,Le document ne peut pas être utilisé comme valeur de filtre,frappe/database/query.py:541
frappe,P3,missing,Document is only editable by users with role,Le document n'est modifiable que par les utilisateurs ayant le rôle,frappe/public/js/frappe/form/workflow.js:45
frappe,P3,missing,Document renaming from {0} to {1} has been queued,Le document renommé de {0} en {1} a été mis en file d'attente,frappe/public/js/frappe/form/toolbar.js:175
frappe,P3,missing,Document {0} {1} does not exist,Le document {0} {1} n'existe pas,frappe/client.py:433
frappe,P3,missing,Documents,Documents,frappe/public/js/frappe/form/templates/form_dashboard.html:17
frappe,P3,missing,Domain Name,Nom de domaine,frappe/email/doctype/email_domain/email_domain.json
frappe,P3,missing,Done,Fait,frappe/public/js/frappe/form/form_tour.js:16 frappe/public/js/frappe/ui/messages.js:238 frappe/public/js/onboarding_tours/onboarding_tours.js:17 frappe/public/js/print_format_builder/HTMLEditor.vue:5 frappe/public/js/print_format_builder/LetterHeadEditor.vue:52
frappe,P3,missing,Double click to edit label,Double-cliquez pour modifier l'étiquette,frappe/public/js/form_builder/components/EditableInput.vue:43
frappe,P3,missing,Download,Télécharger,frappe/public/js/frappe/views/reports/report_utils.js:247
frappe,P3,missing,Download PDF,Télécharger le PDF,frappe/public/js/frappe/list/bulk_operations.js:134
frappe,P3,missing,Download vCard,Télécharger la vCard,frappe/contacts/doctype/contact/contact.js:98
frappe,P3,missing,Download vCards,Télécharger des vCards,frappe/contacts/doctype/contact/contact_list.js:4
frappe,P3,missing,Draft,Brouillon,frappe/public/js/frappe/model/indicator.js:73 frappe/public/js/frappe/ui/filters/filter.js:537
frappe,P3,missing,Drag,Traîner,frappe/public/js/frappe/views/workspace/blocks/header.js:46 frappe/public/js/frappe/views/workspace/blocks/paragraph.js:136 frappe/public/js/frappe/views/workspace/blocks/spacer.js:44 frappe/public/js/frappe/widgets/base_widget.js:33
frappe,P3,missing,Drag & Drop a section here from another tab,Faites glisser et déposez une section ici depuis un autre onglet,frappe/public/js/form_builder/components/Tabs.vue:189
frappe,P3,missing,Drag and drop files here or upload from,Faites glisser et déposez les fichiers ici ou téléchargez-les depuis,frappe/public/js/frappe/file_uploader/FileUploader.vue:14
frappe,P3,missing,Drag columns to set order. Column width is set in percentage. The total width should not be more than 100. Columns marked in red will be removed.,Faites glisser les colonnes pour définir l'ordre. La largeur des colonnes est définie en pourcentage. La largeur totale ne doit pas dépasser 100. Les colonnes marquées en rouge seront supprimées.,frappe/public/js/print_format_builder/ConfigureColumns.vue:76
frappe,P3,missing,Drag elements from the sidebar to add. Drag them back to trash.,Faites glisser les éléments de la barre latérale pour les ajouter. Remettez-les dans la corbeille.,frappe/printing/page/print_format_builder/print_format_builder_layout.html:3
frappe,P3,missing,Drag to add state,Faites glisser pour ajouter un état,frappe/public/js/workflow_builder/WorkflowBuilder.vue:296
frappe,P3,missing,Drop files here,Déposez les fichiers ici,frappe/public/js/frappe/file_uploader/FileUploader.vue:189
frappe,P3,missing,Duplicate,Double,frappe/public/js/frappe/form/grid_row_form.js:44 frappe/public/js/frappe/form/toolbar.js:455
frappe,P3,missing,Duplicate Entry,Entrée en double,frappe/printing/doctype/print_format_field_template/print_format_field_template.py:53
frappe,P3,missing,Duplicate Row,Ligne en double,frappe/public/js/frappe/form/grid.js:66
frappe,P3,missing,Duplicate current row,Dupliquer la ligne actuelle,frappe/public/js/frappe/form/form.js:210
frappe,P3,missing,Duplicate field,Champ en double,frappe/public/js/form_builder/components/Field.vue:250
frappe,P3,missing,ESC,ÉCHAP,frappe/public/js/frappe/form/grid_row_form.js:44
frappe,P3,missing,Edit,Modifier,frappe/public/js/frappe/list/list_view.js:2337
frappe,P3,missing,Edit,Modifier,frappe/website/doctype/web_form/templates/web_form.html:23
frappe,P3,missing,Edit,Modifier,frappe/public/js/frappe/form/grid_row.js:350
frappe,P3,missing,Edit Address in Form,Modifier l'adresse dans le formulaire,frappe/public/js/frappe/ui/address_autocomplete/autocomplete_dialog.js:66
frappe,P3,missing,Edit Chart,Modifier le graphique,frappe/public/js/frappe/widgets/widget_dialog.js:38
frappe,P3,missing,Edit Custom Block,Modifier le bloc personnalisé,frappe/public/js/frappe/widgets/widget_dialog.js:50
frappe,P3,missing,Edit Existing,Modifier l'existant,frappe/printing/page/print_format_builder_beta/print_format_builder_beta.js:42 frappe/workflow/page/workflow_builder/workflow_builder.js:42
frappe,P3,missing,Edit Filters,Modifier les filtres,frappe/public/js/frappe/list/list_sidebar_group_by.js:21
frappe,P3,missing,Edit Filters,Modifier les filtres,frappe/public/js/frappe/list/list_view.js:1976
frappe,P3,missing,Edit Footer,Modifier le pied de page,frappe/public/js/print_format_builder/PrintFormat.vue:29
frappe,P3,missing,Edit Full Form,Modifier le formulaire complet,frappe/public/js/frappe/form/quick_entry.js:326
frappe,P3,missing,Edit HTML,Modifier le code HTML,frappe/printing/page/print_format_builder/print_format_builder_field.html:27 frappe/public/js/print_format_builder/Field.vue:83
frappe,P3,missing,Edit Header,Modifier l'en-tête,frappe/public/js/print_format_builder/PrintFormat.vue:9
frappe,P3,missing,Edit Letter Head,Modifier l'en-tête de la lettre,frappe/public/js/print_format_builder/LetterHeadEditor.vue:52
frappe,P3,missing,Edit Letter Head Footer,Modifier le pied de page de l'en-tête,frappe/public/js/print_format_builder/PrintFormat.vue:35
frappe,P3,missing,Edit Links,Modifier les liens,frappe/public/js/frappe/widgets/widget_dialog.js:42
frappe,P3,missing,Edit Number Card,Modifier la carte numérique,frappe/public/js/frappe/widgets/widget_dialog.js:44
frappe,P3,missing,Edit Onboarding,Modifier l'intégration,frappe/public/js/frappe/widgets/widget_dialog.js:46
frappe,P3,missing,Edit Print Format,Modifier le format d'impression,frappe/public/js/print_format_builder/print_format_builder.bundle.js:24
frappe,P3,missing,Edit Quick List,Modifier la liste rapide,frappe/public/js/frappe/widgets/widget_dialog.js:48
frappe,P3,missing,Edit Shortcut,Modifier le raccourci,frappe/public/js/frappe/widgets/widget_dialog.js:40
frappe,P3,missing,Edit Sidebar,Modifier la barre latérale,frappe/public/js/frappe/ui/sidebar/sidebar_header.js:29
frappe,P3,missing,Edit the {0} Doctype,Modifier le type de document {0},frappe/public/js/form_builder/components/Field.vue:259
frappe,P3,missing,Edit your response,Modifiez votre réponse,frappe/public/js/frappe/web_form/web_form.js:470
frappe,P3,missing,Edit your workflow visually using the Workflow Builder.,Modifiez visuellement votre flux de travail à l'aide de Workflow Builder.,frappe/workflow/doctype/workflow/workflow.js:18
frappe,P3,missing,Editing Row,Modification de la ligne,frappe/public/js/frappe/form/grid_row_form.js:44
frappe,P3,missing,Editing {0},Modification de {0},frappe/public/js/print_format_builder/print_format_builder.bundle.js:14 frappe/public/js/workflow_builder/workflow_builder.bundle.js:20
frappe,P3,missing,Either key or IP flag is required.,Une clé ou un indicateur IP est requis.,frappe/rate_limiter.py:152
frappe,P3,missing,Email Account Disabled.,Compte de messagerie désactivé.,frappe/email/doctype/email_account/email_account.py:343
frappe,P3,missing,Email Account not setup. Please create a new Email Account from Settings > Email Account,Compte de messagerie non configuré. Veuillez créer un nouveau compte de messagerie depuis Paramètres > Compte de messagerie,frappe/email/smtp.py:43
frappe,P3,missing,Email Account {0} Disabled,Compte de messagerie {0} désactivé,frappe/email/doctype/email_account/email_account.py:576
frappe,P3,missing,Email Domain,Domaine de messagerie,frappe/email/doctype/email_domain/email_domain.json
frappe,P3,missing,Email Id,Identifiant de courrier électronique,frappe/contacts/report/addresses_and_contacts/addresses_and_contacts.py:48 frappe/website/doctype/contact_us_settings/contact_us_settings.json
frappe,P3,missing,Email Queue flushing aborted due to too many failures.,Le vidage de la file d'attente de courrier électronique a été interrompu en raison d'un trop grand nombre d'échecs.,frappe/email/queue.py:161
frappe,P3,missing,Email Queue records.,Enregistrements de la file d'attente de courrier électronique.,frappe/email/doctype/email_queue/email_queue.json
frappe,P3,missing,Email not sent to {0} (unsubscribed / disabled),E-mail non envoyé à {0} (désabonné / désactivé),frappe/public/js/frappe/views/communication.js:813
frappe,P3,missing,Email queue is currently suspended. Resume to automatically send other emails.,La file d'attente des e-mails est actuellement suspendue. Reprendre pour envoyer automatiquement d'autres e-mails.,frappe/email/doctype/email_queue/email_queue.js:19
frappe,P3,missing,Emails Pulled,E-mails extraits,frappe/email/doctype/email_account/email_account.js:216
frappe,P3,missing,Emails are already being pulled from this account.,Des e-mails sont déjà extraits de ce compte.,frappe/email/doctype/email_account/email_account.py:934
frappe,P3,missing,Embed code copied,Code d'intégration copié,frappe/website/doctype/web_form/web_form.js:34
frappe,P3,missing,Empty alias is not allowed,Les alias vides ne sont pas autorisés,frappe/database/query.py:2151
frappe,P3,missing,Empty column,Colonne vide,frappe/public/js/form_builder/components/Section.vue:285
frappe,P3,missing,Empty string arguments are not allowed,Les arguments de chaîne vide ne sont pas autorisés,frappe/database/query.py:2094
frappe,P3,missing,Enable Action Confirmation,Activer la confirmation d'action,frappe/workflow/doctype/workflow/workflow.json
frappe,P3,missing,Enable Address Autocompletion,Activer la saisie semi-automatique des adresses,frappe/integrations/doctype/geolocation_settings/geolocation_settings.json
frappe,P3,missing,Enable Dynamic Client Registration,Activer l'enregistrement dynamique des clients,frappe/integrations/doctype/oauth_settings/oauth_settings.json
frappe,P3,missing,Enable Google indexing,Activer l'indexation Google,frappe/website/doctype/website_settings/website_settings.json
frappe,P3,missing,Enable Push Notification Relay,Activer le relais de notification push,frappe/integrations/doctype/push_notification_settings/push_notification_settings.json
frappe,P3,missing,Enable developer mode to create a standard Print Template,Activer le mode développeur pour créer un modèle d'impression standard,frappe/printing/doctype/print_format_field_template/print_format_field_template.py:28
frappe,P3,missing,Enable in-app website tracking,Activer le suivi du site Web dans l'application,frappe/website/doctype/website_settings/website_settings.json
frappe,P3,missing,Enabling auto reply on an incoming email account will send automated replies to all the synchronized emails. Do you wish to continue?,L'activation de la réponse automatique sur un compte de messagerie entrant enverra des réponses automatiques à tous les e-mails synchronisés. Souhaitez-vous continuer ?,frappe/email/doctype/email_account/email_account.js:295
frappe,P3,missing,"Enabling this will register your site on a central relay server to send push notifications for all installed apps through Firebase Cloud Messaging. This server only stores user tokens and error logs, and no messages are saved.","L'activation de cette option enregistrera votre site sur un serveur de relais central pour envoyer des notifications push pour toutes les applications installées via Firebase Cloud Messaging. Ce serveur stocke uniquement les jetons utilisateur et les journaux d'erreurs, et aucun message n'est enregistré.",frappe/integrations/doctype/push_notification_settings/push_notification_settings.json
frappe,P3,missing,Encryption key is in invalid format!,La clé de cryptage est dans un format invalide !,frappe/utils/password.py:196
frappe,P3,missing,Encryption key is invalid! Please check site_config.json,La clé de cryptage n'est pas valide ! Veuillez vérifier site_config.json,frappe/utils/password.py:211
frappe,P3,missing,End Date cannot be today.,La date de fin ne peut pas être aujourd'hui.,frappe/automation/doctype/auto_repeat/auto_repeat.py:146
frappe,P3,missing,Endpoints,Points de terminaison,frappe/integrations/doctype/connected_app/connected_app.json
frappe,P3,missing,Ensure the user and group search paths are correct.,Assurez-vous que les chemins de recherche des utilisateurs et des groupes sont corrects.,frappe/integrations/doctype/ldap_settings/ldap_settings.py:108
frappe,P3,missing,Enter Code displayed in OTP App.,Entrez le code affiché dans l'application OTP.,frappe/templates/includes/login/login.js:351
frappe,P3,missing,"Enter Email Recipient(s) in the To, CC, or BCC fields","Saisissez le(s) destinataire(s) du courrier électronique dans les champs À, CC ou BCC.",frappe/public/js/frappe/views/communication.js:768
frappe,P3,missing,Enter a name for this {0},Entrez un nom pour ce {0},frappe/public/js/frappe/form/form_tour.js:60
frappe,P3,missing,Entity Type,Type d'entité,frappe/contacts/report/addresses_and_contacts/addresses_and_contacts.js:9
frappe,P3,missing,Error,Erreur,frappe/public/js/frappe/web_form/web_form.js:264
frappe,P3,missing,Error connecting via IMAP/POP3: {e},Erreur de connexion via IMAP/POP3 : {e},frappe/email/doctype/email_domain/email_domain.py:32
frappe,P3,missing,Error connecting via SMTP: {e},Erreur de connexion via SMTP : {e},frappe/email/doctype/email_domain/email_domain.py:33
frappe,P3,missing,Error in Client Script,Erreur dans le script client,frappe/public/js/frappe/form/script_manager.js:199
frappe,P3,missing,Error in Client Script.,Erreur dans le script client.,frappe/public/js/frappe/form/script_manager.js:263
frappe,P3,missing,Error in Header/Footer Script,Erreur dans le script d'en-tête/pied de page,frappe/printing/doctype/letter_head/letter_head.js:21
frappe,P3,missing,Error in print format on line {0}: {1},Erreur dans le format d'impression à la ligne {0} : {1},frappe/utils/pdf.py:60
frappe,P3,missing,Error in {0}.get_list: {1},Erreur dans {0}.get_list : {1},frappe/api/v2.py:156
frappe,P3,missing,Error parsing nested filters: {0}. {1},Erreur lors de l'analyse des filtres imbriqués : {0}. {1},frappe/database/query.py:437
frappe,P3,missing,Error {0}: {1},Erreur {0} : {1},frappe/email/frappemail.py:173
frappe,P3,missing,Error: Data missing in table {0},Erreur : Données manquantes dans la table {0},frappe/model/base_document.py:904
frappe,P3,missing,Error: {0} Row #{1}: Value missing for: {2},Erreur : {0} Ligne n°{1} : valeur manquante pour : {2},frappe/model/base_document.py:908
frappe,P3,missing,Events,Événements,frappe/public/js/frappe/ui/notifications/notifications.js:67
frappe,P3,missing,Excellent,Excellent,frappe/public/js/frappe/form/controls/password.js:90
frappe,P3,missing,Executing Code,Exécution du code,frappe/public/js/frappe/ui/dropdown_console.js:132
frappe,P3,missing,Executive,Exécutif,frappe/printing/doctype/print_settings/print_settings.json
frappe,P3,missing,Expand All,Développer tout,frappe/public/js/frappe/views/reports/query_report.js:2143 frappe/public/js/frappe/views/treeview.js:133
frappe,P3,missing,"Expected 'and' or 'or' operator, found: {0}","Opérateur 'et' ou 'ou' attendu, trouvé : {0}",frappe/database/query.py:684
frappe,P3,missing,Experimental,Expérimental,frappe/public/js/frappe/form/templates/form_sidebar.html:41
frappe,P3,missing,Expert,Expert,frappe/website/doctype/help_article/help_article.json
frappe,P3,missing,Export Data,Exporter des données,frappe/public/js/frappe/data_import/data_exporter.js:14
frappe,P3,missing,Export all matching rows?,Exporter toutes les lignes correspondantes ?,frappe/public/js/frappe/views/reports/report_view.js:1644
frappe,P3,missing,Export all {0} rows?,Exporter toutes les lignes {0} ?,frappe/public/js/frappe/views/reports/report_view.js:1654
frappe,P3,missing,Export as zip,Exporter au format zip,frappe/public/js/frappe/views/file/file_view.js:154
frappe,P3,missing,Export in Background,Exporter en arrière-plan,frappe/public/js/frappe/views/reports/report_utils.js:184
frappe,P3,missing,Exported permissions will be force-synced on every migrate overriding any other customization.,"Les autorisations exportées seront synchronisées de force à chaque migration, remplaçant toute autre personnalisation.",frappe/custom/doctype/customize_form/customize_form.js:263
frappe,P3,missing,Extra Parameters,Paramètres supplémentaires,frappe/integrations/doctype/connected_app/connected_app.json
frappe,P3,missing,Facebook,Facebook,frappe/integrations/doctype/social_login_key/social_login_key.json
frappe,P3,missing,Failed to aquire lock: {}. Lock may be held by another process.,Échec de l'acquisition du verrou : {}. Le verrou peut être détenu par un autre processus.,frappe/utils/synchronization.py:46
frappe,P3,missing,Failed to compute request body: {},Échec du calcul du corps de la requête : {},frappe/integrations/doctype/webhook/webhook.py:141
frappe,P3,missing,Failed to decrypt key {0},Échec du déchiffrement de la clé {0},frappe/utils/password.py:210
frappe,P3,missing,Failed to evaluate conditions: {},Échec de l'évaluation des conditions : {},frappe/email/doctype/notification/notification.py:107 frappe/integrations/doctype/webhook/webhook.py:131
frappe,P3,missing,Failed to export python type hints,Échec de l'exportation des conseils de type Python,frappe/types/exporter.py:205
frappe,P3,missing,Failed to get method for command {0} with {1},Échec de l'obtention de la méthode pour la commande {0} avec {1},frappe/handler.py:77
frappe,P3,missing,Failed to get method {0} with {1},Échec de l'obtention de la méthode {0} avec {1},frappe/api/v2.py:46
frappe,P3,missing,Failed to get site info,Impossible d'obtenir les informations sur le site,frappe/integrations/frappe_providers/frappecloud_billing.py:59
frappe,P3,missing,"Failed to import virtual doctype {}, is controller file present?","Échec de l'importation du doctype virtuel {}, le fichier du contrôleur est-il présent ?",frappe/model/virtual_doctype.py:63
frappe,P3,missing,Failed to optimize image: {0},Échec de l'optimisation de l'image : {0},frappe/utils/image.py:75
frappe,P3,missing,Failed to render message: {},Échec de l'affichage du message : {},frappe/email/doctype/notification/notification.py:124
frappe,P3,missing,Failed to render subject: {},Échec de l'affichage du sujet : {},frappe/email/doctype/notification/notification.py:142
frappe,P3,missing,Failed to request login to Frappe Cloud,Échec de la demande de connexion à Frappe Cloud,frappe/integrations/frappe_providers/frappecloud_billing.py:94
frappe,P3,missing,Failed to send email with subject:,Échec de l'envoi de l'e-mail avec le sujet :,frappe/email/doctype/email_queue/email_queue.py:300
frappe,P3,missing,Failed while calling API {0},Échec lors de l'appel de l'API {0},frappe/integrations/frappe_providers/frappecloud_billing.py:74
frappe,P3,missing,FavIcon,Icône Fav,frappe/website/doctype/website_settings/website_settings.json
frappe,P3,missing,Fax,Fax,frappe/contacts/doctype/address/address.json
frappe,P3,missing,Feedback,Retour,frappe/public/js/frappe/form/templates/form_sidebar.html:51
frappe,P3,missing,Fetching fields from {0}...,Récupération des champs de {0}...,frappe/website/doctype/web_form/web_form.js:168
frappe,P3,missing,Field Orientation (Left-Right),Orientation du champ (gauche-droite),frappe/public/js/print_format_builder/PrintFormatSection.vue:141
frappe,P3,missing,Field Orientation (Top-Down),Orientation du champ (de haut en bas),frappe/public/js/print_format_builder/PrintFormatSection.vue:148
frappe,P3,missing,Field Template,Modèle de champ,frappe/public/js/print_format_builder/PrintFormatControls.vue:233 frappe/public/js/print_format_builder/utils.js:69
frappe,P3,missing,Field {0} does not exist on {1},Le champ {0} n'existe pas sur {1},frappe/database/database.py:919
frappe,P3,missing,Field {0} on document {1} is neither a Mobile number field nor a Customer or User link,Le champ {0} du document {1} n'est ni un champ de numéro de mobile ni un lien client ou utilisateur.,frappe/email/doctype/notification/notification.py:564
frappe,P3,missing,Fieldname {0} appears multiple times,Le nom de champ {0} apparaît plusieurs fois,frappe/public/js/form_builder/store.js:175
frappe,P3,missing,Fields must be a list or tuple when as_list is enabled,Les champs doivent être une liste ou un tuple lorsque as_list est activé,frappe/model/db_query.py:167
frappe,P3,missing,"Fields must be a string, list, tuple, pypika Field, or pypika Function","Les champs doivent être une chaîne, une liste, un tuple, un champ pypika ou une fonction pypika",frappe/database/query.py:1011
frappe,P3,missing,Fieldtype cannot be changed from {0} to {1},Le type de champ ne peut pas être modifié de {0} à {1},frappe/custom/doctype/custom_field/custom_field.py:194
frappe,P3,missing,"File ""{0}"" was skipped because of invalid file type","Le fichier ""{0}"" a été ignoré en raison d'un type de fichier non valide",frappe/public/js/frappe/file_uploader/FileUploader.vue:499
frappe,P3,missing,File upload failed.,Le téléchargement du fichier a échoué.,frappe/public/js/frappe/file_uploader/FileUploader.vue:636
frappe,P3,missing,Filter condition missing after operator: {0},État du filtre manquant après l'opérateur : {0},frappe/database/query.py:690
frappe,P3,missing,Filter fields have invalid backtick notation: {0},Les champs de filtre ont une notation de guillemet inversé non valide : {0},frappe/database/query.py:766
frappe,P3,missing,Filter...,Filtre...,frappe/printing/page/print_format_builder/print_format_builder_sidebar.html:3
frappe,P3,missing,Filtered By,Filtré par,frappe/website/doctype/personal_data_deletion_step/personal_data_deletion_step.json
frappe,P3,missing,Filters Editor,Éditeur de filtres,frappe/email/doctype/notification/notification.json
frappe,P3,missing,Filters {0},Filtres {0},frappe/public/js/frappe/ui/filters/filter_list.js:133
frappe,P3,missing,Filters:,Filtres :,frappe/public/js/frappe/views/reports/report_view.js:1423
frappe,P3,missing,Find '{0}' in ...,Recherchez « {0} » dans...,frappe/public/js/frappe/ui/toolbar/search_utils.js:616
frappe,P3,missing,Fit,Ajuster,frappe/public/js/workflow_builder/WorkflowBuilder.vue:304
frappe,P3,missing,Folio,Folio,frappe/printing/doctype/print_settings/print_settings.json
frappe,P3,missing,Followed by,Suivi de,frappe/public/js/frappe/form/templates/form_sidebar.html:123
frappe,P3,missing,Following Report Filters have missing values:,Les filtres de rapport suivants comportent des valeurs manquantes :,frappe/email/doctype/auto_email_report/auto_email_report.py:134
frappe,P3,missing,Following fields have invalid values:,Les champs suivants ont des valeurs non valides :,frappe/public/js/frappe/ui/field_group.js:139
frappe,P3,missing,Following fields have missing values,Les champs suivants ont des valeurs manquantes,frappe/public/js/frappe/widgets/widget_dialog.js:358
frappe,P3,missing,"Footer ""Powered By""","Pied de page ""Propulsé par""",frappe/website/doctype/website_settings/website_settings.json
frappe,P3,missing,Footer Based On,Pied de page basé sur,frappe/printing/doctype/letter_head/letter_head.json
frappe,P3,missing,Footer Details,Détails du pied de page,frappe/website/doctype/website_settings/website_settings.json
frappe,P3,missing,Footer HTML set from attachment {0},Pied de page HTML défini à partir de la pièce jointe {0},frappe/printing/doctype/letter_head/letter_head.py:81
frappe,P3,missing,Footer Image,Image de pied de page,frappe/printing/doctype/letter_head/letter_head.json
frappe,P3,missing,Footer Script,Script de pied de page,frappe/printing/doctype/letter_head/letter_head.json
frappe,P3,missing,Footer might not be visible as {0} option is disabled</div>,Le pied de page peut ne pas être visible car l'option {0} est désactivée</div>,frappe/printing/page/print/print.js:130
frappe,P3,missing,"For a dynamic subject, use Jinja tags like this: <code>{{ doc.name }} Delivered</code>","Pour un sujet dynamique, utilisez les balises Jinja comme ceci : <code>{{ doc.name }} Delivered</code>",frappe/email/doctype/notification/notification.json
frappe,P3,missing,For example:,Par exemple:,frappe/public/js/frappe/utils/dashboard_utils.js:162
frappe,P3,missing,"For multiple addresses, enter the address on different line. e.g. test@test.com ⏎ test1@test.com","Pour plusieurs adresses, saisissez l'adresse sur une ligne différente. par ex. test@test.com ⏎ test1@test.com",frappe/email/doctype/auto_email_report/auto_email_report.json
frappe,P3,missing,Forward Query Parameters,Paramètres de requête de transfert,frappe/website/doctype/website_route_redirect/website_route_redirect.json
frappe,P3,missing,Fraction,Fraction,frappe/geo/doctype/currency/currency.json
frappe,P3,missing,Frappe,Frappe,frappe/integrations/doctype/social_login_key/social_login_key.json frappe/www/login.html:64 frappe/www/login.html:162 frappe/www/login.py:53 frappe/www/login.py:153
frappe,P3,missing,Frappe Blog,Blog Frappe,frappe/public/js/frappe/ui/toolbar/about.js:11
frappe,P3,missing,Frappe Forum,Forum Frappe,frappe/public/js/frappe/ui/toolbar/about.js:11
frappe,P3,missing,Frappe Light,Lumière Frappe,frappe/public/js/frappe/ui/theme_switcher.js:59
frappe,P3,missing,Frappe Mail,Frappe Mail,frappe/email/doctype/email_account/email_account.json
frappe,P3,missing,Frappe Mail OAuth Error,Erreur OAuth du courrier Frappe,frappe/email/doctype/email_account/email_account.py:547
frappe,P3,missing,Frappe Mail Site,Site de courrier Frappe,frappe/email/doctype/email_account/email_account.json
frappe,P3,missing,Frappe Support,Prise en charge des frappes,frappe/hooks.py
frappe,P3,missing,Frappe page builder using components,Générateur de pages Frappe utilisant des composants,frappe/website/doctype/web_page/web_page.js:92
frappe,P3,missing,Free,Gratuit,frappe/public/js/frappe/file_uploader/ImageCropper.vue:112
frappe,P3,missing,From,Depuis,frappe/public/js/frappe/views/communication.js:188
frappe,P3,missing,From Attach Field,À partir du champ de pièce jointe,frappe/email/doctype/notification/notification.json
frappe,P3,missing,From Field,Du champ,frappe/email/doctype/notification/notification.json
frappe,P3,missing,From version,À partir de la version,frappe/public/js/frappe/utils/diffview.js:31
frappe,P3,missing,Function {0} is not whitelisted.,La fonction {0} n’est pas sur liste blanche.,frappe/__init__.py:465
frappe,P3,missing,Function {0} requires arguments but none were provided,La fonction {0} nécessite des arguments mais aucun n'a été fourni,frappe/database/query.py:1998
frappe,P3,missing,Further sub-groups can only be created under records marked as 'Group',D'autres sous-groupes ne peuvent être créés que sous les enregistrements marqués comme « Groupe »,frappe/public/js/frappe/views/treeview.js:419
frappe,P3,missing,GMail,Gmail,frappe/email/doctype/email_account/email_account.json
frappe,P3,missing,Gantt View,Vue Gantt,frappe/public/js/frappe/list/base_list.js:206
frappe,P3,missing,Generate Random Password,Générer un mot de passe aléatoire,frappe/public/js/frappe/ui/toolbar/awesome_bar.js:467
frappe,P3,missing,Generate Separate Documents For Each Assignee,Générer des documents distincts pour chaque destinataire,frappe/automation/doctype/auto_repeat/auto_repeat.json
frappe,P3,missing,Generate Tracking URL,Générer une URL de suivi,frappe/public/js/frappe/ui/sidebar/sidebar.js:284 frappe/public/js/frappe/utils/utils.js:1942
frappe,P3,missing,Geoapify,Géoapifier,frappe/integrations/doctype/geolocation_settings/geolocation_settings.json
frappe,P3,missing,Geolocation Settings,Paramètres de géolocalisation,frappe/integrations/doctype/geolocation_settings/geolocation_settings.json
frappe,P3,missing,Get Header and Footer wkhtmltopdf variables,Obtenir les variables d'en-tête et de pied de page wkhtmltopdf,frappe/printing/doctype/letter_head/letter_head.js:32
frappe,P3,missing,Get Items,Obtenir des articles,frappe/public/js/frappe/form/multi_select_dialog.js:86
frappe,P3,missing,Get OpenID Configuration,Obtenir la configuration OpenID,frappe/integrations/doctype/connected_app/connected_app.js:6
frappe,P3,missing,Get PDF,Obtenir le PDF,frappe/www/printview.html:22
frappe,P3,missing,GitHub,GitHub,frappe/integrations/doctype/social_login_key/social_login_key.json
frappe,P3,missing,Github flavoured markdown syntax,Syntaxe de démarque à la saveur de Github,frappe/website/doctype/web_page/web_page.js:92
frappe,P3,missing,Go to Workflow,Aller au flux de travail,frappe/public/js/workflow_builder/workflow_builder.bundle.js:41
frappe,P3,missing,Go to this URL after completing the form,Accédez à cette URL après avoir rempli le formulaire,frappe/website/doctype/web_form/web_form.json
frappe,P3,missing,Google,Google,frappe/integrations/doctype/social_login_key/social_login_key.json
frappe,P3,missing,Google Analytics anonymise IP,Google Analytics anonymise l'IP,frappe/website/doctype/website_settings/website_settings.json
frappe,P3,missing,Google Contacts,Contacts Google,frappe/contacts/doctype/contact/contact.json frappe/integrations/doctype/google_contacts/google_contacts.json frappe/integrations/workspace/integrations/integrations.json
frappe,P3,missing,Google Drive,Google Drive,frappe/public/js/frappe/file_uploader/FileUploader.vue:164
frappe,P3,missing,Google Drive Picker,Sélecteur de disques Google,frappe/integrations/doctype/google_settings/google_settings.json
frappe,P3,missing,Google Drive Picker Enabled,Google Drive Picker activé,frappe/integrations/doctype/google_settings/google_settings.json
frappe,P3,missing,Google Font,Police Google,frappe/printing/doctype/print_format/print_format.json frappe/public/js/print_format_builder/PrintFormatControls.vue:28 frappe/website/doctype/website_theme/website_theme.json
frappe,P3,missing,Graph,Graphique,frappe/public/js/frappe/form/dashboard.js:34 frappe/public/js/frappe/form/templates/form_dashboard.html:10
frappe,P3,missing,Greater Than,Supérieur à,frappe/public/js/frappe/ui/filters/filter.js:23
frappe,P3,missing,Greater Than Or Equal To,Supérieur ou égal à,frappe/public/js/frappe/ui/filters/filter.js:25
frappe,P3,missing,Grid Empty State,État de grille vide,frappe/public/js/form_builder/components/controls/TableControl.vue:53
frappe,P3,missing,Grid Shortcuts,Raccourcis de grille,frappe/public/js/frappe/ui/keyboard.js:127
frappe,P3,missing,Group By must be a string,Group By doit être une chaîne,frappe/database/query.py:1200
frappe,P3,missing,Group Object Class,Classe d'objet de groupe,frappe/integrations/doctype/ldap_settings/ldap_settings.json
frappe,P3,missing,Grouped by <span style='font-weight:600;'>{0}</b>,Regroupé par <span style='font-weight:600;'>{0}</b>,frappe/public/js/frappe/ui/group_by/group_by.js:428
frappe,P3,missing,HERE,ICI,frappe/integrations/doctype/geolocation_settings/geolocation_settings.json
frappe,P3,missing,HTML with jinja support,HTML avec prise en charge de Jinja,frappe/website/doctype/web_page/web_page.js:92
frappe,P3,missing,Header Script,Script d'en-tête,frappe/printing/doctype/letter_head/letter_head.json
frappe,P3,missing,"Header, Robots","En-tête, Robots",frappe/website/doctype/website_settings/website_settings.json
frappe,P3,missing,Header/Footer scripts can be used to add dynamic behaviours.,Les scripts d'en-tête/pied de page peuvent être utilisés pour ajouter des comportements dynamiques.,frappe/printing/doctype/letter_head/letter_head.js:30
frappe,P3,missing,Headers must be a dictionary,Les en-têtes doivent être un dictionnaire,frappe/email/email_body.py:322
frappe,P3,missing,Hello,Bonjour,frappe/templates/emails/new_user.html:2
frappe,P3,missing,Help Articles,Articles d'aide,frappe/website/doctype/help_category/help_category.json
frappe,P3,missing,Helpful,Utile,frappe/website/doctype/help_article/help_article.json
frappe,P3,missing,Helvetica,Helvétique,frappe/printing/doctype/print_settings/print_settings.json
frappe,P3,missing,Helvetica Neue,Helvetica Nouvelle,frappe/printing/doctype/print_settings/print_settings.json
frappe,P3,missing,Here's your tracking URL,Voici votre URL de suivi,frappe/public/js/frappe/utils/utils.js:1939
frappe,P3,missing,Hidden columns include: {0},Les colonnes masquées incluent : {0},frappe/public/js/frappe/views/reports/query_report.js:1672
frappe,P3,missing,Hide Error,Masquer l'erreur,frappe/www/error.html:62
frappe,P3,missing,Hide Label,Masquer l'étiquette,frappe/printing/page/print_format_builder/print_format_builder.js:488
frappe,P3,missing,Hide Preview,Masquer l'aperçu,frappe/public/js/form_builder/form_builder.bundle.js:43 frappe/public/js/print_format_builder/print_format_builder.bundle.js:54
frappe,P3,missing,Hide footer,Masquer le pied de page,frappe/website/doctype/web_form/web_form.json
frappe,P3,missing,Hide footer signup,Masquer l'inscription en pied de page,frappe/website/doctype/website_settings/website_settings.json
frappe,P3,missing,Hide navbar,Masquer la barre de navigation,frappe/website/doctype/web_form/web_form.json
frappe,P3,missing,Home,Maison,frappe/public/js/frappe/file_uploader/FileBrowser.vue:38 frappe/public/js/frappe/views/file/file_view.js:67 frappe/public/js/frappe/views/file/file_view.js:88 frappe/public/js/frappe/views/pageview.js:161 frappe/templates/doc.html:19 frappe/templates/includes/navbar/navbar.html:9 frappe/website/doctype/website_settings/website_settings.json frappe/website/web_template/primary_navbar/primary_navbar.html:9 frappe/www/contact.py:25 frappe/www/login.html:170 frappe/www/me.html:76 frappe/www/message.html:29
frappe,P3,missing,Human-readable name intended for display to the end user.,Nom lisible par l'homme destiné à être affiché par l'utilisateur final.,frappe/integrations/doctype/oauth_settings/oauth_settings.json
frappe,P3,missing,ID (name),ID (nom),frappe/public/js/print_format_builder/PrintFormatControls.vue:169
frappe,P3,missing,"IDs must contain only alphanumeric characters, not contain spaces, and should be unique.","Les identifiants doivent contenir uniquement des caractères alphanumériques, ne pas contenir d'espaces et doivent être uniques.",frappe/website/doctype/web_page_block/web_page_block.json
frappe,P3,missing,"If checked, a confirmation will be required before performing workflow actions.","Si cette case est cochée, une confirmation sera requise avant d'effectuer des actions de workflow.",frappe/workflow/doctype/workflow/workflow.json
frappe,P3,missing,"If checked, negative numeric values of Currency, Quantity or Count would be shown as positive","Si cette case est cochée, les valeurs numériques négatives de Devise, Quantité ou Nombre seraient affichées comme positives.",frappe/printing/doctype/print_format/print_format.json
frappe,P3,missing,"If enabled, all responses on the web form will be submitted anonymously","Si cette option est activée, toutes les réponses sur le formulaire Web seront soumises de manière anonyme",frappe/website/doctype/web_form/web_form.json
frappe,P3,missing,"If this was a mistake or you need access again, please reach out to your team.","S'il s'agit d'une erreur ou si vous avez besoin d'y accéder à nouveau, veuillez contacter votre équipe.",frappe/templates/emails/user_invitation_cancelled.html:8
frappe,P3,missing,"If you have any questions, reach out to your system administrator.","Si vous avez des questions, contactez votre administrateur système.",frappe/templates/emails/user_invitation.html:19
frappe,P3,missing,"If you have recently restored the site, you may need to copy the site_config.json containing the original encryption key.","Si vous avez récemment restauré le site, vous devrez peut-être copier le site_config.json contenant la clé de chiffrement d'origine.",frappe/utils/password.py:213
frappe,P3,missing,Illegal template,Modèle illégal,frappe/utils/jinja.py:127
frappe,P3,missing,Image Height,Hauteur de l'image,frappe/printing/doctype/letter_head/letter_head.json
frappe,P3,missing,Image View,Affichage des images,frappe/public/js/frappe/list/base_list.js:209
frappe,P3,missing,Image Width,Largeur de l'image,frappe/printing/doctype/letter_head/letter_head.json
frappe,P3,missing,Images,Images,frappe/public/js/frappe/views/image/image_view.js:13
frappe,P3,missing,Impersonated by {0},Se faire passer pour {0},frappe/public/js/frappe/form/footer/version_timeline_content_builder.js:357
frappe,P3,missing,Impersonating {0},Se faire passer pour {0},frappe/public/js/frappe/ui/toolbar/navbar.html:23
frappe,P3,missing,Import,Importer,frappe/public/js/frappe/list/list_view.js:1914
frappe,P3,missing,In Read Only Mode,En mode lecture seule,frappe/database/database.py:288
frappe,P3,missing,Inbox View,Vue de la boîte de réception,frappe/public/js/frappe/list/base_list.js:210
frappe,P3,missing,Include Disabled,Inclure désactivé,frappe/public/js/frappe/views/treeview.js:110
frappe,P3,missing,Include filters,Inclure des filtres,frappe/public/js/frappe/form/print_utils.js:59 frappe/public/js/frappe/views/reports/query_report.js:1650
frappe,P3,missing,Include hidden columns,Inclure les colonnes masquées,frappe/public/js/frappe/views/reports/query_report.js:1670
frappe,P3,missing,Incoming,Entrant,frappe/email/doctype/email_account/email_account.json
frappe,P3,missing,Incomplete Virtual Doctype Implementation,Implémentation incomplète du Doctype Virtuel,frappe/model/virtual_doctype.py:79 frappe/model/virtual_doctype.py:92
frappe,P3,missing,Incorrect value in row {0}:,Valeur incorrecte dans la ligne {0} :,frappe/model/document.py:1604
frappe,P3,missing,Incorrect value:,Valeur incorrecte :,frappe/model/document.py:1606
frappe,P3,missing,Indexing authorization code,Code d'autorisation d'indexation,frappe/website/doctype/website_settings/website_settings.json
frappe,P3,missing,Indexing refresh token,Jeton d'actualisation d'indexation,frappe/website/doctype/website_settings/website_settings.json
frappe,P3,missing,Indicator color,Couleur de l'indicateur,frappe/public/js/frappe/views/workspace/workspace.js:477
frappe,P3,missing,Insert Above,Insérer ci-dessus,frappe/public/js/frappe/form/grid_row_form.js:44
frappe,P3,missing,Insert Below,Insérer ci-dessous,frappe/public/js/frappe/form/grid_row_form.js:44
frappe,P3,missing,Insert Image in Markdown,Insérer une image dans Markdown,frappe/public/js/frappe/form/controls/markdown_editor.js:82
frappe,P3,missing,Instagram,Instagram,frappe/public/js/frappe/ui/toolbar/about.js:11
frappe,P3,missing,Install {0} from Marketplace,Installez {0} depuis Marketplace,frappe/public/js/frappe/ui/toolbar/search_utils.js:715 frappe/public/js/frappe/ui/toolbar/search_utils.js:716
frappe,P3,missing,Instructions,Instructions,frappe/printing/doctype/letter_head/letter_head.json
frappe,P3,missing,Instructions Emailed,Instructions envoyées par courrier électronique,frappe/templates/includes/login/login.js:261
frappe,P3,missing,Insufficient Permission Level for {0},Niveau d'autorisation insuffisant pour {0},frappe/permissions.py:855
frappe,P3,missing,Inter,Entre,frappe/printing/doctype/print_settings/print_settings.json
frappe,P3,missing,Intermediate,Intermédiaire,frappe/website/doctype/help_article/help_article.json
frappe,P3,missing,Introduction,Introduction,frappe/website/doctype/contact_us_settings/contact_us_settings.json frappe/website/doctype/web_form/web_form.json
frappe,P3,missing,Introspection URI,URI d'introspection,frappe/integrations/doctype/connected_app/connected_app.json
frappe,P3,missing,Invalid,Invalide,frappe/integrations/doctype/oauth_authorization_code/oauth_authorization_code.json
frappe,P3,missing,"Invalid ""mandatory_depends_on"" expression","Expression ""mandatory_depends_on"" non valide",frappe/public/js/frappe/form/save.js:219
frappe,P3,missing,Invalid Action,Action invalide,frappe/utils/nestedset.py:178
frappe,P3,missing,Invalid Code. Please try again.,Code invalide. Veuillez réessayer.,frappe/integrations/frappe_providers/frappecloud_billing.py:111
frappe,P3,missing,Invalid Condition: {},Condition invalide : {},frappe/integrations/doctype/webhook/webhook.py:91
frappe,P3,missing,Invalid Credentials,Identifiants invalides,frappe/email/smtp.py:136
frappe,P3,missing,Invalid Credentials for Email Account: {0},Identifiants invalides pour le compte de messagerie : {0},frappe/email/smtp.py:138
frappe,P3,missing,Invalid DocType,Type de document invalide,frappe/www/list.py:30
frappe,P3,missing,Invalid DocType: {0},Type de document invalide : {0},frappe/database/query.py:342
frappe,P3,missing,Invalid Doctype,Type de document invalide,frappe/email/doctype/email_group/email_group.py:51
frappe,P3,missing,Invalid Filter,Filtre invalide,frappe/database/query.py:768 frappe/database/query.py:795 frappe/database/query.py:805 frappe/database/query.py:828
frappe,P3,missing,Invalid Filter Format for field {0} of type {1}. Try using filter icon on the field to set it correctly,Format de filtre non valide pour le champ {0} de type {1}. Essayez d'utiliser l'icône de filtre sur le champ pour le définir correctement,frappe/public/js/form_builder/store.js:221
frappe,P3,missing,Invalid Login. Try again.,Connexion invalide. Essayer à nouveau.,frappe/templates/includes/login/login.js:290
frappe,P3,missing,Invalid Naming Series: {},Série de noms non valide : {},frappe/model/naming.py:109
frappe,P3,missing,Invalid Outgoing Mail Server or Port: {0},Serveur ou port de courrier sortant non valide : {0},frappe/email/smtp.py:103
frappe,P3,missing,Invalid Override,Remplacement invalide,frappe/model/base_document.py:126
frappe,P3,missing,Invalid Parameters.,Paramètres invalides.,frappe/integrations/doctype/connected_app/connected_app.py:202
frappe,P3,missing,Invalid Phone Number,Numéro de téléphone invalide,frappe/utils/__init__.py:125
frappe,P3,missing,Invalid Transition,Transition invalide,frappe/public/js/workflow_builder/store.js:192
frappe,P3,missing,Invalid Values,Valeurs invalides,frappe/public/js/frappe/ui/field_group.js:137
frappe,P3,missing,Invalid Webhook Secret,Secret Webhook non valide,frappe/integrations/doctype/webhook/webhook.py:120
frappe,P3,missing,Invalid alias format: {0}. Alias must be a simple identifier.,Format d'alias non valide : {0}. L'alias doit être un simple identifiant.,frappe/database/query.py:2157
frappe,P3,missing,Invalid argument format: {0}. Only quoted string literals or simple field names are allowed.,Format d'argument non valide : {0}. Seuls les chaînes littérales entre guillemets ou les noms de champs simples sont autorisés.,frappe/database/query.py:2118 frappe/database/query.py:2133
frappe,P3,missing,"Invalid argument type: {0}. Only strings, numbers, dicts, and None are allowed.","Type d'argument non valide : {0}. Seules les chaînes, les nombres, les dictés et Aucun sont autorisés.",frappe/database/query.py:2083
frappe,P3,missing,"Invalid characters in fieldname: {0}. Only letters, numbers, and underscores are allowed.","Caractères non valides dans le nom de champ : {0}. Seuls les lettres, chiffres et traits de soulignement sont autorisés.",frappe/database/query.py:801
frappe,P3,missing,Invalid characters in table name: {0},Caractères invalides dans le nom de la table : {0},frappe/database/query.py:971
frappe,P3,missing,Invalid condition type in nested filters: {0},Type de condition non valide dans les filtres imbriqués : {0},frappe/database/query.py:713
frappe,P3,missing,Invalid direction in Order By: {0}. Must be 'ASC' or 'DESC'.,Direction non valide dans Trier par : {0}. Doit être « ASC » ou « DESC ».,frappe/database/query.py:1244
frappe,P3,missing,Invalid docstatus,Statut du document invalide,frappe/model/document.py:1065 frappe/model/document.py:1079
frappe,P3,missing,"Invalid field format for SELECT: {0}. Field names must be simple, backticked, table-qualified, aliased, or '*'.","Format de champ non valide pour SELECT : {0}. Les noms de champs doivent être simples, avec un backticked, qualifiés par une table, un alias ou un « * ».",frappe/database/query.py:1886
frappe,P3,missing,"Invalid field format in {0}: {1}. Use 'field', 'link_field.field', or 'child_table.field'.","Format de champ non valide dans {0} : {1}. Utilisez « field », « link_field.field » ou « child_table.field ».",frappe/database/query.py:1184
frappe,P3,missing,Invalid field type: {0},Type de champ invalide : {0},frappe/database/query.py:1070
frappe,P3,missing,Invalid filter condition: {0}. Expected a list or tuple.,Condition de filtre non valide : {0}. Attendu une liste ou un tuple.,frappe/database/query.py:696
frappe,P3,missing,Invalid filter field format: {0}. Use 'fieldname' or 'link_fieldname.target_fieldname'.,Format de champ de filtre non valide : {0}. Utilisez 'fieldname' ou 'link_fieldname.target_fieldname'.,frappe/database/query.py:791
frappe,P3,missing,"Invalid function argument type: {0}. Only strings, numbers, lists, and None are allowed.","Type d'argument de fonction non valide : {0}. Seules les chaînes, les nombres, les listes et Aucun sont autorisés.",frappe/database/query.py:2003
frappe,P3,missing,Invalid name type (integer) for varchar name column,Type de nom non valide (entier) pour la colonne de nom varchar,frappe/model/naming.py:498
frappe,P3,missing,Invalid naming series {}: dot (.) missing,Série de dénomination {} non valide : point (.) manquant,frappe/model/naming.py:62
frappe,P3,missing,Invalid naming series {}: dot (.) missing before the numeric placeholders. Kindly use a format like <b>ABCD.#####</b>.,Série de dénomination {} non valide : point (.) manquant avant les espaces réservés numériques. Veuillez utiliser un format tel que <b>ABCD.#####</b>.,frappe/model/naming.py:76
frappe,P3,missing,Invalid nested expression: dictionary must represent a function or operator,Expression imbriquée non valide : le dictionnaire doit représenter une fonction ou un opérateur,frappe/database/query.py:2075
frappe,P3,missing,Invalid redirect regex in row #{}: {},Expression régulière de redirection non valide dans la ligne #{} : {},frappe/website/doctype/website_settings/website_settings.py:139
frappe,P3,missing,Invalid request arguments,Arguments de requête invalides,frappe/app.py:340
frappe,P3,missing,Invalid request body,Corps de la demande invalide,frappe/app.py:327
frappe,P3,missing,Invalid simple filter format: {0},Format de filtre simple non valide : {0},frappe/database/query.py:744
frappe,P3,missing,Invalid start for filter condition: {0}. Expected a list or tuple.,Démarrage non valide pour la condition de filtre : {0}. Attendu une liste ou un tuple.,frappe/database/query.py:673
frappe,P3,missing,Invalid token state! Check if the token has been created by the OAuth user.,État du jeton invalide ! Vérifiez si le jeton a été créé par l'utilisateur OAuth.,frappe/integrations/doctype/connected_app/connected_app.py:208
frappe,P3,missing,Invalid value specified for UUID: {},Valeur non valide spécifiée pour l'UUID : {},frappe/model/naming.py:176
frappe,P3,missing,Invalid values for fields:,Valeurs non valides pour les champs :,frappe/public/js/frappe/web_form/web_form.js:253
frappe,P3,missing,Invalid wkhtmltopdf version,Version wkhtmltopdf invalide,frappe/printing/page/print/print.js:673
frappe,P3,missing,Invalid {0} dictionary format,Format de dictionnaire {0} non valide,frappe/database/query.py:1964
frappe,P3,missing,Inverse,Inverse,frappe/workflow/doctype/workflow_state/workflow_state.json
frappe,P3,missing,Is Active,Est actif,frappe/workflow/doctype/workflow/workflow.json
frappe,P3,missing,Is Dynamic URL?,L'URL est-elle dynamique ?,frappe/integrations/doctype/webhook/webhook.json
frappe,P3,missing,Is Group,Est un groupe,frappe/public/js/frappe/views/treeview.js:418
frappe,P3,missing,Is Primary Address,Est l'adresse principale,frappe/contacts/report/addresses_and_contacts/addresses_and_contacts.py:43
frappe,P3,missing,Is Remote Request?,La demande à distance est-elle ?,frappe/integrations/doctype/integration_request/integration_request.json
frappe,P3,missing,Is System Generated,Le système est-il généré,frappe/custom/doctype/custom_field/custom_field.json frappe/custom/doctype/customize_form_field/customize_form_field.json frappe/custom/doctype/property_setter/property_setter.json
frappe,P3,missing,Is standard,Est standard,frappe/website/doctype/web_form/web_form.json
frappe,P3,missing,JS,JS,frappe/printing/doctype/print_format/print_format.json
frappe,P3,missing,Jane Doe,Jane Doe,frappe/templates/signup.html:5
frappe,P3,missing,Jinja,Jinja,frappe/printing/doctype/print_format/print_format.json
frappe,P3,missing,K,K,frappe/public/js/frappe/utils/number_systems.js:17 frappe/public/js/frappe/utils/number_systems.js:31 frappe/public/js/frappe/utils/number_systems.js:53
frappe,P3,missing,Kanban Settings,Paramètres Kanban,frappe/public/js/frappe/views/kanban/kanban_view.js:279
frappe,P3,missing,Kanban View,Vue Kanban,frappe/public/js/frappe/list/base_list.js:207
frappe,P3,missing,Keycloak,Porte-clés,frappe/integrations/doctype/social_login_key/social_login_key.json
frappe,P3,missing,Kh,Kh,frappe/public/js/frappe/utils/number_systems.js:37
frappe,P3,missing,L,L,frappe/public/js/frappe/utils/number_systems.js:27 frappe/public/js/frappe/utils/number_systems.js:49
frappe,P3,missing,LDAP Auth,Authentification LDAP,frappe/integrations/doctype/ldap_settings/ldap_settings.json
frappe,P3,missing,LDAP Custom Settings,Paramètres personnalisés LDAP,frappe/integrations/doctype/ldap_settings/ldap_settings.json
frappe,P3,missing,LDAP Group Member attribute,Attribut de membre de groupe LDAP,frappe/integrations/doctype/ldap_settings/ldap_settings.json
frappe,P3,missing,"LDAP Search String must be enclosed in '()' and needs to contian the user placeholder {0}, eg sAMAccountName={0}","La chaîne de recherche LDAP doit être placée entre « () » et doit contenir l'espace réservé de l'utilisateur {0}, par exemple sAMAccountName={0}",frappe/integrations/doctype/ldap_settings/ldap_settings.py:130
frappe,P3,missing,LDAP Search and Paths,Recherche et chemins LDAP,frappe/integrations/doctype/ldap_settings/ldap_settings.json
frappe,P3,missing,LDAP Server Settings,Paramètres du serveur LDAP,frappe/integrations/doctype/ldap_settings/ldap_settings.json
frappe,P3,missing,LDAP search path for Groups,Chemin de recherche LDAP pour les groupes,frappe/integrations/doctype/ldap_settings/ldap_settings.json
frappe,P3,missing,LDAP search path for Users,Chemin de recherche LDAP pour les utilisateurs,frappe/integrations/doctype/ldap_settings/ldap_settings.json
frappe,P3,missing,LDAP settings incorrect. validation response was: {0},Paramètres LDAP incorrects. la réponse de validation était : {0},frappe/integrations/doctype/ldap_settings/ldap_settings.py:102
frappe,P3,missing,Last 14 Days,14 derniers jours,frappe/public/js/frappe/ui/filters/filter.js:627
frappe,P3,missing,Last 30 Days,30 derniers jours,frappe/public/js/frappe/ui/filters/filter.js:631
frappe,P3,missing,Last 6 Months,6 derniers mois,frappe/public/js/frappe/ui/filters/filter.js:651
frappe,P3,missing,Last 7 Days,7 derniers jours,frappe/public/js/frappe/ui/filters/filter.js:623
frappe,P3,missing,Last 90 Days,90 derniers jours,frappe/public/js/frappe/ui/filters/filter.js:635
frappe,P3,missing,Last Modified Date,Date de la dernière modification,frappe/email/doctype/notification/notification.js:32
frappe,P3,missing,Last Received At,Dernier reçu à,frappe/email/doctype/email_account/email_account.json
frappe,P3,missing,Last Run,Dernière exécution,frappe/email/doctype/notification/notification.json
frappe,P3,missing,Layout Reset,Réinitialisation de la mise en page,frappe/custom/doctype/customize_form/customize_form.js:194
frappe,P3,missing,"Layout will be reset to standard layout, are you sure you want to do this?",La mise en page sera réinitialisée à la mise en page standard. Êtes-vous sûr de vouloir le faire ?,frappe/custom/doctype/customize_form/customize_form.js:186
frappe,P3,missing,Learn more,Apprendre encore plus,frappe/website/web_template/section_with_features/section_with_features.html:26
frappe,P3,missing,Ledger,Grand livre,frappe/printing/doctype/print_settings/print_settings.json
frappe,P3,missing,Legal,Légal,frappe/printing/doctype/print_settings/print_settings.json
frappe,P3,missing,Length of passed data array is greater than value of maximum allowed label points!,La longueur du tableau de données transmis est supérieure à la valeur du nombre maximal de points d'étiquette autorisés !,frappe/public/js/frappe/ui/chart.js:11
frappe,P3,missing,Less,Moins,frappe/public/js/frappe/widgets/chart_widget.js:729
frappe,P3,missing,Less Than,Moins que,frappe/public/js/frappe/ui/filters/filter.js:24
frappe,P3,missing,Less Than Or Equal To,Inférieur ou égal à,frappe/public/js/frappe/ui/filters/filter.js:26
frappe,P3,missing,Let us continue with the onboarding,Continuons avec l'intégration,frappe/public/js/frappe/widgets/onboarding_widget.js:434
frappe,P3,missing,Letter Head Scripts,Scripts d’en-tête de lettre,frappe/printing/doctype/letter_head/letter_head.js:30
frappe,P3,missing,Letter Head cannot be both disabled and default,L'en-tête de lettre ne peut pas être à la fois désactivé et par défaut,frappe/printing/doctype/letter_head/letter_head.py:49
frappe,P3,missing,Library,Bibliothèque,frappe/public/js/frappe/file_uploader/FileUploader.vue:94
frappe,P3,missing,Light Theme,Thème Lumière,frappe/public/js/frappe/ui/theme_switcher.js:60
frappe,P3,missing,Likes,Goûts,frappe/website/doctype/help_article/help_article.json
frappe,P3,missing,Limit must be a non-negative integer,La limite doit être un entier non négatif,frappe/database/query.py:299
frappe,P3,missing,Link To in Row,Lien vers dans la ligne,frappe/public/js/frappe/widgets/widget_dialog.js:363
frappe,P3,missing,Link Type in Row,Type de lien dans la ligne,frappe/public/js/frappe/widgets/widget_dialog.js:359
frappe,P3,missing,"Link for About Us Page is ""/about"".","Le lien vers la page À propos de nous est ""/about"".",frappe/website/doctype/about_us_settings/about_us_settings.js:6
frappe,P3,missing,"Link that is the website home page. Standard Links (home, login, products, blog, about, contact)","Lien qui est la page d'accueil du site. Liens standards (accueil, connexion, produits, blog, à propos, contact)",frappe/website/doctype/website_settings/website_settings.json
frappe,P3,missing,LinkedIn,LinkedIn,frappe/public/js/frappe/ui/toolbar/about.js:11
frappe,P3,missing,List View,Vue en liste,frappe/public/js/frappe/list/base_list.js:203
frappe,P3,missing,"List of email addresses, separated by comma or new line.","Liste des adresses e-mail, séparées par une virgule ou une nouvelle ligne.",frappe/email/doctype/email_account/email_account.json
frappe,P3,missing,List setting message,Message de configuration de la liste,frappe/website/doctype/web_form/web_form.json
frappe,P3,missing,Lists,Listes,frappe/public/js/frappe/ui/toolbar/search_utils.js:586
frappe,P3,missing,Load More Communications,Charger plus de communications,frappe/public/js/frappe/form/footer/form_timeline.js:215
frappe,P3,missing,Load more,Charger plus,frappe/public/js/frappe/file_uploader/TreeNode.vue:45
frappe,P3,missing,Loading Filters...,Chargement des filtres...,frappe/public/js/frappe/widgets/widget_dialog.js:107
frappe,P3,missing,Loading versions...,Chargement des versions...,frappe/public/js/frappe/ui/toolbar/about.js:11
frappe,P3,missing,Log In To {0},Connectez-vous à {0},frappe/templates/emails/login_with_email_link.html:27
frappe,P3,missing,Log out,Se déconnecter,frappe/hooks.py frappe/website/doctype/website_settings/website_settings.py:182
frappe,P3,missing,Login Failed please try again,"Échec de la connexion, veuillez réessayer",frappe/public/js/frappe/desk.js:256
frappe,P3,missing,Login Page,Page de connexion,frappe/website/doctype/website_settings/website_settings.json
frappe,P3,missing,Login To {0},Connectez-vous à {0},frappe/www/login.py:156
frappe,P3,missing,Login is required to see web form list view. Enable {0} to see list settings,Une connexion est requise pour voir la vue de la liste des formulaires Web. Activez {0} pour voir les paramètres de la liste,frappe/website/doctype/web_form/web_form.js:387
frappe,P3,missing,Login link sent to your email,Lien de connexion envoyé à votre email,frappe/templates/includes/login/login.js:69
frappe,P3,missing,Login required,Connexion requise,frappe/website/doctype/web_form/web_form.json
frappe,P3,missing,Login to start a new discussion,Connectez-vous pour démarrer une nouvelle discussion,frappe/templates/includes/comments/comments.html:6
frappe,P3,missing,Login token required,Jeton de connexion requis,frappe/templates/includes/login/login.js:319
frappe,P3,missing,Login with Email Link,Connectez-vous avec un lien e-mail,frappe/www/login.html:126 frappe/www/login.html:205
frappe,P3,missing,Login with Frappe Cloud,Connectez-vous avec Frappe Cloud,frappe/www/login.html:116
frappe,P3,missing,Login with username and password is not allowed.,La connexion avec le nom d'utilisateur et le mot de passe n'est pas autorisée.,frappe/auth.py:150
frappe,P3,missing,Login with {0},Connectez-vous avec {0},frappe/www/login.html:100
frappe,P3,missing,Logo URI,URI du logo,frappe/integrations/doctype/oauth_client/oauth_client.json
frappe,P3,missing,Looks like you haven’t added any third party apps.,Il semble que vous n’ayez ajouté aucune application tierce.,frappe/www/third_party_apps.html:59
frappe,P3,missing,Looks like you haven’t received any notifications.,Il semble que vous n'ayez reçu aucune notification.,frappe/public/js/frappe/ui/notifications/notifications.js:346
frappe,P3,missing,M,M,frappe/public/js/frappe/utils/number_systems.js:13
frappe,P3,missing,Maintenance Manager,Responsable maintenance,frappe/contacts/doctype/contact/contact.json
frappe,P3,missing,Maintenance User,Utilisateur de maintenance,frappe/contacts/doctype/address/address.json frappe/contacts/doctype/contact/contact.json
frappe,P3,missing,Manage 3rd party apps,Gérer les applications tierces,frappe/www/me.html:56
frappe,P3,missing,Mandatory fields required:,Champs obligatoires obligatoires :,frappe/public/js/frappe/web_form/web_form.js:258
frappe,P3,missing,Map View,Vue cartographique,frappe/public/js/frappe/list/base_list.js:212
frappe,P3,missing,Map columns from {0} to fields in {1},Mapper les colonnes de {0} aux champs de {1},frappe/public/js/frappe/data_import/import_preview.js:294
frappe,P3,missing,Margin Bottom,Marge inférieure,frappe/printing/doctype/print_format/print_format.json
frappe,P3,missing,Margin Left,Marge gauche,frappe/printing/doctype/print_format/print_format.json
frappe,P3,missing,Margin Right,Marge droite,frappe/printing/doctype/print_format/print_format.json
frappe,P3,missing,Margin Top,Marge supérieure,frappe/printing/doctype/print_format/print_format.json
frappe,P3,missing,Mark all as read,Marquer tout comme lu,frappe/public/js/frappe/ui/notifications/notifications.js:46
frappe,P3,missing,Markdown,Réduction,frappe/email/doctype/notification/notification.json frappe/website/doctype/web_page/web_page.js:92 frappe/website/doctype/web_page/web_page.json
frappe,P3,missing,Marketing Manager,Responsable marketing,frappe/website/doctype/utm_campaign/utm_campaign.json frappe/website/doctype/utm_medium/utm_medium.json frappe/website/doctype/utm_source/utm_source.json
frappe,P3,missing,Max attachment size,Taille maximale des pièces jointes,frappe/website/doctype/web_form/web_form.json
frappe,P3,missing,Maximum attachment limit of {0} has been reached.,La limite maximale de pièces jointes de {0} a été atteinte.,frappe/public/js/frappe/form/sidebar/attachments.js:38
frappe,P3,missing,Meets Condition?,Conforme à la condition ?,frappe/email/doctype/notification/notification.js:210 frappe/integrations/doctype/webhook/webhook.js:96
frappe,P3,missing,Members,Membres,frappe/email/doctype/email_group/email_group.json
frappe,P3,missing,Menu,Menu,frappe/public/js/frappe/ui/page.html:25 frappe/public/js/frappe/ui/page.js:167
frappe,P3,missing,Merge with existing,Fusionner avec l'existant,frappe/public/js/frappe/form/toolbar.js:253 frappe/public/js/frappe/model/model.js:705
frappe,P3,missing,Message,Message,frappe/public/js/frappe/ui/messages.js:274 frappe/utils/messages.py:78
frappe,P3,missing,Message Sent,Message envoyé,frappe/templates/includes/contact.js:36
frappe,P3,missing,Message Type,Type de message,frappe/email/doctype/notification/notification.json
frappe,P3,missing,Message to be displayed on successful completion,Message à afficher en cas de réussite,frappe/website/doctype/web_form/web_form.json
frappe,P3,missing,Meta,Méta,frappe/website/doctype/web_form/web_form.json
frappe,P3,missing,Meta Description,Méta-description,frappe/website/doctype/web_page/web_page.js:124
frappe,P3,missing,Meta Image,Méta-image,frappe/website/doctype/web_page/web_page.js:131
frappe,P3,missing,Meta Tags,Balises méta,frappe/website/doctype/web_page/web_page.json frappe/website/doctype/website_route_meta/website_route_meta.json
frappe,P3,missing,Meta Title,Méta-titre,frappe/website/doctype/web_page/web_page.js:117
frappe,P3,missing,Meta description,Méta description,frappe/website/doctype/web_form/web_form.json
frappe,P3,missing,Meta image,Méta-image,frappe/website/doctype/web_form/web_form.json
frappe,P3,missing,Meta title,Méta-titre,frappe/website/doctype/web_form/web_form.json
frappe,P3,missing,Method Not Allowed,Méthode non autorisée,frappe/__init__.py:467
frappe,P3,missing,Milestone Tracker,Suivi des jalons,frappe/automation/doctype/milestone/milestone.json frappe/automation/doctype/milestone_tracker/milestone_tracker.json
frappe,P3,missing,Minutes,Minutes,frappe/public/js/frappe/form/controls/duration.js:30
frappe,P3,missing,Minutes After,Quelques minutes après,frappe/email/doctype/notification/notification.json
frappe,P3,missing,Minutes Before,Minutes avant,frappe/email/doctype/notification/notification.json
frappe,P3,missing,Minutes Offset,Décalage des minutes,frappe/email/doctype/notification/notification.json
frappe,P3,missing,Misconfigured,Mal configuré,frappe/integrations/doctype/ldap_settings/ldap_settings.py:103 frappe/integrations/doctype/ldap_settings/ldap_settings.py:108 frappe/integrations/doctype/ldap_settings/ldap_settings.py:117 frappe/integrations/doctype/ldap_settings/ldap_settings.py:125 frappe/integrations/doctype/ldap_settings/ldap_settings.py:335
frappe,P3,missing,Missing Filters Required,Filtres manquants requis,frappe/email/doctype/auto_email_report/auto_email_report.py:133
frappe,P3,missing,Missing Value,Valeur manquante,frappe/www/update-password.html:134 frappe/www/update-password.html:141
frappe,P3,missing,Missing Values Required,Valeurs manquantes requises,frappe/public/js/frappe/ui/field_group.js:124 frappe/public/js/frappe/widgets/widget_dialog.js:374 frappe/public/js/workflow_builder/store.js:97 frappe/workflow/doctype/workflow/workflow.js:71
frappe,P3,missing,Mobile,Mobile,frappe/www/login.py:107
frappe,P3,missing,Module {} not found,Module {} introuvable,frappe/modules/utils.py:280
frappe,P3,missing,Monospace,Monospace,frappe/printing/doctype/print_settings/print_settings.json
frappe,P3,missing,Month,Mois,frappe/public/js/frappe/views/calendar/calendar.js:275
frappe,P3,missing,Most probably your password is too long.,Votre mot de passe est probablement trop long.,frappe/utils/password.py:75
frappe,P3,missing,Move current and all subsequent sections to a new tab,Déplacer les sections actuelles et toutes les suivantes vers un nouvel onglet,frappe/public/js/form_builder/components/Section.vue:295
frappe,P3,missing,Move cursor to above row,Déplacer le curseur vers la ligne ci-dessus,frappe/public/js/frappe/form/form.js:178
frappe,P3,missing,Move cursor to below row,Déplacer le curseur vers la ligne ci-dessous,frappe/public/js/frappe/form/form.js:182
frappe,P3,missing,Move cursor to next column,Déplacer le curseur vers la colonne suivante,frappe/public/js/frappe/form/form.js:186
frappe,P3,missing,Move cursor to previous column,Déplacer le curseur vers la colonne précédente,frappe/public/js/frappe/form/form.js:190
frappe,P3,missing,Move sections to new tab,Déplacer les sections vers un nouvel onglet,frappe/public/js/form_builder/components/Section.vue:294
frappe,P3,missing,Move the current field and the following fields to a new column,Déplacer le champ actuel et les champs suivants vers une nouvelle colonne,frappe/public/js/form_builder/components/Field.vue:242
frappe,P3,missing,"Must be enclosed in '()' and include '{0}', which is a placeholder for the user/login name. i.e. (&(objectclass=user)(uid={0}))","Doit être entouré de « () » et inclure « {0} », qui est un espace réservé pour le nom d'utilisateur/de connexion. c'est-à-dire (&(objectclass=user)(uid={0}))",frappe/integrations/doctype/ldap_settings/ldap_settings.json
frappe,P3,missing,My Device,Mon appareil,frappe/public/js/frappe/file_uploader/FileUploader.vue:57
frappe,P3,missing,"NOTE: If you add states or transitions in the table, it will be reflected in the Workflow Builder but you will have to position them manually. Also Workflow Builder is currently in <b>BETA</b>.","REMARQUE : Si vous ajoutez des états ou des transitions dans le tableau, cela sera reflété dans le Workflow Builder mais vous devrez les positionner manuellement. Workflow Builder est également actuellement en <b>BETA</b>.",frappe/workflow/doctype/workflow/workflow.js:19
frappe,P3,missing,NOTE: This box is due for depreciation. Please re-setup LDAP to work with the newer settings,REMARQUE : Cette boîte est due pour dépréciation. Veuillez reconfigurer LDAP pour qu'il fonctionne avec les paramètres les plus récents.,frappe/integrations/doctype/ldap_settings/ldap_settings.json
frappe,P3,missing,Name (Doc Name),Nom (Nom du document),frappe/integrations/doctype/webhook/webhook.js:29
frappe,P3,missing,"Naming Options:
<ol><li><b>field:[fieldname]</b> - By Field</li><li><b>naming_series:</b> - By Naming Series (field called naming_series must be present)</li><li><b>Prompt</b> - Prompt user for a name</li><li><b>[series]</b> - Series by prefix (separated by a dot); for example PRE.#####</li>
<li><b>format:EXAMPLE-{MM}morewords{fieldname1}-{fieldname2}-{#####}</b> - Replace all braced words (fieldnames, date words (DD, MM, YY), series) with their value. Outside braces, any characters can be used.</li></ol>","Options de dénomination :
<ol><li><b>field :[fieldname]</b> - Par champ</li><li><b>naming_series:</b> - Par série de noms (le champ appelé naming_series doit être présent)</li><li><b>Prompt</b> - Demander à l'utilisateur un nom</li><li><b>[série]</b> - Série par préfixe (séparé par un point) ; par exemple PRE.#####</li>
<li><b>format : EXEMPLE-{MM}morewords{fieldname1}-{fieldname2}-{#####}</b> - Remplacez tous les mots entre accolades (noms de champs, mots de date (JJ, MM, AA), séries) par leur valeur. En dehors des accolades, tous les caractères peuvent être utilisés.</li></ol>",frappe/custom/doctype/customize_form/customize_form.json
frappe,P3,missing,Navbar,Barre de navigation,frappe/website/doctype/web_template/web_template.json frappe/website/doctype/website_settings/website_settings.json
frappe,P3,missing,Navigate to main content,Accédez au contenu principal,frappe/public/js/frappe/ui/page.js:180
frappe,P3,missing,Need Help?,Besoin d'aide ?,frappe/public/js/frappe/list/list_view.js:486
frappe,P3,missing,Nested filters must be provided as a list or tuple.,Les filtres imbriqués doivent être fournis sous forme de liste ou de tuple.,frappe/database/query.py:665
frappe,P3,missing,Network Printer Settings,Paramètres de l'imprimante réseau,frappe/printing/doctype/network_printer_settings/network_printer_settings.json
frappe,P3,missing,New Address,Nouvelle adresse,frappe/public/js/frappe/form/templates/address_list.html:3 frappe/public/js/frappe/ui/address_autocomplete/autocomplete_dialog.js:5 frappe/public/js/frappe/utils/address_and_contact.js:71
frappe,P3,missing,New Chart,Nouveau graphique,frappe/public/js/frappe/widgets/widget_dialog.js:58
frappe,P3,missing,New Contact,Nouveau contact,frappe/public/js/frappe/form/templates/contact_list.html:3
frappe,P3,missing,New Custom Block,Nouveau bloc personnalisé,frappe/public/js/frappe/widgets/widget_dialog.js:70
frappe,P3,missing,New Event,Nouvel événement,frappe/public/js/frappe/form/footer/form_timeline.js:47
frappe,P3,missing,New Links,Nouveaux liens,frappe/public/js/frappe/widgets/widget_dialog.js:62
frappe,P3,missing,New Number Card,Nouvelle carte numérique,frappe/public/js/frappe/widgets/widget_dialog.js:64
frappe,P3,missing,New Onboarding,Nouvelle intégration,frappe/public/js/frappe/widgets/widget_dialog.js:66
frappe,P3,missing,New Quick List,Nouvelle liste rapide,frappe/public/js/frappe/widgets/widget_dialog.js:68
frappe,P3,missing,New Shortcut,Nouveau raccourci,frappe/public/js/frappe/widgets/widget_dialog.js:60
frappe,P3,missing,New Workflow Name,Nouveau nom du flux de travail,frappe/workflow/page/workflow_builder/workflow_builder.js:61
frappe,P3,missing,New Workspace,Nouvel espace de travail,frappe/public/js/frappe/views/workspace/workspace.js:404
frappe,P3,missing,"New line separated list of allowed public client URLs (eg <code>https://frappe.io</code>), or <code>*</code> to accept all.
<br>
Public clients are restricted by default.","Liste des URL de clients publics autorisées séparées par une nouvelle ligne (par exemple <code>https://frappe.io</code>), ou <code>*</code> pour tout accepter.
<br>
Les clients publics sont restreints par défaut.",frappe/integrations/doctype/oauth_settings/oauth_settings.json
frappe,P3,missing,New line separated list of scope values.,Nouvelle liste de valeurs de portée séparées par des lignes.,frappe/integrations/doctype/oauth_settings/oauth_settings.json
frappe,P3,missing,"New lines separated list of strings representing ways to contact people responsible for this client, typically email addresses.","De nouvelles lignes séparent la liste de chaînes représentant les moyens de contacter les personnes responsables de ce client, généralement des adresses e-mail.",frappe/integrations/doctype/oauth_client/oauth_client.json
frappe,P3,missing,New password cannot be same as old password,Le nouveau mot de passe ne peut pas être identique à l'ancien mot de passe,frappe/www/update-password.html:92
frappe,P3,missing,New users will have to be manually registered by system managers.,Les nouveaux utilisateurs devront être enregistrés manuellement par les gestionnaires du système.,frappe/website/doctype/website_settings/website_settings.json
frappe,P3,missing,Next,Suivant,frappe/public/js/frappe/form/form_tour.js:14 frappe/public/js/frappe/form/form_tour.js:324 frappe/public/js/frappe/web_form/web_form.js:93 frappe/public/js/onboarding_tours/onboarding_tours.js:15 frappe/public/js/onboarding_tours/onboarding_tours.js:240 frappe/templates/includes/slideshow.html:38 frappe/website/utils.py:262 frappe/website/web_template/slideshow/slideshow.html:44
frappe,P3,missing,Next,Suivant,frappe/public/js/frappe/ui/slides.js:359
frappe,P3,missing,Next 14 Days,14 prochains jours,frappe/public/js/frappe/ui/filters/filter.js:683
frappe,P3,missing,Next 30 Days,30 prochains jours,frappe/public/js/frappe/ui/filters/filter.js:687
frappe,P3,missing,Next 6 Months,6 prochains mois,frappe/public/js/frappe/ui/filters/filter.js:703
frappe,P3,missing,Next 7 Days,7 prochains jours,frappe/public/js/frappe/ui/filters/filter.js:679
frappe,P3,missing,Next Document,Document suivant,frappe/public/js/frappe/form/toolbar.js:336
frappe,P3,missing,Next Month,Mois prochain,frappe/public/js/frappe/ui/filters/filter.js:695
frappe,P3,missing,Next Quarter,Trimestre prochain,frappe/public/js/frappe/ui/filters/filter.js:699
frappe,P3,missing,Next Scheduled Date,Prochaine date prévue,frappe/automation/doctype/auto_repeat/auto_repeat_schedule.html:6
frappe,P3,missing,Next Week,La semaine prochaine,frappe/public/js/frappe/ui/filters/filter.js:691
frappe,P3,missing,Next Year,L'année prochaine,frappe/public/js/frappe/ui/filters/filter.js:707
frappe,P3,missing,Next actions,Actions suivantes,frappe/public/js/frappe/form/workflow.js:45
frappe,P3,missing,No,Non,frappe/public/js/frappe/ui/filters/filter.js:545
frappe,P3,missing,No,Non,frappe/public/js/frappe/ui/messages.js:37
frappe,P3,missing,No Data...,Aucune donnée...,frappe/public/js/frappe/widgets/quick_list_widget.js:134
frappe,P3,missing,No Email Accounts Assigned,Aucun compte de messagerie attribué,frappe/public/js/frappe/views/inbox/inbox_view.js:196
frappe,P3,missing,No Email field found in {0},Aucun champ E-mail trouvé dans {0},frappe/email/doctype/email_group/email_group.py:50
frappe,P3,missing,No Images,Aucune image,frappe/public/js/frappe/ui/capture.js:262
frappe,P3,missing,No Label,Aucune étiquette,frappe/public/js/form_builder/components/EditableInput.vue:11 frappe/public/js/form_builder/components/EditableInput.vue:14 frappe/public/js/form_builder/components/Field.vue:214 frappe/public/js/form_builder/components/controls/FetchFromControl.vue:55 frappe/public/js/print_format_builder/Field.vue:24 frappe/public/js/workflow_builder/components/ActionNode.vue:53 frappe/public/js/workflow_builder/components/StateNode.vue:47 frappe/public/js/workflow_builder/store.js:51
frappe,P3,missing,No Letterhead,Pas de papier à en-tête,frappe/printing/page/print/print.js:768 frappe/printing/page/print/print.js:849 frappe/public/js/frappe/list/bulk_operations.js:98 frappe/public/js/frappe/list/bulk_operations.js:170 frappe/utils/weasyprint.py:52
frappe,P3,missing,No New notifications,Aucune nouvelle notification,frappe/public/js/frappe/ui/notifications/notifications.js:346
frappe,P3,missing,No Preview,Aucun aperçu,frappe/printing/doctype/print_settings/print_settings.js:13
frappe,P3,missing,No Preview Available,Aucun aperçu disponible,frappe/printing/page/print/print.js:772
frappe,P3,missing,No Select Field Found,Aucun champ de sélection trouvé,frappe/public/js/frappe/views/kanban/kanban_view.js:358
frappe,P3,missing,No Upcoming Events,Aucun événement à venir,frappe/public/js/frappe/ui/notifications/notifications.js:473
frappe,P3,missing,No address added yet.,Aucune adresse ajoutée pour l'instant.,frappe/public/js/frappe/form/templates/address_list.html:43
frappe,P3,missing,No changes made,Aucune modification apportée,frappe/public/js/frappe/views/workspace/workspace.js:707
frappe,P3,missing,No changes made because old and new name are the same.,Aucune modification apportée car l'ancien et le nouveau nom sont identiques.,frappe/model/rename_doc.py:369
frappe,P3,missing,No changes to sync,Aucune modification à synchroniser,frappe/custom/doctype/doctype_layout/doctype_layout.js:59
frappe,P3,missing,No contacts added yet.,Aucun contact ajouté pour l'instant.,frappe/public/js/frappe/form/templates/contact_list.html:91
frappe,P3,missing,No currency fields in {0},Aucun champ de devise dans {0},frappe/website/doctype/web_form/web_form.js:180
frappe,P3,missing,"No fields found that can be used as a Kanban Column. Use the Customize Form to add a Custom Field of type ""Select"".",Aucun champ trouvé pouvant être utilisé comme colonne Kanban. Utilisez le formulaire de personnalisation pour ajouter un champ personnalisé de type « Sélectionner ».,frappe/public/js/frappe/views/kanban/kanban_view.js:385
frappe,P3,missing,No filters found,Aucun filtre trouvé,frappe/public/js/frappe/list/base_list.js:1076 frappe/public/js/frappe/list/list_sidebar_group_by.js:100
frappe,P3,missing,No filters selected,Aucun filtre sélectionné,frappe/public/js/frappe/ui/filters/filter_list.js:299
frappe,P3,missing,No records tagged.,Aucun enregistrement étiqueté.,frappe/public/js/frappe/list/list_sidebar_stat.html:11
frappe,P3,missing,No rows,Aucune ligne,frappe/public/js/frappe/form/grid.js:66
frappe,P3,missing,No rows selected,Aucune ligne sélectionnée,frappe/public/js/frappe/list/list_view.js:2376
frappe,P3,missing,No subject,Aucun sujet,frappe/email/doctype/notification/notification.py:137
frappe,P3,missing,No values to show,Aucune valeur à afficher,frappe/public/js/frappe/form/controls/multiselect_list.js:276
frappe,P3,missing,No {0},Non {0},frappe/website/web_template/discussions/discussions.html:2
frappe,P3,missing,No {0} found,Aucun {0} trouvé,frappe/public/js/frappe/web_form/web_form_list.js:234
frappe,P3,missing,No {0} found with matching filters. Clear filters to see all {0}.,Aucun {0} trouvé avec les filtres correspondants. Effacez les filtres pour voir tous les {0}.,frappe/public/js/frappe/list/list_view.js:500
frappe,P3,missing,Nomatim,Nomatime,frappe/integrations/doctype/geolocation_settings/geolocation_settings.json
frappe,P3,missing,Not Allowed: Disabled User,Non autorisé : utilisateur désactivé,frappe/templates/includes/login/login.js:259
frappe,P3,missing,Not Helpful,Pas utile,frappe/website/doctype/help_article/help_article.json
frappe,P3,missing,Not a valid user,Pas un utilisateur valide,frappe/templates/includes/login/login.js:255
frappe,P3,missing,Not active,Pas actif,frappe/workflow/doctype/workflow/workflow_list.js:7
frappe,P3,missing,Not allowed via controller permission check,Non autorisé via la vérification des autorisations du contrôleur,frappe/permissions.py:219
frappe,P3,missing,Not permitted. {0}.,Non autorisé. {0}.,frappe/public/js/frappe/file_uploader/FileUploader.vue:623
frappe,P3,missing,Note: Your request for account deletion will be fulfilled within {0} hours.,Remarque : Votre demande de suppression de compte sera traitée dans les {0} heures.,frappe/website/web_form/request_to_delete_data/request_to_delete_data.js:8
frappe,P3,missing,Nothing New,Rien de nouveau,frappe/public/js/frappe/ui/notifications/notifications.js:523
frappe,P3,missing,Notification sent to,Notification envoyée à,frappe/public/js/frappe/form/templates/timeline_message_box.html:8
frappe,P3,missing,Notification: customer {0} has no Mobile number set,Notification : le client {0} n'a pas de numéro de mobile défini,frappe/email/doctype/notification/notification.py:561
frappe,P3,missing,Notification: document {0} has no {1} number set (field: {2}),Notification : le document {0} n'a pas de numéro {1} (champ : {2}),frappe/email/doctype/notification/notification.py:547
frappe,P3,missing,Notification: user {0} has no Mobile number set,Notification : l'utilisateur {0} n'a pas de numéro de mobile défini,frappe/email/doctype/notification/notification.py:556
frappe,P3,missing,Notifications Disabled,Notifications désactivées,frappe/public/js/frappe/ui/notifications/notifications.js:330
frappe,P3,missing,OAuth,OAuth,frappe/email/doctype/email_account/email_account.json
frappe,P3,missing,OAuth Client,Client OAuth,frappe/integrations/doctype/oauth_client/oauth_client.json frappe/integrations/workspace/integrations/integrations.json
frappe,P3,missing,OAuth Client Role,Rôle du client OAuth,frappe/integrations/doctype/oauth_client_role/oauth_client_role.json
frappe,P3,missing,OAuth Error,Erreur OAuth,frappe/email/oauth.py:30
frappe,P3,missing,OAuth Scope,Portée OAuth,frappe/integrations/doctype/oauth_scope/oauth_scope.json
frappe,P3,missing,OAuth Settings,Paramètres OAuth,frappe/integrations/doctype/oauth_settings/oauth_settings.json
frappe,P3,missing,"OAuth has been enabled but not authorised. Please use ""Authorise API Access"" button to do the same.",OAuth a été activé mais pas autorisé. Veuillez utiliser le bouton « Autoriser l'accès à l'API » pour faire de même.,frappe/email/doctype/email_account/email_account.js:250
frappe,P3,missing,OR,OU,frappe/public/js/form_builder/components/Tabs.vue:190
frappe,P3,missing,OTP Secret Reset - {0},Réinitialisation du secret OTP - {0},frappe/twofactor.py:459
frappe,P3,missing,OTP setup using OTP App was not completed. Please contact Administrator.,La configuration d'OTP à l'aide de l'application OTP n'est pas terminée. Veuillez contacter l'administrateur.,frappe/templates/includes/login/login.js:355
frappe,P3,missing,Office 365,Bureau 365,frappe/integrations/doctype/social_login_key/social_login_key.json
frappe,P3,missing,Offset must be a non-negative integer,Le décalage doit être un entier non négatif,frappe/database/query.py:304
frappe,P3,missing,Old and new fieldnames are same.,Les anciens et les nouveaux noms de champs sont identiques.,frappe/custom/doctype/custom_field/custom_field.py:413
frappe,P3,missing,On Hold,En attente,frappe/website/doctype/personal_data_deletion_request/personal_data_deletion_request.json
frappe,P3,missing,"On checking this option, URL will be treated like a jinja template string","En cochant cette option, l'URL sera traitée comme une chaîne de modèle jinja",frappe/integrations/doctype/webhook/webhook.json
frappe,P3,missing,On or After,Le ou après,frappe/public/js/frappe/ui/filters/filter.js:66 frappe/public/js/frappe/ui/filters/filter.js:72
frappe,P3,missing,On or Before,Le ou avant,frappe/public/js/frappe/ui/filters/filter.js:65 frappe/public/js/frappe/ui/filters/filter.js:71
frappe,P3,missing,"On {0}, {1} wrote:","Le {0}, {1} a écrit :",frappe/public/js/frappe/views/communication.js:957
frappe,P3,missing,Onboarding Name,Nom d'intégration,frappe/public/js/frappe/widgets/widget_dialog.js:232
frappe,P3,missing,Onboarding complete,Intégration terminée,frappe/public/js/frappe/widgets/onboarding_widget.js:264
frappe,P3,missing,Only allowed to export customizations in developer mode,Autorisé uniquement à exporter des personnalisations en mode développeur,frappe/modules/utils.py:68
frappe,P3,missing,Only draft documents can be discarded,Seuls les projets de documents peuvent être rejetés,frappe/model/document.py:1288
frappe,P3,missing,Only the Administrator can delete a standard DocType.,Seul l'administrateur peut supprimer un DocType standard.,frappe/model/delete_doc.py:283
frappe,P3,missing,Only {0} emailed reports are allowed per user.,Seuls {0} rapports envoyés par courrier électronique sont autorisés par utilisateur.,frappe/email/doctype/auto_email_report/auto_email_report.py:108
frappe,P3,missing,Oops! Something went wrong.,Oups ! Quelque chose s'est mal passé.,frappe/templates/includes/login/login.js:291
frappe,P3,missing,Open Communication,Communication ouverte,frappe/public/js/frappe/form/templates/timeline_message_box.html:75 frappe/public/js/frappe/form/templates/timeline_message_box.html:96 frappe/public/js/frappe/form/templates/timeline_message_box.html:97
frappe,P3,missing,Open Source Applications for the Web,Applications open source pour le Web,frappe/public/js/frappe/ui/toolbar/about.js:11
frappe,P3,missing,Open console,Console ouverte,frappe/public/js/frappe/ui/keyboard.js:367
frappe,P3,missing,Open in a new tab,Ouvrir dans un nouvel onglet,frappe/public/js/print_format_builder/Preview.vue:17
frappe,P3,missing,Open in new tab,Ouvrir dans un nouvel onglet,frappe/public/js/frappe/ui/toolbar/awesome_bar.js:243
frappe,P3,missing,OpenID Configuration,Configuration OpenID,frappe/integrations/doctype/connected_app/connected_app.json
frappe,P3,missing,OpenID Configuration fetched successfully!,Configuration OpenID récupérée avec succès !,frappe/integrations/doctype/connected_app/connected_app.js:15
frappe,P3,missing,OpenLDAP,OuvertLDAP,frappe/integrations/doctype/ldap_settings/ldap_settings.json
frappe,P3,missing,Operator {0} requires exactly 2 arguments (left and right operands),L'opérateur {0} nécessite exactement 2 arguments (opérandes gauche et droit),frappe/database/query.py:2031
frappe,P3,missing,Option 1,Option 1,frappe/custom/doctype/custom_field/custom_field.js:100
frappe,P3,missing,Option 2,Option 2,frappe/custom/doctype/custom_field/custom_field.js:102
frappe,P3,missing,Option 3,Option 3,frappe/custom/doctype/custom_field/custom_field.js:104
frappe,P3,missing,Options is required for field {0} of type {1},Des options sont requises pour le champ {0} de type {1},frappe/public/js/form_builder/store.js:182
frappe,P3,missing,Order By must be a string,Order By doit être une chaîne,frappe/database/query.py:1216
frappe,P3,missing,Orientation,Orientation,frappe/public/js/frappe/form/print_utils.js:21
frappe,P3,missing,Outgoing,Sortant,frappe/email/doctype/email_account/email_account.json
frappe,P3,missing,Outgoing (SMTP) Settings,Paramètres sortants (SMTP),frappe/email/doctype/email_account/email_account.json
frappe,P3,missing,Outlook.com,Outlook.com,frappe/email/doctype/email_account/email_account.json
frappe,P3,missing,Overview,Aperçu,frappe/public/js/frappe/form/templates/form_dashboard.html:5
frappe,P3,missing,PDF,PDF,frappe/email/doctype/auto_email_report/auto_email_report.json frappe/printing/page/print/print.js:85 frappe/public/js/frappe/form/templates/print_layout.html:44 frappe/public/js/frappe/views/reports/query_report.js:1834
frappe,P3,missing,PDF Generation in Progress,Génération PDF en cours,frappe/utils/print_format.py:147 frappe/utils/print_format.py:191
frappe,P3,missing,PDF Generator,Générateur de PDF,frappe/printing/doctype/print_format/print_format.json
frappe,P3,missing,PDF Page Height (in mm),Hauteur de la page PDF (en mm),frappe/printing/doctype/print_settings/print_settings.json
frappe,P3,missing,PDF Page Width (in mm),Largeur de la page PDF (en mm),frappe/printing/doctype/print_settings/print_settings.json
frappe,P3,missing,PDF generation may not work as expected.,La génération PDF peut ne pas fonctionner comme prévu.,frappe/printing/page/print/print.js:675
frappe,P3,missing,"PDF printing via ""Raw Print"" is not supported.","L'impression PDF via ""Raw Print"" n'est pas prise en charge.",frappe/printing/page/print/print.js:593
frappe,P3,missing,Page Break,Saut de page,frappe/public/js/print_format_builder/PrintFormatSection.vue:63 frappe/website/doctype/web_form_field/web_form_field.json
frappe,P3,missing,Page Height (in mm),Hauteur de la page (en mm),frappe/public/js/frappe/list/bulk_operations.js:73
frappe,P3,missing,Page Margins,Marges des pages,frappe/public/js/print_format_builder/PrintFormatControls.vue:5
frappe,P3,missing,Page Number,Numéro de page,frappe/printing/doctype/print_format/print_format.json frappe/public/js/print_format_builder/PrintFormatControls.vue:63
frappe,P3,missing,Page Size,Taille des pages,frappe/public/js/frappe/list/bulk_operations.js:66
frappe,P3,missing,Page Title,Titre de la page,frappe/website/doctype/about_us_settings/about_us_settings.json
frappe,P3,missing,Page Width (in mm),Largeur de page (en mm),frappe/public/js/frappe/list/bulk_operations.js:80
frappe,P3,missing,Page height and width cannot be zero,La hauteur et la largeur de la page ne peuvent pas être nulles,frappe/printing/doctype/print_settings/print_settings.py:70 frappe/public/js/frappe/list/bulk_operations.js:106
frappe,P3,missing,"Page to show on the website
",Page à afficher sur le site Web,frappe/website/doctype/web_page/web_page.json
frappe,P3,missing,Page {0} of {1},Page {0} de {1},frappe/public/html/print_template.html:25 frappe/public/js/frappe/views/reports/print_tree.html:89 frappe/public/js/frappe/web_form/web_form.js:288 frappe/templates/print_formats/standard.html:34
frappe,P3,missing,Parent,Mère,frappe/public/js/frappe/model/model.js:142 frappe/public/js/frappe/views/workspace/workspace.js:448
frappe,P3,missing,Parent-to-child or child-to-different-child grouping is not allowed.,Les regroupements parent-enfant ou enfant-enfant différent ne sont pas autorisés.,frappe/public/js/frappe/ui/group_by/group_by.js:253
frappe,P3,missing,Parentfield not specified in {0}: {1},Champ parent non spécifié dans {0} : {1},frappe/permissions.py:835
frappe,P3,missing,"Parenttype, Parent and Parentfield are required to insert a child record","Parenttype, Parent et Parentfield sont requis pour insérer un enregistrement enfant",frappe/client.py:470
frappe,P3,missing,Partial,Partiel,frappe/website/doctype/personal_data_deletion_step/personal_data_deletion_step.json
frappe,P3,missing,Partially Sent,Partiellement envoyé,frappe/email/doctype/email_queue/email_queue.json
frappe,P3,missing,Password cannot be filtered,Le mot de passe ne peut pas être filtré,frappe/public/js/frappe/form/grid_row.js:896
frappe,P3,missing,Password is valid. 👍,Le mot de passe est valide. 👍,frappe/www/update-password.html:94
frappe,P3,missing,Password missing in Email Account,Mot de passe manquant dans le compte de messagerie,frappe/public/js/frappe/desk.js:212
frappe,P3,missing,Password not found for {0} {1} {2},Mot de passe introuvable pour {0} {1} {2},frappe/utils/password.py:47
frappe,P3,missing,Password set,Mot de passe défini,frappe/www/update-password.html:191
frappe,P3,missing,Password size exceeded the maximum allowed size,La taille du mot de passe dépasse la taille maximale autorisée,frappe/auth.py:264
frappe,P3,missing,Passwords do not match,Les mots de passe ne correspondent pas,frappe/www/update-password.html:93
frappe,P3,missing,Patch type {} not found in patches.txt,Le type de correctif {} est introuvable dans patches.txt,frappe/modules/patch_handler.py:136
frappe,P3,missing,Path {0} is not within module {1},Le chemin {0} ne se trouve pas dans le module {1},frappe/modules/utils.py:209
frappe,P3,missing,Path {0} it not a valid path,Le chemin {0} n'est pas un chemin valide,frappe/website/path_resolver.py:230
frappe,P3,missing,Period,Période,frappe/email/doctype/auto_email_report/auto_email_report.json
frappe,P3,missing,Permanent,Permanent,frappe/contacts/doctype/address/address.json
frappe,P3,missing,Permanently Discard {0}?,Jeter définitivement {0} ?,frappe/public/js/frappe/form/form.js:1077
frappe,P3,missing,Permitted Roles,Rôles autorisés,frappe/workflow/doctype/workflow_action/workflow_action.json
frappe,P3,missing,Personal Data Deletion Step,Étape de suppression des données personnelles,frappe/website/doctype/personal_data_deletion_step/personal_data_deletion_step.json
frappe,P3,missing,Phone Number {0} set in field {1} is not valid.,Le numéro de téléphone {0} défini dans le champ {1} n'est pas valide.,frappe/utils/__init__.py:124
frappe,P3,missing,Plain Text,Texte brut,frappe/email/doctype/notification/notification.json
frappe,P3,missing,Please Authorize OAuth for Email Account {0},Veuillez autoriser OAuth pour le compte de messagerie {0},frappe/email/doctype/email_account/email_account.py:544
frappe,P3,missing,Please Authorize OAuth for Email Account {},Veuillez autoriser OAuth pour le compte de messagerie {},frappe/email/oauth.py:29
frappe,P3,missing,Please attach an image file to set HTML for Footer.,Veuillez joindre un fichier image pour définir le HTML pour le pied de page.,frappe/printing/doctype/letter_head/letter_head.py:82
frappe,P3,missing,Please attach an image file to set HTML for Letter Head.,Veuillez joindre un fichier image pour définir le code HTML pour l'en-tête de lettre.,frappe/printing/doctype/letter_head/letter_head.py:70
frappe,P3,missing,Please check your email login credentials.,Veuillez vérifier vos identifiants de connexion par courrier électronique.,frappe/email/smtp.py:134
frappe,P3,missing,Please click on the following link and follow the instructions on the page. {0},Veuillez cliquer sur le lien suivant et suivre les instructions sur la page. {0},frappe/twofactor.py:286
frappe,P3,missing,Please contact your system manager to install correct version.,Veuillez contacter votre gestionnaire système pour installer la version correcte.,frappe/printing/page/print/print.js:677
frappe,P3,missing,Please enable {} before continuing.,Veuillez activer {} avant de continuer.,frappe/integrations/google_oauth.py:55
frappe,P3,missing,Please enter OpenID Configuration URL,Veuillez saisir l'URL de configuration OpenID,frappe/integrations/doctype/connected_app/connected_app.py:54
frappe,P3,missing,Please enter a valid email address.,"S'il vous plaît, mettez une adresse email valide.",frappe/templates/includes/comments/comments.html:163
frappe,P3,missing,Please enter both your email and message so that we can get back to you. Thanks!,Veuillez saisir votre email et votre message afin que nous puissions vous répondre. Merci!,frappe/templates/includes/contact.js:15
frappe,P3,missing,Please enter the password for: <b>{0}</b>,Veuillez saisir le mot de passe pour : <b>{0}</b>,frappe/public/js/frappe/desk.js:217
frappe,P3,missing,Please enter your new password.,Veuillez saisir votre nouveau mot de passe.,frappe/www/update-password.html:142
frappe,P3,missing,Please enter your old password.,Veuillez saisir votre ancien mot de passe.,frappe/www/update-password.html:135
frappe,P3,missing,Please login to post a comment.,Veuillez vous connecter pour poster un commentaire.,frappe/templates/includes/comments/comments.py:42 frappe/templates/includes/comments/comments.py:45
frappe,P3,missing,Please remove the printer mapping in Printer Settings and try again.,Veuillez supprimer le mappage de l'imprimante dans les paramètres de l'imprimante et réessayer.,frappe/printing/page/print/print.js:594
frappe,P3,missing,Please save the form before previewing the message,Veuillez enregistrer le formulaire avant de prévisualiser le message,frappe/automation/doctype/auto_repeat/auto_repeat.js:89
frappe,P3,missing,Please select X and Y fields,Veuillez sélectionner les champs X et Y,frappe/public/js/frappe/views/reports/query_report.js:1215
frappe,P3,missing,Please select a DocType in options before setting filters,Veuillez sélectionner un DocType dans les options avant de définir des filtres,frappe/public/js/form_builder/components/Field.vue:158
frappe,P3,missing,Please select a file first.,Veuillez d'abord sélectionner un fichier.,frappe/public/js/frappe/file_uploader/FileUploader.vue:527
frappe,P3,missing,Please select the LDAP Directory being used,Veuillez sélectionner l'annuaire LDAP utilisé,frappe/integrations/doctype/ldap_settings/ldap_settings.json
frappe,P3,missing,Please select {0},Veuillez sélectionner {0},frappe/website/doctype/website_settings/website_settings.js:100
frappe,P3,missing,Please set filters,Veuillez définir des filtres,frappe/public/js/frappe/views/reports/query_report.js:1438
frappe,P3,missing,Please set the document name,Veuillez définir le nom du document,frappe/model/naming.py:580
frappe,P3,missing,Please setup default outgoing Email Account from Tools > Email Account,Veuillez configurer un compte de messagerie sortant par défaut depuis Outils > Compte de messagerie.,frappe/email/doctype/email_account/email_account.py:432
frappe,P3,missing,Please specify,Veuillez préciser,frappe/public/js/frappe/model/model.js:774
frappe,P3,missing,Please specify a valid parent DocType for {0},Veuillez spécifier un DocType parent valide pour {0},frappe/permissions.py:809
frappe,P3,missing,Please specify at least 10 minutes due to the trigger cadence of the scheduler,Veuillez préciser au moins 10 minutes en raison de la cadence de déclenchement du planificateur,frappe/email/doctype/notification/notification.py:165
frappe,P3,missing,Please specify the field from which to attach files,Veuillez préciser le champ à partir duquel joindre les fichiers,frappe/email/doctype/notification/notification.py:172
frappe,P3,missing,Please specify the minutes offset,Merci de préciser le décalage des minutes,frappe/email/doctype/notification/notification.py:162
frappe,P3,missing,Please specify which datetime field must be checked,Veuillez préciser quel champ datetime doit être vérifié,frappe/email/doctype/notification/notification.py:160
frappe,P3,missing,Please update {} before continuing.,Veuillez mettre à jour {} avant de continuer.,frappe/integrations/google_oauth.py:58
frappe,P3,missing,Please use a valid LDAP search filter,Veuillez utiliser un filtre de recherche LDAP valide,frappe/integrations/doctype/ldap_settings/ldap_settings.py:335
frappe,P3,missing,Please use following links to download file backup.,Veuillez utiliser les liens suivants pour télécharger la sauvegarde des fichiers.,frappe/templates/emails/file_backup_notification.html:4
frappe,P3,missing,Please visit https://frappecloud.com/docs/sites/migrate-an-existing-site#encryption-key for more information.,Veuillez visiter https://frappecloud.com/docs/sites/migrate-an-existing-site#encryption-key pour plus d'informations.,frappe/utils/password.py:217
frappe,P3,missing,Policy URI,URI de la stratégie,frappe/integrations/doctype/oauth_client/oauth_client.json
frappe,P3,missing,Port,Port,frappe/email/doctype/email_account/email_account.json frappe/email/doctype/email_domain/email_domain.json frappe/printing/doctype/network_printer_settings/network_printer_settings.json
frappe,P3,missing,Portal,Portail,frappe/www/me.html:81
frappe,P3,missing,Portrait,Portrait,frappe/public/js/frappe/form/print_utils.js:24
frappe,P3,missing,"Post it here, our mentors will help you out.","Postez-le ici, nos mentors vous aideront.",frappe/templates/discussions/reply_section.html:40
frappe,P3,missing,Postal,Postal,frappe/contacts/doctype/address/address.json
frappe,P3,missing,Postal Code,Code Postal,frappe/contacts/doctype/address/address.json frappe/contacts/report/addresses_and_contacts/addresses_and_contacts.py:41
frappe,P3,missing,Prepend the template to the email message,Ajoutez le modèle au début du message électronique,frappe/public/js/frappe/views/communication.js:425
frappe,P3,missing,Press Alt Key to trigger additional shortcuts in Menu and Sidebar,Appuyez sur la touche Alt pour déclencher des raccourcis supplémentaires dans le menu et la barre latérale,frappe/public/js/frappe/ui/keyboard.js:139
frappe,P3,missing,Preview Mode,Mode Aperçu,frappe/public/js/form_builder/form_builder.bundle.js:83
frappe,P3,missing,Preview on {0},Aperçu le {0},frappe/public/js/frappe/views/render_preview.js:19
frappe,P3,missing,Preview type,Type d'aperçu,frappe/public/js/print_format_builder/Preview.vue:103
frappe,P3,missing,Preview:,Aperçu :,frappe/email/doctype/email_group/email_group.js:81
frappe,P3,missing,Previous Document,Document précédent,frappe/public/js/frappe/form/toolbar.js:328
frappe,P3,missing,Previous Submission,Soumission précédente,frappe/public/js/frappe/form/form.js:2232
frappe,P3,missing,Primary Contact,Contact principal,frappe/public/js/frappe/form/templates/contact_list.html:23
frappe,P3,missing,Primary Email,E-mail principal,frappe/public/js/frappe/form/templates/contact_list.html:69
frappe,P3,missing,Primary Mobile,Mobile principal,frappe/public/js/frappe/form/templates/contact_list.html:49
frappe,P3,missing,Primary Phone,Téléphone principal,frappe/public/js/frappe/form/templates/contact_list.html:41
frappe,P3,missing,Primary key of doctype {0} can not be changed as there are existing values.,La clé primaire du doctype {0} ne peut pas être modifiée car il existe des valeurs existantes.,frappe/database/mariadb/schema.py:156 frappe/database/postgres/schema.py:202 frappe/database/sqlite/schema.py:141
frappe,P3,missing,Print,Imprimer,frappe/public/js/frappe/list/list_view.js:2243
frappe,P3,missing,Print Format Builder,Générateur de formats d'impression,frappe/printing/doctype/print_format/print_format.json frappe/printing/page/print_format_builder/print_format_builder.js:44 frappe/printing/page/print_format_builder/print_format_builder.js:67 frappe/printing/page/print_format_builder_beta/print_format_builder_beta.js:4
frappe,P3,missing,Print Format Builder Beta,Version bêta du générateur de format d'impression,frappe/printing/doctype/print_format/print_format.json
frappe,P3,missing,Print Format Error,Erreur de format d'impression,frappe/utils/pdf.py:64
frappe,P3,missing,Print Format Field Template,Modèle de champ de format d'impression,frappe/printing/doctype/print_format_field_template/print_format_field_template.json
frappe,P3,missing,Print Format For,Format d'impression pour,frappe/printing/doctype/print_format/print_format.json
frappe,P3,missing,Print Format not found,Format d'impression introuvable,frappe/public/js/frappe/views/reports/query_report.js:1608
frappe,P3,missing,Print Heading,Imprimer le titre,frappe/printing/doctype/print_heading/print_heading.json
frappe,P3,missing,Print Style,Style d'impression,frappe/printing/doctype/print_settings/print_settings.json frappe/printing/doctype/print_style/print_style.json
frappe,P3,missing,Print document,Imprimer le document,frappe/public/js/frappe/form/form.js:171
frappe,P3,missing,Printer mapping not set.,Le mappage de l'imprimante n'est pas défini.,frappe/printing/page/print/print.js:607
frappe,P3,missing,Private Files Backup:,Sauvegarde de fichiers privés :,frappe/templates/emails/file_backup_notification.html:6
frappe,P3,missing,Progress,Progrès,frappe/public/js/frappe/socketio_client.js:82
frappe,P3,missing,Project,Projet,frappe/public/js/frappe/views/kanban/kanban_view.js:422
frappe,P3,missing,Property Setter overrides a standard DocType or Field property,Property Setter remplace une propriété DocType ou Field standard,frappe/custom/doctype/property_setter/property_setter.json
frappe,P3,missing,Public Files Backup:,Sauvegarde des fichiers publics :,frappe/templates/emails/file_backup_notification.html:5
frappe,P3,missing,Published Web Forms,Formulaires Web publiés,frappe/website/workspace/website/website.json
frappe,P3,missing,Published Web Pages,Pages Web publiées,frappe/website/workspace/website/website.json
frappe,P3,missing,Publishing Dates,Dates de publication,frappe/website/doctype/web_page/web_page.json
frappe,P3,missing,Pull Emails,Extraire des e-mails,frappe/email/doctype/email_account/email_account.js:208
frappe,P3,missing,Pulling emails...,Extraire des e-mails...,frappe/email/doctype/email_account/email_account.js:209
frappe,P3,missing,Purchase Manager,Responsable des achats,frappe/contacts/doctype/contact/contact.json
frappe,P3,missing,Purchase Master Manager,Gestionnaire principal des achats,frappe/contacts/doctype/contact/contact.json
frappe,P3,missing,Purchase User,Acheter un utilisateur,frappe/contacts/doctype/address/address.json frappe/contacts/doctype/contact/contact.json frappe/geo/doctype/currency/currency.json
frappe,P3,missing,Push Notification Settings,Paramètres de notification push,frappe/integrations/doctype/push_notification_settings/push_notification_settings.json frappe/integrations/workspace/integrations/integrations.json
frappe,P3,missing,Push Notifications,Notifications poussées,frappe/integrations/workspace/integrations/integrations.json
frappe,P3,missing,Push to Google Contacts,Envoyer aux contacts Google,frappe/integrations/doctype/google_contacts/google_contacts.json
frappe,P3,missing,Put on Hold,Mettre en attente,frappe/website/doctype/personal_data_deletion_request/personal_data_deletion_request.js:23
frappe,P3,missing,QR Code,Code QR,frappe/www/qrcode.html:3
frappe,P3,missing,QZ Tray Failed:,Échec du plateau QZ :,frappe/public/js/frappe/form/print_utils.js:234
frappe,P3,missing,Query Parameters,Paramètres de requête,frappe/integrations/doctype/connected_app/connected_app.json frappe/integrations/doctype/query_parameters/query_parameters.json
frappe,P3,missing,Query must be of SELECT or read-only WITH type.,La requête doit être de type SELECT ou WITH en lecture seule.,frappe/utils/safe_exec.py:497
frappe,P3,missing,Queue Overloaded,File d'attente surchargée,frappe/utils/background_jobs.py:738
frappe,P3,missing,Quoting must be between 0 and 3,La citation doit être comprise entre 0 et 3,frappe/public/js/frappe/views/reports/report_utils.js:314
frappe,P3,missing,Range,Gamme,frappe/website/report/website_analytics/website_analytics.js:20
frappe,P3,missing,Raw Printing Setting,Paramètres d'impression brute,frappe/printing/page/print/print.js:179
frappe,P3,missing,Raw Printing Settings,Paramètres d'impression brute,frappe/public/js/frappe/form/templates/print_layout.html:37
frappe,P3,missing,Re:,Concernant:,frappe/email/doctype/email_account/email_account.py:726
frappe,P3,missing,Read Only Mode,Mode lecture seule,frappe/public/js/frappe/ui/toolbar/navbar.html:18 frappe/templates/includes/navbar/navbar_items.html:97
frappe,P3,missing,Read the documentation to know more,Lisez la documentation pour en savoir plus,frappe/utils/safe_exec.py:99
frappe,P3,missing,Reason,Raison,frappe/email/doctype/unhandled_email/unhandled_email.json
frappe,P3,missing,Rebuild Tree,Reconstruire l'arbre,frappe/public/js/frappe/views/treeview.js:511
frappe,P3,missing,Rebuilding of tree is not supported for {},La reconstruction de l'arborescence n'est pas prise en charge pour {},frappe/utils/nestedset.py:177
frappe,P3,missing,Received an invalid token type.,Reçu un type de jeton non valide.,frappe/integrations/doctype/token_cache/token_cache.py:49
frappe,P3,missing,Recents,Récents,frappe/public/js/frappe/ui/toolbar/search_utils.js:576
frappe,P3,missing,Redirect HTTP Status,Redirection du statut HTTP,frappe/website/doctype/website_route_redirect/website_route_redirect.json
frappe,P3,missing,Redirect URI,URI de redirection,frappe/integrations/doctype/connected_app/connected_app.json
frappe,P3,missing,Redirect to this URL after successful confirmation.,Redirigez vers cette URL après une confirmation réussie.,frappe/email/doctype/email_group/email_group.json
frappe,P3,missing,Redirects,Redirections,frappe/website/doctype/website_settings/website_settings.json
frappe,P3,missing,Reference Date,Date de référence,frappe/email/doctype/notification/notification.json
frappe,P3,missing,Reference Datetime,Dateheure de référence,frappe/email/doctype/notification/notification.json
frappe,P3,missing,Refresh,Rafraîchir,frappe/printing/page/print/print.js:87 frappe/public/js/frappe/desk.js:168 frappe/public/js/frappe/desk.js:552 frappe/public/js/frappe/form/form.js:1213 frappe/public/js/frappe/form/templates/print_layout.html:6 frappe/public/js/frappe/list/base_list.js:67 frappe/public/js/frappe/views/reports/query_report.js:1808 frappe/public/js/frappe/views/treeview.js:498 frappe/public/js/frappe/widgets/chart_widget.js:291 frappe/public/js/frappe/widgets/number_card_widget.js:352 frappe/public/js/print_format_builder/Preview.vue:24
frappe,P3,missing,Refresh Print Preview,Actualiser l'aperçu avant impression,frappe/printing/page/print/print.js:390
frappe,P3,missing,Refreshing,Rafraîchissant,frappe/public/js/frappe/list/list_view.js:537
frappe,P3,missing,Relay Server URL missing,URL du serveur relais manquante,frappe/integrations/doctype/push_notification_settings/push_notification_settings.py:30
frappe,P3,missing,Relay Settings,Paramètres du relais,frappe/integrations/doctype/push_notification_settings/push_notification_settings.json
frappe,P3,missing,Reload List,Recharger la liste,frappe/public/js/frappe/list/base_list.js:249
frappe,P3,missing,Reload Report,Recharger le rapport,frappe/public/js/frappe/views/reports/query_report.js:100
frappe,P3,missing,Remind At,Rappeler à,frappe/automation/doctype/reminder/reminder.json frappe/public/js/frappe/form/reminders.js:33
frappe,P3,missing,Reminder cannot be created in past.,Le rappel ne peut pas être créé dans le passé.,frappe/automation/doctype/reminder/reminder.py:39
frappe,P3,missing,Reminder set at {0},Rappel défini à {0},frappe/public/js/frappe/form/reminders.js:96
frappe,P3,missing,Remove,Retirer,frappe/public/js/frappe/form/templates/form_sidebar.html:14 frappe/public/js/frappe/ui/filters/edit_filter.html:4 frappe/public/js/frappe/ui/group_by/group_by.html:4
frappe,P3,missing,Remove all fields in the column,Supprimer tous les champs de la colonne,frappe/public/js/form_builder/components/Section.vue:286
frappe,P3,missing,Remove column,Supprimer la colonne,frappe/public/js/form_builder/components/Section.vue:278 frappe/public/js/frappe/utils/datatable.js:9 frappe/public/js/print_format_builder/PrintFormatSection.vue:120
frappe,P3,missing,Remove field,Supprimer le champ,frappe/public/js/form_builder/components/Field.vue:265
frappe,P3,missing,Remove last column,Supprimer la dernière colonne,frappe/public/js/form_builder/components/Section.vue:279
frappe,P3,missing,Remove page break,Supprimer le saut de page,frappe/public/js/print_format_builder/PrintFormatSection.vue:130
frappe,P3,missing,Remove section,Supprimer la section,frappe/public/js/form_builder/components/Section.vue:266 frappe/public/js/print_format_builder/PrintFormatSection.vue:135
frappe,P3,missing,Remove tab,Supprimer l'onglet,frappe/public/js/form_builder/components/Tabs.vue:140
frappe,P3,missing,Rename,Rebaptiser,frappe/custom/doctype/custom_field/custom_field.js:138 frappe/public/js/frappe/form/toolbar.js:265 frappe/public/js/frappe/form/toolbar.js:269 frappe/public/js/frappe/form/toolbar.js:468 frappe/public/js/frappe/model/model.js:723 frappe/public/js/frappe/views/treeview.js:311
frappe,P3,missing,Rename Fieldname,Renommer le nom du champ,frappe/custom/doctype/custom_field/custom_field.js:117 frappe/custom/doctype/custom_field/custom_field.js:137
frappe,P3,missing,Render labels to the left and values to the right in this section,Afficher les étiquettes à gauche et les valeurs à droite dans cette section,frappe/public/js/print_format_builder/PrintFormatSection.vue:17
frappe,P3,missing,Repeat Header and Footer,Répéter l'en-tête et le pied de page,frappe/printing/doctype/print_settings/print_settings.json
frappe,P3,missing,Repeat on Days,Répéter les jours,frappe/automation/doctype/auto_repeat/auto_repeat.json
frappe,P3,missing,Report View,Vue du rapport,frappe/public/js/frappe/list/base_list.js:204
frappe,P3,missing,Report bug,Signaler un bug,frappe/public/js/frappe/form/templates/form_sidebar.html:44
frappe,P3,missing,"Report initiated, click to view status","Rapport lancé, cliquez pour afficher l'état",frappe/public/js/frappe/views/reports/query_report.js:1024
frappe,P3,missing,Report limit reached,Limite de rapports atteinte,frappe/email/doctype/auto_email_report/auto_email_report.py:110
frappe,P3,missing,Represents the states allowed in one document and role assigned to change the state.,Représente les états autorisés dans un document et le rôle attribué pour modifier l'état.,frappe/workflow/doctype/workflow_document_state/workflow_document_state.json
frappe,P3,missing,Request Body,Corps de la demande,frappe/integrations/doctype/webhook/webhook.js:101
frappe,P3,missing,Request Description,Description de la demande,frappe/integrations/doctype/integration_request/integration_request.json
frappe,P3,missing,Request ID,Numéro de demande,frappe/integrations/doctype/integration_request/integration_request.json
frappe,P3,missing,Request Method,Méthode de demande,frappe/integrations/doctype/webhook/webhook.json
frappe,P3,missing,Request Timeout,Délai d'expiration de la demande,frappe/integrations/doctype/webhook/webhook.json frappe/public/js/frappe/request.js:244
frappe,P3,missing,Request for Account Deletion,Demande de suppression de compte,frappe/website/web_form/request_to_delete_data/request_to_delete_data.json
frappe,P3,missing,"Requires any valid fdn path. i.e. ou=groups,dc=example,dc=com","Nécessite n’importe quel chemin fdn valide. c'est-à-dire ou=groups,dc=example,dc=com",frappe/integrations/doctype/ldap_settings/ldap_settings.json
frappe,P3,missing,"Requires any valid fdn path. i.e. ou=users,dc=example,dc=com","Nécessite n’importe quel chemin fdn valide. c'est-à-dire ou=users,dc=example,dc=com",frappe/integrations/doctype/ldap_settings/ldap_settings.json
frappe,P3,missing,Reset All Customizations,Réinitialiser toutes les personnalisations,frappe/custom/doctype/customize_form/customize_form.js:136
frappe,P3,missing,Reset Changes,Réinitialiser les modifications,frappe/public/js/print_format_builder/print_format_builder.bundle.js:21 frappe/public/js/workflow_builder/workflow_builder.bundle.js:37
frappe,P3,missing,Reset Dashboard Customizations,Réinitialiser les personnalisations du tableau de bord,frappe/public/js/frappe/views/dashboard/dashboard_view.js:39
frappe,P3,missing,Reset Layout,Réinitialiser la mise en page,frappe/custom/doctype/customize_form/customize_form.js:128
frappe,P3,missing,Reset To Default,Réinitialiser aux valeurs par défaut,frappe/public/js/form_builder/components/Field.vue:111
frappe,P3,missing,Reset sorting,Réinitialiser le tri,frappe/public/js/frappe/utils/datatable.js:8
frappe,P3,missing,Reset to default,Réinitialiser aux valeurs par défaut,frappe/public/js/frappe/form/grid_row.js:433
frappe,P3,missing,Resource,Ressource,frappe/integrations/doctype/oauth_settings/oauth_settings.json
frappe,P3,missing,Resource Documentation,Documentation des ressources,frappe/integrations/doctype/oauth_settings/oauth_settings.json
frappe,P3,missing,Resource Name,Nom de la ressource,frappe/integrations/doctype/oauth_settings/oauth_settings.json
frappe,P3,missing,Resource Policy URI,URI de la stratégie de ressources,frappe/integrations/doctype/oauth_settings/oauth_settings.json
frappe,P3,missing,Resource TOS URI,URI TOS de la ressource,frappe/integrations/doctype/oauth_settings/oauth_settings.json
frappe,P3,missing,Response Headers,En-têtes de réponse,frappe/integrations/doctype/integration_request/integration_request.json
frappe,P3,missing,Rest of the day,Reste de la journée,frappe/public/js/frappe/ui/notifications/notifications.js:445
frappe,P3,missing,Restrictions,Restrictions,frappe/public/js/frappe/list/list_view.js:199
frappe,P3,missing,Result,Résultat,frappe/public/js/frappe/ui/toolbar/awesome_bar.js:455 frappe/public/js/frappe/ui/toolbar/awesome_bar.js:470
frappe,P3,missing,Retry Sending,Réessayer l'envoi,frappe/email/doctype/email_queue/email_queue_list.js:47
frappe,P3,missing,Revocation URI,URI de révocation,frappe/integrations/doctype/connected_app/connected_app.json
frappe,P3,missing,Rich Text,Texte enrichi,frappe/website/doctype/web_page/web_page.js:92 frappe/website/doctype/web_page/web_page.json
frappe,P3,missing,Round Robin,Tournoi à la ronde,frappe/automation/doctype/assignment_rule/assignment_rule.json
frappe,P3,missing,Route Redirects,Redirections d'itinéraire,frappe/website/doctype/website_settings/website_settings.json
frappe,P3,missing,"Rule for this doctype, role, permlevel and if-owner combination already exists.","La règle pour cette combinaison doctype, rôle, permlevel et if-owner existe déjà.",frappe/permissions.py:681
frappe,P3,missing,SMS was not sent. Please contact Administrator.,Le SMS n'a pas été envoyé. Veuillez contacter l'administrateur.,frappe/templates/includes/login/login.js:369
frappe,P3,missing,SMTP Server is required,Le serveur SMTP est requis,frappe/email/doctype/email_account/email_account.py:212
frappe,P3,missing,SQL functions are not allowed as strings in SELECT: {0}. Use dict syntax like {{'COUNT': '*'}} instead.,Les fonctions SQL ne sont pas autorisées en tant que chaînes dans SELECT : {0}. Utilisez plutôt une syntaxe dict comme {{'COUNT': '*'}}.,frappe/database/query.py:1876
frappe,P3,missing,SWATCHES,MONTRES,frappe/public/js/frappe/color_picker/color_picker.js:20
frappe,P3,missing,Sales Manager,Directeur des ventes,frappe/contacts/doctype/contact/contact.json
frappe,P3,missing,Sales Master Manager,Responsable principal des ventes,frappe/contacts/doctype/contact/contact.json
frappe,P3,missing,Sales User,Utilisateur commercial,frappe/contacts/doctype/address/address.json frappe/contacts/doctype/contact/contact.json frappe/geo/doctype/currency/currency.json
frappe,P3,missing,Salesforce,Force de vente,frappe/integrations/doctype/social_login_key/social_login_key.json
frappe,P3,missing,Save Customizations,Enregistrer les personnalisations,frappe/public/js/frappe/views/dashboard/dashboard_view.js:63
frappe,P3,missing,Save the document.,Enregistrez le document.,frappe/public/js/frappe/form/form_tour.js:295
frappe,P3,missing,Saved Filters,Filtres enregistrés,frappe/public/js/frappe/list/list_filter.js:20
frappe,P3,missing,Saving Changes...,Enregistrement des modifications...,frappe/public/js/frappe/list/list_view.js:2009
frappe,P3,missing,Saving Customization...,Enregistrement de la personnalisation...,frappe/custom/doctype/customize_form/customize_form.js:411
frappe,P3,missing,Saving Sidebar,Sauvegarde de la barre latérale,frappe/public/js/frappe/ui/sidebar/sidebar_editor.js:58
frappe,P3,missing,Scan QRCode,Scanner le code QR,frappe/public/js/frappe/scanner/index.js:72
frappe,P3,missing,Schedule,Calendrier,frappe/automation/doctype/auto_repeat/auto_repeat.json
frappe,P3,missing,Schedule Send At,Programmer l'envoi à,frappe/public/js/frappe/views/communication.js:88
frappe,P3,missing,Scheduler can not be re-enabled when maintenance mode is active.,Le planificateur ne peut pas être réactivé lorsque le mode maintenance est actif.,frappe/utils/scheduler.py:247
frappe,P3,missing,Scope,Portée,frappe/integrations/doctype/oauth_scope/oauth_scope.json
frappe,P3,missing,Scopes,Portées,frappe/integrations/doctype/connected_app/connected_app.json frappe/integrations/doctype/oauth_authorization_code/oauth_authorization_code.json frappe/integrations/doctype/oauth_bearer_token/oauth_bearer_token.json frappe/integrations/doctype/oauth_client/oauth_client.json frappe/integrations/doctype/token_cache/token_cache.json
frappe,P3,missing,Scopes Supported,Portées prises en charge,frappe/integrations/doctype/oauth_settings/oauth_settings.json
frappe,P3,missing,Script to attach to all web pages.,Script à joindre à toutes les pages Web.,frappe/website/doctype/website_script/website_script.json
frappe,P3,missing,Scripting / Style,Scénario / Style,frappe/website/doctype/web_form/web_form.json
frappe,P3,missing,Scripts,Scripts,frappe/printing/doctype/letter_head/letter_head.json
frappe,P3,missing,Search Results,Résultats de la recherche,frappe/public/js/frappe/file_uploader/FileBrowser.vue:132
frappe,P3,missing,Search by filename or extension,Rechercher par nom de fichier ou extension,frappe/public/js/frappe/file_uploader/FileBrowser.vue:13
frappe,P3,missing,Search fields,Champs de recherche,frappe/public/js/print_format_builder/PrintFormatControls.vue:87
frappe,P3,missing,Search fieldtypes...,Rechercher des types de champs...,frappe/public/js/form_builder/components/AddFieldButton.vue:19
frappe,P3,missing,Search for {0},Rechercher {0},frappe/public/js/frappe/ui/toolbar/awesome_bar.js:367 frappe/public/js/frappe/ui/toolbar/awesome_bar.js:374
frappe,P3,missing,Search properties...,Rechercher des propriétés...,frappe/public/js/form_builder/components/SearchBox.vue:8
frappe,P3,missing,Seconds,Secondes,frappe/public/js/frappe/form/controls/duration.js:35
frappe,P3,missing,Section,Section,frappe/public/js/form_builder/components/Section.vue:263 frappe/website/doctype/web_template/web_template.json
frappe,P3,missing,Section ID,Identifiant de la section,frappe/website/doctype/web_page_block/web_page_block.json
frappe,P3,missing,Section Title,Titre de la section,frappe/public/js/form_builder/components/Section.vue:28 frappe/public/js/print_format_builder/PrintFormatSection.vue:8
frappe,P3,missing,Section must have at least one column,La section doit avoir au moins une colonne,frappe/public/js/form_builder/components/Section.vue:217 frappe/public/js/form_builder/components/Section.vue:240
frappe,P3,missing,See all Activity,Voir toutes les activités,frappe/public/js/frappe/ui/notifications/notifications.js:340
frappe,P3,missing,See previous responses,Voir les réponses précédentes,frappe/website/doctype/web_form/templates/web_form.html:160
frappe,P3,missing,Select All,Sélectionner tout,frappe/public/js/frappe/data_import/data_exporter.js:149 frappe/public/js/frappe/form/controls/multicheck.js:167 frappe/public/js/frappe/form/controls/multiselect_list.js:6 frappe/public/js/frappe/form/grid_row.js:497 frappe/public/js/frappe/views/reports/report_view.js:1605
frappe,P3,missing,Select Field...,Sélectionnez un champ...,frappe/public/js/frappe/ui/group_by/group_by.html:35 frappe/public/js/frappe/ui/group_by/group_by.js:141
frappe,P3,missing,Select Fields (Up to {0}),Sélectionnez des champs (jusqu'à {0}),frappe/public/js/frappe/list/list_settings.js:234
frappe,P3,missing,Select Group By...,Sélectionnez Regrouper par...,frappe/public/js/frappe/ui/group_by/group_by.html:10
frappe,P3,missing,Select Kanban,Sélectionnez Kanban,frappe/public/js/frappe/list/list_view_select.js:167
frappe,P3,missing,Select Network Printer,Sélectionnez une imprimante réseau,frappe/printing/page/print/print.js:189 frappe/printing/page/print/print.js:644
frappe,P3,missing,Select Workflow,Sélectionnez le flux de travail,frappe/workflow/page/workflow_builder/workflow_builder.js:68
frappe,P3,missing,Select a field to edit its properties.,Sélectionnez un champ pour modifier ses propriétés.,frappe/public/js/form_builder/components/Sidebar.vue:53
frappe,P3,missing,Select a group {0} first.,Sélectionnez d'abord un groupe {0}.,frappe/public/js/frappe/views/treeview.js:358
frappe,P3,missing,Select an Image,Sélectionnez une image,frappe/public/js/frappe/form/form_tour.js:321
frappe,P3,missing,Select an existing format to edit or start a new format.,Sélectionnez un format existant pour modifier ou démarrer un nouveau format.,frappe/printing/page/print_format_builder/print_format_builder_start.html:2
frappe,P3,missing,Select records for removing assignment,Sélectionner les enregistrements pour supprimer l'affectation,frappe/public/js/frappe/list/bulk_operations.js:260
frappe,P3,missing,Select two versions to view the diff.,Sélectionnez deux versions pour afficher la différence.,frappe/public/js/frappe/utils/diffview.js:102
frappe,P3,missing,Send,Envoyer,frappe/www/contact.html:41
frappe,P3,missing,Send,Envoyer,frappe/public/js/frappe/views/communication.js:26
frappe,P3,missing,Send <b>at the earliest</b> this number of minutes before or after the reference datetime. The actual sending may be delayed by up to 5 minutes due to the scheduler's trigger cadence.,Envoyez <b>au plus tôt</b> ce nombre de minutes avant ou après la dateheure de référence. L'envoi réel peut être retardé jusqu'à 5 minutes en raison de la cadence de déclenchement du planificateur.,frappe/email/doctype/notification/notification.json
frappe,P3,missing,Send Email On State,Envoyer un e-mail sur l'état,frappe/workflow/doctype/workflow_document_state/workflow_document_state.json
frappe,P3,missing,Send Email To Creator,Envoyer un e-mail au créateur,frappe/workflow/doctype/workflow_transition/workflow_transition.json
frappe,P3,missing,Send Now,Envoyer maintenant,frappe/email/doctype/auto_email_report/auto_email_report.js:21
frappe,P3,missing,Send alert if datetime matches this field's value,Envoyer une alerte si datetime correspond à la valeur de ce champ,frappe/email/doctype/notification/notification.json
frappe,P3,missing,Send email when document transitions to the state.,Envoyer un e-mail lorsque le document passe à l'état.,frappe/workflow/doctype/workflow_document_state/workflow_document_state.json
frappe,P3,missing,Send login link,Envoyer le lien de connexion,frappe/templates/includes/login/login.js:72 frappe/www/login.html:220
frappe,P3,missing,Sender Email,E-mail de l'expéditeur,frappe/email/doctype/notification/notification.json
frappe,P3,missing,Sent Folder Name,Nom du dossier envoyé,frappe/email/doctype/email_account/email_account.json frappe/email/doctype/email_domain/email_domain.json
frappe,P3,missing,Server Scripts are disabled. Please enable server scripts from bench configuration.,Les scripts du serveur sont désactivés. Veuillez activer les scripts du serveur à partir de la configuration du banc.,frappe/utils/safe_exec.py:98
frappe,P3,missing,Server failed to process this request because of a concurrent conflicting request. Please try again.,Le serveur n'a pas réussi à traiter cette demande en raison d'une demande concurrente concurrente. Veuillez réessayer.,frappe/public/js/frappe/request.js:254
frappe,P3,missing,Server was too busy to process this request. Please try again.,Le serveur était trop occupé pour traiter cette demande. Veuillez réessayer.,frappe/public/js/frappe/request.js:246
frappe,P3,missing,Service,Service,frappe/email/doctype/email_account/email_account.json frappe/integrations/doctype/integration_request/integration_request.json
frappe,P3,missing,Set Chart,Définir le graphique,frappe/public/js/frappe/views/reports/query_report.js:200
frappe,P3,missing,Set Level,Définir le niveau,frappe/public/js/frappe/views/reports/query_report.js:2143
frappe,P3,missing,Set Quantity,Définir la quantité,frappe/public/js/frappe/form/link_selector.js:207 frappe/public/js/frappe/form/link_selector.js:208
frappe,P3,missing,Set all private,Tout rendre privé,frappe/public/js/frappe/file_uploader/file_uploader.bundle.js:96 frappe/public/js/frappe/file_uploader/file_uploader.bundle.js:155
frappe,P3,missing,Set all public,Définir tout public,frappe/public/js/frappe/file_uploader/file_uploader.bundle.js:96
frappe,P3,missing,Set dynamic filter values in JavaScript for the required fields here.,Définissez ici les valeurs de filtre dynamique en JavaScript pour les champs obligatoires.,frappe/public/js/frappe/utils/dashboard_utils.js:162
frappe,P3,missing,Set size in MB,Définir la taille en Mo,frappe/website/doctype/web_form/web_form.json
frappe,P3,missing,Settings for Contact Us Page,Paramètres de la page Contactez-nous,frappe/website/doctype/contact_us_settings/contact_us_settings.json
frappe,P3,missing,Settings for the About Us Page,Paramètres de la page À propos de nous,frappe/website/doctype/about_us_settings/about_us_settings.json
frappe,P3,missing,Share this document with,Partagez ce document avec,frappe/public/js/frappe/form/templates/set_sharing.html:63
frappe,P3,missing,Shipping Address,adresse de livraison,frappe/public/js/frappe/form/templates/address_list.html:31
frappe,P3,missing,Show Absolute Values,Afficher les valeurs absolues,frappe/printing/doctype/print_format/print_format.json
frappe,P3,missing,Show All,Afficher tout,frappe/public/js/frappe/form/templates/form_sidebar.html:93
frappe,P3,missing,Show Auth Server Metadata,Afficher les métadonnées du serveur d'authentification,frappe/integrations/doctype/oauth_settings/oauth_settings.json
frappe,P3,missing,Show Currency Symbol on Right Side,Afficher le symbole monétaire sur le côté droit,frappe/geo/doctype/currency/currency.json
frappe,P3,missing,Show Error,Afficher l'erreur,frappe/www/error.html:42 frappe/www/error.html:65
frappe,P3,missing,Show Fieldname (click to copy on clipboard),Afficher le nom du champ (cliquez pour copier dans le presse-papiers),frappe/public/js/frappe/form/layout.js:603
frappe,P3,missing,Show Language Picker,Afficher le sélecteur de langue,frappe/website/doctype/website_settings/website_settings.json
frappe,P3,missing,Show Links,Afficher les liens,frappe/public/js/frappe/form/toolbar.js:443
frappe,P3,missing,Show Preview,Afficher l'aperçu,frappe/public/js/form_builder/form_builder.bundle.js:31 frappe/public/js/form_builder/form_builder.bundle.js:43 frappe/public/js/print_format_builder/print_format_builder.bundle.js:18 frappe/public/js/print_format_builder/print_format_builder.bundle.js:54
frappe,P3,missing,Show Protected Resource Metadata,Afficher les métadonnées des ressources protégées,frappe/integrations/doctype/oauth_settings/oauth_settings.json
frappe,P3,missing,Show Social Login Key as Authorization Server,Afficher la clé de connexion sociale en tant que serveur d'autorisation,frappe/integrations/doctype/oauth_settings/oauth_settings.json
frappe,P3,missing,Show account deletion link in My Account page,Afficher le lien de suppression de compte sur la page Mon compte,frappe/website/doctype/website_settings/website_settings.json
frappe,P3,missing,Show all activity,Afficher toute l'activité,frappe/public/js/frappe/form/footer/form_timeline.js:69
frappe,P3,missing,Show attachments,Afficher les pièces jointes,frappe/website/doctype/web_form/web_form.json
frappe,P3,missing,Show footer on login,Afficher le pied de page lors de la connexion,frappe/website/doctype/website_settings/website_settings.json
frappe,P3,missing,Show in Resource Metadata,Afficher dans les métadonnées des ressources,frappe/integrations/doctype/social_login_key/social_login_key.json
frappe,P3,missing,Show link to document,Afficher le lien vers le document,frappe/integrations/doctype/slack_webhook_url/slack_webhook_url.json
frappe,P3,missing,Show list,Afficher la liste,frappe/website/doctype/web_form/web_form.json
frappe,P3,missing,Show sidebar,Afficher la barre latérale,frappe/website/doctype/web_form/web_form.json
frappe,P3,missing,Show {0} List,Afficher la liste {0},frappe/public/js/frappe/widgets/onboarding_widget.js:148
frappe,P3,missing,Showing only first {0} rows out of {1},Afficher uniquement les {0} premières lignes sur {1},frappe/public/js/frappe/data_import/import_preview.js:153
frappe,P3,missing,Sign Up and Confirmation,Inscription et confirmation,frappe/email/doctype/email_group/email_group.json
frappe,P3,missing,Sign ups,Inscriptions,frappe/integrations/doctype/social_login_key/social_login_key.json
frappe,P3,missing,"Simple Python Expression, Example: <code class=""language-python"">status == ""Invalid""</code>","Expression Python simple, exemple : <code class=""language-python"">status == ""Invalid""</code>",frappe/automation/doctype/assignment_rule/assignment_rule.json
frappe,P3,missing,"Simple Python Expression, Example: <code class=""language-python"">status == 'Open' and issue_type == 'Bug'</code>","Expression Python simple, exemple : <code class=""language-python"">status == 'Open' et issue_type == 'Bug'</code>",frappe/automation/doctype/assignment_rule/assignment_rule.json
frappe,P3,missing,"Simple Python Expression, Example: <code class=""language-python"">status in (""Closed"", ""Cancelled"")</code>","Expression Python simple, exemple : <code class=""language-python"">statut dans (""Fermé"", ""Annulé"")</code>",frappe/automation/doctype/assignment_rule/assignment_rule.json
frappe,P3,missing,"Site is running in read only mode for maintenance or site update, this action can not be performed right now. Please try again later.","Le site fonctionne en mode lecture seule pour la maintenance ou la mise à jour du site, cette action ne peut pas être effectuée pour le moment. Veuillez réessayer plus tard.",frappe/database/database.py:285
frappe,P3,missing,Size,Taille,frappe/public/js/frappe/views/file/file_view.js:371
frappe,P3,missing,Size exceeds the maximum allowed file size.,La taille dépasse la taille de fichier maximale autorisée.,frappe/public/js/frappe/file_uploader/FileUploader.vue:629
frappe,P3,missing,Skipping fixture syncing for doctype {0} from file {1},Ignorer la synchronisation des appareils pour le doctype {0} à partir du fichier {1},frappe/modules/utils.py:179
frappe,P3,missing,Skype,Skype,frappe/website/doctype/contact_us_settings/contact_us_settings.json
frappe,P3,missing,Slack,Mou,frappe/email/doctype/notification/notification.json
frappe,P3,missing,Slideshow like display for the website,Affichage de type diaporama pour le site Web,frappe/website/doctype/website_slideshow/website_slideshow.json
frappe,P3,missing,Slug,Limace,frappe/website/doctype/utm_campaign/utm_campaign.json frappe/website/doctype/utm_medium/utm_medium.json frappe/website/doctype/utm_source/utm_source.json
frappe,P3,missing,Snippet and more variables:  {0},Extrait et autres variables : {0},frappe/printing/doctype/letter_head/letter_head.js:32
frappe,P3,missing,Software ID,ID du logiciel,frappe/integrations/doctype/oauth_client/oauth_client.json
frappe,P3,missing,Software Version,Version du logiciel,frappe/integrations/doctype/oauth_client/oauth_client.json
frappe,P3,missing,Some columns might get cut off when printing to PDF. Try to keep number of columns under 10.,Certaines colonnes peuvent être coupées lors de l'impression au format PDF. Essayez de garder le nombre de colonnes inférieur à 10.,frappe/printing/page/print_format_builder/print_format_builder_column_selector.html:4
frappe,P3,missing,"Some mailboxes require a different Sent Folder Name e.g. ""INBOX.Sent""","Certaines boîtes aux lettres nécessitent un nom de dossier envoyé différent, par ex. ""INBOX.Envoyé""",frappe/email/doctype/email_domain/email_domain.json
frappe,P3,missing,Something went wrong.,Quelque chose s'est mal passé.,frappe/templates/includes/login/login.js:293
frappe,P3,missing,Sort Ascending,Trier par ordre croissant,frappe/public/js/frappe/utils/datatable.js:6
frappe,P3,missing,Sort Descending,Trier par ordre décroissant,frappe/public/js/frappe/utils/datatable.js:7
frappe,P3,missing,Source,Source,frappe/public/js/frappe/utils/utils.js:1872 frappe/website/doctype/web_page_view/web_page_view.json frappe/website/doctype/website_route_redirect/website_route_redirect.json frappe/website/report/website_analytics/website_analytics.js:38
frappe,P3,missing,Source Code,Code source,frappe/public/js/frappe/ui/toolbar/about.js:11
frappe,P3,missing,SparkPost,SparkPost,frappe/email/doctype/email_account/email_account.json
frappe,P3,missing,Spawns actions in a background job,Génère des actions dans une tâche en arrière-plan,frappe/workflow/doctype/workflow_transition_task/workflow_transition_task.json
frappe,P3,missing,"Specify the domains or origins that are permitted to embed this form. Enter one domain per line (e.g., https://example.com). If no domains are specified, the form can only be embedded on the same origin.","Spécifiez les domaines ou origines autorisés à intégrer ce formulaire. Saisissez un domaine par ligne (par exemple, https://example.com). Si aucun domaine n'est spécifié, le formulaire ne peut être intégré que sur la même origine.",frappe/website/doctype/web_form/web_form.json
frappe,P3,missing,Splash Image,Image de démarrage,frappe/website/doctype/website_settings/website_settings.json
frappe,P3,missing,Sr No.,Sr Non.,frappe/public/js/print_format_builder/Field.vue:143 frappe/public/js/print_format_builder/Field.vue:164
frappe,P3,missing,Standard DocType can not be deleted.,Le DocType standard ne peut pas être supprimé.,frappe/model/delete_doc.py:119
frappe,P3,missing,"Standard Web Forms can not be modified, duplicate the Web Form instead.","Les formulaires Web standard ne peuvent pas être modifiés, dupliquez plutôt le formulaire Web.",frappe/website/doctype/web_form/web_form.js:40
frappe,P3,missing,Standard rich text editor with controls,Éditeur de texte enrichi standard avec contrôles,frappe/website/doctype/web_page/web_page.js:92
frappe,P3,missing,Start a new discussion,Démarrer une nouvelle discussion,frappe/templates/includes/comments/comments.html:8
frappe,P3,missing,StartTLS,DémarrerTLS,frappe/integrations/doctype/ldap_settings/ldap_settings.json
frappe,P3,missing,State,État,frappe/contacts/report/addresses_and_contacts/addresses_and_contacts.py:40 frappe/integrations/doctype/token_cache/token_cache.json frappe/workflow/doctype/workflow/workflow.js:162 frappe/workflow/doctype/workflow_document_state/workflow_document_state.json frappe/workflow/doctype/workflow_state/workflow_state.json frappe/workflow/doctype/workflow_transition/workflow_transition.json
frappe,P3,missing,State Properties,Propriétés de l'État,frappe/public/js/workflow_builder/components/Properties.vue:26
frappe,P3,missing,Status Updated. The email will be picked up in the next scheduled run.,Statut mis à jour. L'e-mail sera récupéré lors de la prochaine exécution programmée.,frappe/email/doctype/email_queue/email_queue.js:37
frappe,P3,missing,Strong,Fort,frappe/public/js/frappe/form/controls/password.js:89
frappe,P3,missing,Style,Style,frappe/website/doctype/web_page/web_page.json frappe/workflow/doctype/workflow_state/workflow_state.json
frappe,P3,missing,Submit,Soumettre,frappe/public/js/frappe/list/list_view.js:2310
frappe,P3,missing,Submit,Soumettre,frappe/website/doctype/web_form/templates/web_form.html:47
frappe,P3,missing,Submit,Soumettre,frappe/public/js/frappe/ui/dialog.js:64
frappe,P3,missing,Submit,Soumettre,frappe/public/js/frappe/ui/messages.js:97
frappe,P3,missing,Submit,Soumettre,frappe/public/js/frappe/desk.js:227
frappe,P3,missing,Submit another response,Soumettre une autre réponse,frappe/website/doctype/web_form/templates/web_form.html:163
frappe,P3,missing,Submit button label,Libellé du bouton Soumettre,frappe/website/doctype/web_form/web_form.json
frappe,P3,missing,Submit on Creation,Soumettre lors de la création,frappe/automation/doctype/auto_repeat/auto_repeat.json frappe/automation/doctype/auto_repeat/auto_repeat.py:132
frappe,P3,missing,Submitted document cannot be converted back to draft while transitioning from <b>{0} State</b> to <b>{1} State</b>,Le document soumis ne peut pas être reconverti en brouillon lors de la transition de l'État <b>{0}</b> à l'État <b>{1}</b>.,frappe/public/js/workflow_builder/utils.js:176
frappe,P3,missing,Success URI,URI de réussite,frappe/integrations/doctype/token_cache/token_cache.json
frappe,P3,missing,Success message,Message de réussite,frappe/website/doctype/web_form/web_form.json
frappe,P3,missing,Success title,Titre de réussite,frappe/website/doctype/web_form/web_form.json
frappe,P3,missing,Switch Camera,Changer de caméra,frappe/public/js/frappe/ui/capture.js:276
frappe,P3,missing,Switch Theme,Changer de thème,frappe/public/js/frappe/desk.js:96 frappe/public/js/frappe/ui/theme_switcher.js:11
frappe,P3,missing,Switching Camera,Changer de caméra,frappe/public/js/frappe/ui/capture.js:281
frappe,P3,missing,Sync events from Google as public,Synchroniser les événements de Google comme publics,frappe/integrations/doctype/google_calendar/google_calendar.json
frappe,P3,missing,"Sync token was invalid and has been reset, Retry syncing.",Le jeton de synchronisation n'était pas valide et a été réinitialisé. Réessayez la synchronisation.,frappe/integrations/doctype/google_calendar/google_calendar.py:312
frappe,P3,missing,Sync {0} Fields,Synchroniser les champs {0},frappe/custom/doctype/doctype_layout/doctype_layout.js:46
frappe,P3,missing,Synced Fields,Champs synchronisés,frappe/custom/doctype/doctype_layout/doctype_layout.js:100
frappe,P3,missing,Syntax Error,Erreur de syntaxe,frappe/utils/data.py:2620
frappe,P3,missing,System Generated Fields can not be renamed,Les champs générés par le système ne peuvent pas être renommés,frappe/custom/doctype/custom_field/custom_field.py:409
frappe,P3,missing,System Health,Santé du système,frappe/hooks.py
frappe,P3,missing,T,T,frappe/public/js/frappe/utils/number_systems.js:5
frappe,P3,missing,TOS URI,URI TOS,frappe/integrations/doctype/oauth_client/oauth_client.json
frappe,P3,missing,Tab Label,Étiquette de l'onglet,frappe/public/js/form_builder/components/Tabs.vue:135
frappe,P3,missing,Table Trimmed,Tableau découpé,frappe/custom/doctype/customize_form/customize_form.js:229
frappe,P3,missing,Tabloid,Tabloïde,frappe/printing/doctype/print_settings/print_settings.json
frappe,P3,missing,Target,Cible,frappe/website/doctype/portal_menu_item/portal_menu_item.json frappe/website/doctype/website_route_redirect/website_route_redirect.json
frappe,P3,missing,Tasks,Tâches,frappe/workflow/doctype/workflow_transition_tasks/workflow_transition_tasks.json
frappe,P3,missing,Team Members Subtitle,Sous-titre des membres de l'équipe,frappe/website/doctype/about_us_settings/about_us_settings.json
frappe,P3,missing,Template,Modèle,frappe/automation/doctype/auto_repeat/auto_repeat.json frappe/contacts/doctype/address_template/address_template.json frappe/printing/doctype/print_format_field_template/print_format_field_template.json frappe/website/doctype/web_template/web_template.json
frappe,P3,missing,Template File,Fichier modèle,frappe/printing/doctype/print_format_field_template/print_format_field_template.json
frappe,P3,missing,Templates,Modèles,frappe/public/js/frappe/views/workspace/blocks/paragraph.js:78
frappe,P3,missing,"Thank you for reaching out to us. We will get back to you at the earliest.


Your query:

{0}","Merci de nous avoir contactés. Nous vous répondrons dans les plus brefs délais.


Votre requête :

{0}",frappe/www/contact.py:46
frappe,P3,missing,Thank you for your message,Merci pour votre message,frappe/templates/includes/contact.js:36
frappe,P3,missing,Thanks,Merci,frappe/templates/emails/new_user.html:16
frappe,P3,missing,"The Client ID obtained from the Google Cloud Console under <a href=""https://console.cloud.google.com/apis/credentials"">
""APIs &amp; Services"" &gt; ""Credentials""
</a>","L'ID client obtenu à partir de Google Cloud Console sous <a href=""https://console.cloud.google.com/apis/credentials"">
""API et services"" > ""Identifiants""
</a>",frappe/integrations/doctype/google_settings/google_settings.json
frappe,P3,missing,The Condition '{0}' is invalid,La condition '{0}' n'est pas valide,frappe/email/doctype/notification/notification.py:224
frappe,P3,missing,The Next Scheduled Date cannot be later than the End Date.,La prochaine date programmée ne peut pas être postérieure à la date de fin.,frappe/automation/doctype/auto_repeat/auto_repeat.py:112
frappe,P3,missing,The Push Relay Server URL key (`push_relay_server_url`) is missing in your site config,La clé URL du serveur Push Relay (`push_relay_server_url`) est manquante dans la configuration de votre site,frappe/integrations/doctype/push_notification_settings/push_notification_settings.py:29
frappe,P3,missing,The User record for this request has been auto-deleted due to inactivity by system admins.,L'enregistrement utilisateur pour cette demande a été automatiquement supprimé en raison de l'inactivité des administrateurs système.,frappe/website/doctype/personal_data_deletion_request/personal_data_deletion_request.py:367
frappe,P3,missing,"The browser API key obtained from the Google Cloud Console under <a href=""https://console.cloud.google.com/apis/credentials"">
""APIs &amp; Services"" &gt; ""Credentials""
</a>","La clé API du navigateur obtenue à partir de Google Cloud Console sous <a href=""https://console.cloud.google.com/apis/credentials"">
""API et services"" > ""Identifiants""
</a>",frappe/integrations/doctype/google_settings/google_settings.json
frappe,P3,missing,The changes have been reverted.,Les modifications ont été annulées.,frappe/database/database.py:475
frappe,P3,missing,The contents of this email are strictly confidential. Please do not forward this email to anyone.,Le contenu de cet email est strictement confidentiel. Merci de ne transmettre cet e-mail à personne.,frappe/templates/emails/workflow_action.html:9
frappe,P3,missing,The count shown is an estimated count. Click here to see the accurate count.,Le nombre indiqué est un nombre estimé. Cliquez ici pour voir le décompte précis.,frappe/public/js/frappe/list/list_view.js:688
frappe,P3,missing,The following Assignment Days have been repeated: {0},Les jours d'affectation suivants ont été répétés : {0},frappe/automation/doctype/assignment_rule/assignment_rule.py:62
frappe,P3,missing,The following Header Script will add the current date to an element in 'Header HTML' with class 'header-content',Le script d'en-tête suivant ajoutera la date actuelle à un élément de « Header HTML » avec la classe « header-content »,frappe/printing/doctype/letter_head/letter_head.js:30
frappe,P3,missing,The link will expire in {0} minutes,Le lien expirera dans {0} minutes,frappe/templates/emails/login_with_email_link.html:21
frappe,P3,missing,The link you trying to login is invalid or expired.,Le lien que vous essayez de vous connecter est invalide ou a expiré.,frappe/www/login.py:194
frappe,P3,missing,The number of seconds until the request expires,Le nombre de secondes jusqu'à l'expiration de la demande,frappe/integrations/doctype/webhook/webhook.json
frappe,P3,missing,"The project number obtained from Google Cloud Console under <a href=""https://console.cloud.google.com/iam-admin/settings"">
""IAM &amp; Admin"" &gt; ""Settings""
</a>","Le numéro de projet obtenu depuis Google Cloud Console sous <a href=""https://console.cloud.google.com/iam-admin/settings"">
""IAM et administrateur"" > ""Paramètres""
</a>",frappe/integrations/doctype/google_settings/google_settings.json
frappe,P3,missing,The system is being updated. Please refresh again after a few moments.,Le système est en cours de mise à jour. Veuillez actualiser à nouveau après quelques instants.,frappe/utils/response.py:338
frappe,P3,missing,The value you pasted was {0} characters long. Max allowed characters is {1}.,La valeur que vous avez collée comptait {0} caractères. Le nombre maximum de caractères autorisés est {1}.,frappe/public/js/frappe/form/controls/data.js:25
frappe,P3,missing,There are documents which have workflow states that do not exist in this Workflow. It is recommended that you add these states to the Workflow and change their states before removing these states.,Certains documents comportent des états de flux de travail qui n'existent pas dans ce flux de travail. Il est recommandé d'ajouter ces états au workflow et de modifier leurs états avant de les supprimer.,frappe/workflow/doctype/workflow/workflow.js:125
frappe,P3,missing,There are no upcoming events for you.,Il n'y a aucun événement à venir pour vous.,frappe/public/js/frappe/ui/notifications/notifications.js:473
frappe,P3,missing,"There are no {0} for this {1}, why don't you start one!","Il n'y a pas de {0} pour ce {1}, pourquoi n'en créez-vous pas un !",frappe/website/web_template/discussions/discussions.html:3
frappe,P3,missing,There are {0} with the same filters already in the queue:,Il y a déjà {0} avec les mêmes filtres dans la file d'attente :,frappe/public/js/frappe/views/reports/query_report.js:976
frappe,P3,missing,There can be only 9 Page Break fields in a Web Form,Il ne peut y avoir que 9 champs de saut de page dans un formulaire Web,frappe/website/doctype/web_form/web_form.js:81 frappe/website/doctype/web_form/web_form.js:334
frappe,P3,missing,"There is no task called ""{}""","Il n'existe aucune tâche appelée ""{}""",frappe/model/workflow.py:170
frappe,P3,missing,There is nothing new to show you right now.,Il n'y a rien de nouveau à vous montrer pour le moment.,frappe/public/js/frappe/ui/notifications/notifications.js:523
frappe,P3,missing,There is {0} with the same filters already in the queue:,Il y a déjà {0} avec les mêmes filtres dans la file d'attente :,frappe/public/js/frappe/views/reports/query_report.js:973
frappe,P3,missing,There were errors while sending email. Please try again.,Des erreurs se sont produites lors de l'envoi du courrier électronique. Veuillez réessayer.,frappe/public/js/frappe/views/communication.js:834
frappe,P3,missing,"These fields are used to provide resource server metadata to clients querying the ""well known protected resource"" end point.",Ces champs sont utilisés pour fournir des métadonnées du serveur de ressources aux clients interrogeant le point final « ressource protégée bien connue ».,frappe/integrations/doctype/oauth_settings/oauth_settings.json
frappe,P3,missing,These settings are required if 'Custom' LDAP Directory is used,Ces paramètres sont requis si l'annuaire LDAP « personnalisé » est utilisé,frappe/integrations/doctype/ldap_settings/ldap_settings.json
frappe,P3,missing,This Month,Ce mois-ci,frappe/public/js/frappe/ui/filters/filter.js:665
frappe,P3,missing,This Quarter,Ce trimestre,frappe/public/js/frappe/ui/filters/filter.js:669
frappe,P3,missing,This Week,Cette semaine,frappe/public/js/frappe/ui/filters/filter.js:661
frappe,P3,missing,This Year,Cette année,frappe/public/js/frappe/ui/filters/filter.js:673
frappe,P3,missing,This action is irreversible. Do you wish to continue?,Cette action est irréversible. Souhaitez-vous continuer ?,frappe/custom/doctype/customize_form/customize_form.js:220
frappe,P3,missing,This doctype has no orphan fields to trim,Ce doctype n'a pas de champs orphelins à supprimer,frappe/custom/doctype/customize_form/customize_form.js:212
frappe,P3,missing,This document can not be deleted right now as it's being modified by another user. Please try again after some time.,Ce document ne peut pas être supprimé pour le moment car il est en cours de modification par un autre utilisateur. Veuillez réessayer après un certain temps.,frappe/model/delete_doc.py:155
frappe,P3,missing,This document has unsaved changes which might not appear in final PDF. <br> Consider saving the document before printing.,Ce document comporte des modifications non enregistrées qui pourraient ne pas apparaître dans le PDF final. <br> Pensez à enregistrer le document avant de l'imprimer.,frappe/public/js/frappe/form/form.js:1317
frappe,P3,missing,This document is currently locked and queued for execution. Please try again after some time.,Ce document est actuellement verrouillé et mis en file d'attente pour exécution. Veuillez réessayer après un certain temps.,frappe/model/document.py:509
frappe,P3,missing,"This feature can not be used as dependencies are missing.
				Please contact your system manager to enable this by installing pycups!","Cette fonctionnalité ne peut pas être utilisée car les dépendances sont manquantes.
				Veuillez contacter votre gestionnaire système pour activer cela en installant pycups !",frappe/printing/doctype/network_printer_settings/network_printer_settings.py:30
frappe,P3,missing,This feature is brand new and still experimental,Cette fonctionnalité est toute nouvelle et encore expérimentale,frappe/public/js/frappe/form/templates/form_sidebar.html:41
frappe,P3,missing,"This field will appear only if the fieldname defined here has value OR the rules are true (examples):
myfield
eval:doc.myfield=='My Value'
eval:doc.age&gt;18","Ce champ n'apparaîtra que si le nom du champ défini ici a une valeur OU si les règles sont vraies (exemples) :
mon champ
eval:doc.myfield=='Ma valeur'
eval:doc.age&gt;18",frappe/custom/doctype/customize_form_field/customize_form_field.json
frappe,P3,missing,"This file is public and can be accessed by anyone, even without logging in. Mark it private to limit access.","Ce fichier est public et accessible à tous, même sans connexion. Marquez-le comme privé pour limiter l'accès.",frappe/public/js/frappe/file_uploader/FilePreview.vue:83
frappe,P3,missing,This form is not editable due to a Workflow.,Ce formulaire n'est pas modifiable en raison d'un Workflow.,frappe/public/js/frappe/form/form.js:2275
frappe,P3,missing,This geolocation provider is not supported yet.,Ce fournisseur de géolocalisation n'est pas encore pris en charge.,frappe/integrations/doctype/geolocation_settings/geolocation_settings.py:52
frappe,P3,missing,"This report contains {0} rows and is too big to display in browser, you can {1} this report instead.",Ce rapport contient {0} lignes et est trop volumineux pour être affiché dans le navigateur. Vous pouvez {1} ce rapport à la place.,frappe/public/js/frappe/views/reports/query_report.js:1052
frappe,P3,missing,"This site is in read only mode, full functionality will be restored soon.","Ce site est en mode lecture seule, toutes les fonctionnalités seront bientôt restaurées.",frappe/templates/includes/navbar/navbar_items.html:95
frappe,P3,missing,This software is built on top of many open source packages.,Ce logiciel est construit sur de nombreux packages open source.,frappe/www/attribution.html:11
frappe,P3,missing,This value is fetched from {0}'s {1} field,Cette valeur est extraite du champ {1} de {0},frappe/public/js/frappe/form/controls/base_input.js:129
frappe,P3,missing,Timeless Night,Nuit Intemporelle,frappe/public/js/frappe/ui/theme_switcher.js:64
frappe,P3,missing,To,À,frappe/public/js/frappe/views/communication.js:53
frappe,P3,missing,"To add dynamic values from the document, use jinja tags like

<div>
<pre><code>{ ""id"": ""{{ doc.name }}"" }</code>
</pre>
</div>","Pour ajouter des valeurs dynamiques à partir du document, utilisez des balises jinja comme

<div>
<pre><code>{ ""identifiant"": ""{{ doc.name }}"" }</code>
</pre>
</div>",frappe/integrations/doctype/webhook/webhook.json
frappe,P3,missing,To allow more reports update limit in System Settings.,Pour autoriser davantage de limites de mise à jour des rapports dans les paramètres système.,frappe/email/doctype/auto_email_report/auto_email_report.py:109
frappe,P3,missing,"To begin the date range at the start of the chosen period. For example, if 'Year' is selected as the period, the report will start from January 1st of the current year.","Pour commencer la plage de dates au début de la période choisie. Par exemple, si « Année » est sélectionné comme période, le rapport commencera au 1er janvier de l'année en cours.",frappe/email/doctype/auto_email_report/auto_email_report.json
frappe,P3,missing,To generate password click {0},"Pour générer un mot de passe, cliquez sur {0}",frappe/email/doctype/email_account/email_account.js:126
frappe,P3,missing,To know more click {0},"Pour en savoir plus, cliquez sur {0}",frappe/email/doctype/email_account/email_account.js:139
frappe,P3,missing,"To use Slack Channel, add a <a href=""#List/Slack%20Webhook%20URL/List"">Slack Webhook URL</a>.","Pour utiliser Slack Channel, ajoutez une URL <a href=""#List/Slack%20Webhook%20URL/List"">Slack Webhook</a>.",frappe/email/doctype/notification/notification.json
frappe,P3,missing,To version,Vers la version,frappe/public/js/frappe/utils/diffview.js:44
frappe,P3,missing,Token Cache,Cache de jetons,frappe/integrations/doctype/token_cache/token_cache.json
frappe,P3,missing,Token Endpoint Auth Method,Méthode d'authentification du point de terminaison du jeton,frappe/integrations/doctype/oauth_client/oauth_client.json
frappe,P3,missing,Token Type,Type de jeton,frappe/integrations/doctype/token_cache/token_cache.json
frappe,P3,missing,Token URI,URI du jeton,frappe/integrations/doctype/connected_app/connected_app.json
frappe,P3,missing,Tomorrow,Demain,frappe/public/js/frappe/ui/filters/filter.js:738
frappe,P3,missing,Too many changes to database in single action.,Trop de modifications apportées à la base de données en une seule action.,frappe/database/database.py:474
frappe,P3,missing,Too many queued background jobs ({0}). Please retry after some time.,Trop de tâches en arrière-plan en file d'attente ({0}). Veuillez réessayer après un certain temps.,frappe/utils/background_jobs.py:737
frappe,P3,missing,Top Left,En haut à gauche,frappe/printing/doctype/print_format/print_format.json frappe/public/js/print_format_builder/PrintFormatControls.vue:244
frappe,P3,missing,Total Images,Images totales,frappe/public/js/frappe/ui/capture.js:259
frappe,P3,missing,Total number of emails to sync in initial sync process,Nombre total d'e-mails à synchroniser lors du processus de synchronisation initial,frappe/email/doctype/email_account/email_account.json
frappe,P3,missing,Total:,Total:,frappe/public/js/print_format_builder/ConfigureColumns.vue:12
frappe,P3,missing,Totals,Totaux,frappe/public/js/frappe/views/reports/report_view.js:1252
frappe,P3,missing,"Track if your email has been opened by the recipient.
<br>
Note: If you're sending to multiple recipients, even if 1 recipient reads the email, it'll be considered ""Opened""","Suivez si votre e-mail a été ouvert par le destinataire.
<br>
Remarque : Si vous envoyez à plusieurs destinataires, même si un destinataire lit l'e-mail, celui-ci sera considéré comme ""Ouvert"".",frappe/email/doctype/email_account/email_account.json
frappe,P3,missing,Track milestones for any document,Suivez les étapes de n’importe quel document,frappe/automation/doctype/milestone_tracker/milestone_tracker.json
frappe,P3,missing,Tracking URL generated and copied to clipboard,URL de suivi générée et copiée dans le presse-papiers,frappe/public/js/frappe/utils/utils.js:1936
frappe,P3,missing,Transition Properties,Propriétés des transitions,frappe/public/js/workflow_builder/components/Properties.vue:19
frappe,P3,missing,Transition Tasks,Tâches de transition,frappe/workflow/doctype/workflow_transition/workflow_transition.json
frappe,P3,missing,Transitions,Transitions,frappe/workflow/doctype/workflow/workflow.json
frappe,P3,missing,Translate Data,Traduire les données,frappe/public/js/frappe/views/reports/query_report.js:2274
frappe,P3,missing,Translate values,Traduire les valeurs,frappe/public/js/frappe/views/reports/report_view.js:1662
frappe,P3,missing,Tree View,Vue arborescente,frappe/public/js/frappe/list/base_list.js:211
frappe,P3,missing,Trigger caching,Mise en cache des déclencheurs,frappe/tests/test_translate.py:55
frappe,P3,missing,Trim Table,Tableau de garniture,frappe/custom/doctype/customize_form/customize_form.js:144
frappe,P3,missing,Try Again,Essayer à nouveau,frappe/public/js/frappe/widgets/onboarding_widget.js:318
frappe,P3,missing,Try the new Print Designer,Essayez le nouveau Print Designer,frappe/printing/page/print/print.js:204 frappe/printing/page/print/print.js:210
frappe,P3,missing,Type a reply / comment,Tapez une réponse/un commentaire,frappe/public/js/frappe/form/controls/comment.js:81
frappe,P3,missing,Type title,Tapez le titre,frappe/templates/discussions/comment_box.html:8 frappe/templates/discussions/reply_section.html:53 frappe/templates/discussions/topic_modal.html:11
frappe,P3,missing,Type your reply here...,Tapez votre réponse ici...,frappe/templates/discussions/discussions.js:341
frappe,P3,missing,UIDNEXT,UIDNEXT,frappe/email/doctype/email_account/email_account.json frappe/email/doctype/imap_folder/imap_folder.json
frappe,P3,missing,UIDVALIDITY,UIDVALIDITÉ,frappe/email/doctype/email_account/email_account.json frappe/email/doctype/imap_folder/imap_folder.json
frappe,P3,missing,"URIs for receiving authorization code once the user allows access, as well as failure responses. Typically a REST endpoint exposed by the Client App.
<br>e.g. http://hostname/api/method/frappe.integrations.oauth2_logins.login_via_facebook","URI pour recevoir le code d'autorisation une fois que l'utilisateur autorise l'accès, ainsi que les réponses aux échecs. Généralement un point de terminaison REST exposé par l'application client.
<br>par exemple. http://hostname/api/method/frappe.integrations.oauth2_logins.login_via_facebook",frappe/integrations/doctype/oauth_client/oauth_client.json
frappe,P3,missing,URL of a human-readable page with info that developers might need.,URL d'une page lisible par l'homme contenant des informations dont les développeurs pourraient avoir besoin.,frappe/integrations/doctype/oauth_settings/oauth_settings.json
frappe,P3,missing,URL of a web page providing information about the client.,URL d'une page Web fournissant des informations sur le client.,frappe/integrations/doctype/oauth_client/oauth_client.json
frappe,P3,missing,URL of human-readable page with info about the protected resource's terms of service.,URL d'une page lisible par l'homme contenant des informations sur les conditions d'utilisation de la ressource protégée.,frappe/integrations/doctype/oauth_settings/oauth_settings.json
frappe,P3,missing,URL of human-readable page with info on requirements about how the client can use the data.,URL d'une page lisible par l'homme contenant des informations sur les exigences relatives à la manière dont le client peut utiliser les données.,frappe/integrations/doctype/oauth_settings/oauth_settings.json
frappe,P3,missing,URL that points to a human-readable policy document for the client. Should be shown to end-user before authorizing.,URL qui pointe vers un document de stratégie lisible par l’homme pour le client. Doit être montré à l’utilisateur final avant l’autorisation.,frappe/integrations/doctype/oauth_client/oauth_client.json
frappe,P3,missing,URL that points to a human-readable terms of service document for the client. Should be shown to end-user before authorizing.,URL qui pointe vers un document de conditions de service lisible par l'homme pour le client. Doit être montré à l’utilisateur final avant l’autorisation.,frappe/integrations/doctype/oauth_client/oauth_client.json
frappe,P3,missing,URL that references a logo for the client.,URL qui fait référence à un logo pour le client.,frappe/integrations/doctype/oauth_client/oauth_client.json
frappe,P3,missing,UTM Campaign,Campagne UTM,frappe/website/doctype/utm_campaign/utm_campaign.json
frappe,P3,missing,UTM Medium,Moyen UTM,frappe/website/doctype/utm_medium/utm_medium.json
frappe,P3,missing,UTM Source,Source UTM,frappe/website/doctype/utm_source/utm_source.json
frappe,P3,missing,Unassign Condition,Annuler l'attribution de la condition,frappe/automation/doctype/assignment_rule/assignment_rule.json
frappe,P3,missing,Uncaught Exception,Exception non détectée,frappe/app.py:399
frappe,P3,missing,"Unique ID assigned by the client developer used to identify the client software to be dynamically registered.
<br>
<b>Should remain same</b> across multiple versions or updates of the software.","ID unique attribué par le développeur client utilisé pour identifier le logiciel client à enregistrer dynamiquement.
<br>
<b>Devrait rester le même</b> dans plusieurs versions ou mises à jour du logiciel.",frappe/integrations/doctype/oauth_client/oauth_client.json
frappe,P3,missing,Unknown,Inconnu,frappe/website/report/website_analytics/website_analytics.js:60
frappe,P3,missing,Unknown Rounding Method: {},Méthode d'arrondi inconnue : {},frappe/utils/data.py:1255
frappe,P3,missing,Unknown file encoding. Tried to use: {0},Encodage de fichier inconnu. J'ai essayé d'utiliser : {0},frappe/utils/csvutils.py:54
frappe,P3,missing,Unpublish,Annuler la publication,frappe/public/js/frappe/form/footer/form_timeline.js:633 frappe/website/doctype/web_form/web_form.js:86
frappe,P3,missing,Unsafe SQL query,Requête SQL non sécurisée,frappe/utils/safe_exec.py:498
frappe,P3,missing,Unselect All,Tout désélectionner,frappe/public/js/frappe/data_import/data_exporter.js:159 frappe/public/js/frappe/form/controls/multicheck.js:167 frappe/public/js/frappe/views/reports/report_view.js:1605
frappe,P3,missing,Unsubscribe Params,Paramètres de désabonnement,frappe/email/doctype/email_queue/email_queue.json
frappe,P3,missing,Unsupported function or operator: {0},Fonction ou opérateur non pris en charge : {0},frappe/database/query.py:1055
frappe,P3,missing,Unsupported {0}: {1},{0} non pris en charge : {1},frappe/database/query.py:1967
frappe,P3,missing,Update from Frappe Cloud,Mise à jour de Frappe Cloud,frappe/utils/change_log.py:381
frappe,P3,missing,Update {0} records,Mettre à jour les enregistrements {0},frappe/public/js/frappe/list/bulk_operations.js:375
frappe,P3,missing,Updating Email Queue Statuses. The emails will be picked up in the next scheduled run.,Mise à jour des statuts de la file d'attente de courrier électronique. Les e-mails seront récupérés lors de la prochaine exécution programmée.,frappe/email/doctype/email_queue/email_queue_list.js:49
frappe,P3,missing,Updating related fields...,Mise à jour des champs associés...,frappe/public/js/frappe/form/toolbar.js:147
frappe,P3,missing,Upgrade plan,Plan de mise à niveau,frappe/public/js/billing.bundle.js:131
frappe,P3,missing,Upload Image,Télécharger une image,frappe/public/js/print_format_builder/LetterHeadEditor.vue:93
frappe,P3,missing,Upload file,Télécharger le fichier,frappe/public/js/frappe/file_uploader/FileUploader.vue:215
frappe,P3,missing,Upload {0} files,Téléchargez les fichiers {0},frappe/public/js/frappe/file_uploader/FileUploader.vue:218
frappe,P3,missing,Use First Day of Period,Utiliser le premier jour des règles,frappe/email/doctype/auto_email_report/auto_email_report.json
frappe,P3,missing,Use HTML,Utiliser HTML,frappe/email/doctype/email_template/email_template.json
frappe,P3,missing,Use a few uncommon words together.,Utilisez quelques mots inhabituels ensemble.,frappe/utils/password_strength.py:191
frappe,P3,missing,Use the new Print Format Builder,Utilisez le nouveau générateur de format d'impression,frappe/printing/page/print/print.js:311
frappe,P3,missing,"Use this, for example, if all sent emails should also be send to an archive.","Utilisez-le, par exemple, si tous les e-mails envoyés doivent également être envoyés dans une archive.",frappe/email/doctype/email_account/email_account.json
frappe,P3,missing,User Changed,Utilisateur modifié,frappe/public/js/frappe/desk.js:550
frappe,P3,missing,User Menu,Menu utilisateur,frappe/public/js/frappe/ui/sidebar/sidebar.html:50
frappe,P3,missing,User Settings,Paramètres utilisateur,frappe/hooks.py
frappe,P3,missing,User does not exist.,L'utilisateur n'existe pas.,frappe/templates/includes/login/login.js:292
frappe,P3,missing,User with email address {0} does not exist,L'utilisateur avec l'adresse e-mail {0} n'existe pas,frappe/www/login.py:171
frappe,P3,missing,User with email: {0} does not exist in the system. Please ask 'System Administrator' to create the user for you.,Utilisateur avec email : {0} n'existe pas dans le système. Veuillez demander à « l'administrateur système » de créer l'utilisateur pour vous.,frappe/integrations/doctype/ldap_settings/ldap_settings.py:225
frappe,P3,missing,User {0} is disabled,L'utilisateur {0} est désactivé,frappe/utils/oauth.py:298
frappe,P3,missing,User {0} is disabled. Please contact your System Manager.,L'utilisateur {0} est désactivé. Veuillez contacter votre gestionnaire système.,frappe/sessions.py:243
frappe,P3,missing,Userinfo URI,URI des informations utilisateur,frappe/integrations/doctype/connected_app/connected_app.json
frappe,P3,missing,Uses system's theme to switch between light and dark mode,Utilise le thème du système pour basculer entre les modes clair et sombre,frappe/public/js/frappe/ui/theme_switcher.js:70
frappe,P3,missing,Valid Login id required.,Identifiant de connexion valide requis.,frappe/templates/includes/login/login.js:52 frappe/templates/includes/login/login.js:65
frappe,P3,missing,Valid email and name required,Adresse e-mail et nom valides requis,frappe/templates/includes/login/login.js:39
frappe,P3,missing,Validate Frappe Mail Settings,Valider les paramètres de messagerie Frappe,frappe/email/doctype/email_account/email_account.json
frappe,P3,missing,Validate SSL Certificate,Valider le certificat SSL,frappe/email/doctype/email_account/email_account.json frappe/email/doctype/email_domain/email_domain.json
frappe,P3,missing,Value Change,Changement de valeur,frappe/email/doctype/notification/notification.json
frappe,P3,missing,"Value of ""None"" implies a public client. In such a case Client Secret is not given to the client and token exchange makes use of PKCE.","La valeur « Aucun » implique un client public. Dans un tel cas, Client Secret n'est pas transmis au client et l'échange de jetons utilise PKCE.",frappe/integrations/doctype/oauth_client/oauth_client.json
frappe,P3,missing,Verdana,Verdane,frappe/printing/doctype/print_settings/print_settings.json
frappe,P3,missing,Verification,Vérification,frappe/templates/includes/login/login.js:333
frappe,P3,missing,Verification Code,Le code de vérification,frappe/templates/includes/login/login.js:336 frappe/twofactor.py:366
frappe,P3,missing,Verification code email not sent. Please contact Administrator.,E-mail de code de vérification non envoyé. Veuillez contacter l'administrateur.,frappe/templates/includes/login/login.js:383
frappe,P3,missing,Verifying...,Vérification...,frappe/templates/includes/login/login.js:171
frappe,P3,missing,View Audit Trail,Afficher la piste d'audit,frappe/public/js/frappe/form/toolbar.js:613
frappe,P3,missing,View Full Log,Afficher le journal complet,frappe/public/js/frappe/ui/notifications/notifications.js:251
frappe,P3,missing,View your response,Afficher votre réponse,frappe/public/js/frappe/web_form/web_form.js:478
frappe,P3,missing,Virtual DocType {} requires a static method called {} found {},Virtual DocType {} nécessite une méthode statique appelée {} found {},frappe/model/virtual_doctype.py:76
frappe,P3,missing,Virtual DocType {} requires overriding an instance method called {} found {},Virtual DocType {} nécessite le remplacement d'une méthode d'instance appelée {} found {},frappe/model/virtual_doctype.py:89
frappe,P3,missing,Visible to website/portal users.,Visible pour les utilisateurs du site Web/portail.,frappe/public/js/frappe/form/templates/timeline_message_box.html:41
frappe,P3,missing,Visitor ID,ID visiteur,frappe/website/doctype/web_page_view/web_page_view.json
frappe,P3,missing,Want to discuss?,Envie de discuter ?,frappe/templates/discussions/reply_section.html:39
frappe,P3,missing,Warehouse,Entrepôt,frappe/contacts/doctype/address/address.json
frappe,P3,missing,Warning: DATA LOSS IMMINENT! Proceeding will permanently delete following database columns from doctype {0}:,Attention : PERTE DE DONNÉES IMMINENTE ! Cette procédure supprimera définitivement les colonnes de base de données suivantes du doctype {0} :,frappe/custom/doctype/customize_form/customize_form.js:217
frappe,P3,missing,Watch Tutorial,Regarder le didacticiel,frappe/public/js/frappe/widgets/onboarding_widget.js:127
frappe,P3,missing,We would like to thank the authors of these packages for their contribution.,Nous tenons à remercier les auteurs de ces packages pour leur contribution.,frappe/www/attribution.html:12
frappe,P3,missing,We've received your query!,Nous avons reçu votre requête !,frappe/www/contact.py:57
frappe,P3,missing,Weak,Faible,frappe/public/js/frappe/form/controls/password.js:87
frappe,P3,missing,Web Form List Column,Colonne de liste de formulaires Web,frappe/website/doctype/web_form_list_column/web_form_list_column.json
frappe,P3,missing,Web Page URL,URL de la page Web,frappe/public/js/frappe/utils/utils.js:1864
frappe,P3,missing,Web Template is not specified,Le modèle Web n'est pas spécifié,frappe/utils/jinja_globals.py:48
frappe,P3,missing,Webhook,Webhook,frappe/integrations/doctype/webhook/webhook.json frappe/integrations/doctype/webhook_request_log/webhook_request_log.json frappe/integrations/workspace/integrations/integrations.json
frappe,P3,missing,Webhook Secret,Secret du webhook,frappe/integrations/doctype/webhook/webhook.json
frappe,P3,missing,Website Script,Scénario du site Web,frappe/website/doctype/website_script/website_script.json frappe/website/workspace/website/website.json
frappe,P3,missing,Website Settings,Paramètres du site Web,frappe/website/doctype/website_settings/website_settings.json frappe/website/workspace/website/website.json
frappe,P3,missing,Website Theme,Thème du site Web,frappe/website/doctype/website_settings/website_settings.json frappe/website/doctype/website_theme/website_theme.json frappe/website/workspace/website/website.json
frappe,P3,missing,Website Theme image link,Lien vers l'image du thème du site Web,frappe/website/doctype/website_settings/website_settings.json
frappe,P3,missing,Website Themes Available,Thèmes de sites Web disponibles,frappe/website/workspace/website/website.json
frappe,P3,missing,Website Visits,Visites du site Web,frappe/website/workspace/website/website.json
frappe,P3,missing,Welcome URL,URL de bienvenue,frappe/email/doctype/email_group/email_group.json
frappe,P3,missing,What's New,Quoi de neuf,frappe/public/js/frappe/ui/notifications/notifications.js:73
frappe,P3,missing,Widths can be set in px or %.,Les largeurs peuvent être définies en px ou en %.,frappe/printing/page/print_format_builder/print_format_builder_column_selector.html:2
frappe,P3,missing,Workflow Action Permitted Role,Rôle autorisé d’action de flux de travail,frappe/workflow/doctype/workflow_action_permitted_role/workflow_action_permitted_role.json
frappe,P3,missing,Workflow Builder ID,ID du générateur de flux de travail,frappe/workflow/doctype/workflow_document_state/workflow_document_state.json frappe/workflow/doctype/workflow_transition/workflow_transition.json
frappe,P3,missing,Workflow Builder allows you to create workflows visually. You can drag and drop states and link them to create transitions. Also you can update their properties from the sidebar.,Workflow Builder vous permet de créer des flux de travail visuellement. Vous pouvez glisser-déposer des états et les lier pour créer des transitions. Vous pouvez également mettre à jour leurs propriétés à partir de la barre latérale.,frappe/workflow/doctype/workflow/workflow.js:11
frappe,P3,missing,Workflow Data,Données de flux de travail,frappe/workflow/doctype/workflow/workflow.json
frappe,P3,missing,Workflow Details,Détails du flux de travail,frappe/public/js/workflow_builder/components/Properties.vue:44
frappe,P3,missing,Workflow States Don't Exist,Les états de flux de travail n'existent pas,frappe/workflow/doctype/workflow/workflow.js:140
frappe,P3,missing,Workflow Transition Task,Tâche de transition du flux de travail,frappe/workflow/doctype/workflow_transition_task/workflow_transition_task.json
frappe,P3,missing,Workflow Transition Tasks,Tâches de transition du flux de travail,frappe/workflow/doctype/workflow_transition_tasks/workflow_transition_tasks.json
frappe,P3,missing,Workflow state represents the current state of a document.,L'état du workflow représente l'état actuel d'un document.,frappe/workflow/doctype/workflow_state/workflow_state.json
frappe,P3,missing,Workflow updated successfully,Workflow mis à jour avec succès,frappe/public/js/workflow_builder/store.js:83
frappe,P3,missing,Workspace <b>{0}</b> does not exist,L'espace de travail <b>{0}</b> n'existe pas,frappe/public/js/frappe/router.js:180
frappe,P3,missing,Workspace {0} created,Espace de travail {0} créé,frappe/public/js/frappe/views/workspace/workspace.js:553
frappe,P3,missing,Would you like to publish this comment? This means it will become visible to website/portal users.,Souhaitez-vous publier ce commentaire ? Cela signifie qu'il deviendra visible pour les utilisateurs du site Web/portail.,frappe/public/js/frappe/form/footer/form_timeline.js:757
frappe,P3,missing,Would you like to unpublish this comment? This means it will no longer be visible to website/portal users.,Souhaitez-vous dépublier ce commentaire ? Cela signifie qu'il ne sera plus visible pour les utilisateurs du site Web/portail.,frappe/public/js/frappe/form/footer/form_timeline.js:761
frappe,P3,missing,XLSX,XLSX,frappe/email/doctype/auto_email_report/auto_email_report.json
frappe,P3,missing,XMLHttpRequest Error,Erreur XMLHttpRequest,frappe/public/js/frappe/file_uploader/FileUploader.vue:641
frappe,P3,missing,Yahoo Mail,yahoo Mail,frappe/email/doctype/email_account/email_account.json
frappe,P3,missing,Yandex.Mail,Yandex.Mail,frappe/email/doctype/email_account/email_account.json
frappe,P3,missing,Yesterday,Hier,frappe/public/js/frappe/ui/filters/filter.js:726
frappe,P3,missing,You Liked,Vous avez aimé,frappe/public/js/frappe/form/footer/form_timeline.js:463
frappe,P3,missing,You added 1 row to {0},Vous avez ajouté 1 ligne à {0},frappe/public/js/frappe/form/footer/version_timeline_content_builder.js:271
frappe,P3,missing,You added {0} rows to {1},Vous avez ajouté {0} lignes à {1},frappe/public/js/frappe/form/footer/version_timeline_content_builder.js:249
frappe,P3,missing,"You are about to open an external link. To confirm, click the link again.","Vous êtes sur le point d'ouvrir un lien externe. Pour confirmer, cliquez à nouveau sur le lien.",frappe/public/js/frappe/router.js:642
frappe,P3,missing,You are impersonating as another user.,Vous vous faites passer pour un autre utilisateur.,frappe/public/js/frappe/ui/toolbar/navbar.html:22
frappe,P3,missing,You are not allowed to access this resource,Vous n'êtes pas autorisé à accéder à cette ressource,frappe/integrations/frappe_providers/frappecloud_billing.py:28
frappe,P3,missing,"You are not allowed to access this {0} record because it is linked to {1} '{2}' in row {3}, field {4}","Vous n'êtes pas autorisé à accéder à cet enregistrement {0} car il est lié à {1} '{2}' dans la ligne {3}, champ {4}",frappe/permissions.py:426
frappe,P3,missing,You are not permitted to access this page without login.,Vous n'êtes pas autorisé à accéder à cette page sans vous connecter.,frappe/public/js/frappe/web_form/webform_script.js:22
frappe,P3,missing,You are not permitted to access this resource. Login to access,Vous n'êtes pas autorisé à accéder à cette ressource. Connectez-vous pour accéder,frappe/__init__.py:464
frappe,P3,missing,"You are selecting Sync Option as ALL, It will resync all read as well as unread message from server. This may also cause the duplication of Communication (emails).","Vous sélectionnez l'option de synchronisation sur TOUS, elle resynchronisera tous les messages lus et non lus du serveur. Cela peut également entraîner la duplication des communications (e-mails).",frappe/email/doctype/email_account/email_account.js:284
frappe,P3,missing,You attached {0},Vous avez joint {0},frappe/public/js/frappe/form/footer/form_timeline.js:414
frappe,P3,missing,You can also access wkhtmltopdf variables (valid only in PDF print):,Vous pouvez également accéder aux variables wkhtmltopdf (valables uniquement en impression PDF) :,frappe/printing/doctype/letter_head/letter_head.js:32
frappe,P3,missing,You can also copy-paste following link in your browser,Vous pouvez également copier-coller le lien suivant dans votre navigateur,frappe/templates/emails/new_user.html:22
frappe,P3,missing,You can also copy-paste this,Vous pouvez également copier-coller ceci,frappe/templates/emails/download_data.html:9
frappe,P3,missing,You can ask your team to resend the invitation if you'd still like to join.,Vous pouvez demander à votre équipe de renvoyer l'invitation si vous souhaitez toujours nous rejoindre.,frappe/templates/emails/user_invitation_expired.html:8
frappe,P3,missing,You can change the retention policy from {0}.,Vous pouvez modifier la politique de conservation de {0}.,frappe/public/js/frappe/logtypes.js:21
frappe,P3,missing,You can continue with the onboarding after exploring this page,Vous pouvez continuer l'intégration après avoir exploré cette page,frappe/public/js/frappe/widgets/onboarding_widget.js:194
frappe,P3,missing,You can disable this {0} instead of deleting it.,Vous pouvez désactiver ce {0} au lieu de le supprimer.,frappe/model/delete_doc.py:179
frappe,P3,missing,You can manually remove the lock if you think it's safe: {},Vous pouvez supprimer manuellement le verrou si vous pensez que cela est sûr : {},frappe/utils/synchronization.py:48
frappe,P3,missing,You can only insert images in Markdown fields,Vous ne pouvez insérer des images que dans les champs Markdown,frappe/public/js/frappe/form/controls/markdown_editor.js:75
frappe,P3,missing,You can only print upto {0} documents at a time,Vous ne pouvez imprimer que {0} documents à la fois.,frappe/public/js/frappe/list/bulk_operations.js:42
frappe,P3,missing,"You can only upload JPG, PNG, GIF, PDF, TXT, CSV or Microsoft documents.","Vous ne pouvez télécharger que des documents JPG, PNG, GIF, PDF, TXT, CSV ou Microsoft.",frappe/handler.py:184
frappe,P3,missing,"You can select one from the following,","Vous pouvez en sélectionner un parmi les suivants,",frappe/website/doctype/web_page/web_page.js:92
frappe,P3,missing,You can use wildcard %,Vous pouvez utiliser le caractère générique %,frappe/public/js/frappe/form/link_selector.js:30
frappe,P3,missing,You cancelled this document,Vous avez annulé ce document,frappe/public/js/frappe/form/footer/version_timeline_content_builder.js:74
frappe,P3,missing,You cancelled this document {1},Vous avez annulé ce document {1},frappe/public/js/frappe/form/footer/version_timeline_content_builder.js:61
frappe,P3,missing,You changed the value of {0},Vous avez modifié la valeur de {0},frappe/public/js/frappe/form/footer/version_timeline_content_builder.js:125
frappe,P3,missing,You changed the value of {0} {1},Vous avez modifié la valeur de {0} {1},frappe/public/js/frappe/form/footer/version_timeline_content_builder.js:114
frappe,P3,missing,You changed the values for {0},Vous avez modifié les valeurs de {0},frappe/public/js/frappe/form/footer/version_timeline_content_builder.js:196
frappe,P3,missing,You changed the values for {0} {1},Vous avez modifié les valeurs pour {0} {1},frappe/public/js/frappe/form/footer/version_timeline_content_builder.js:185
frappe,P3,missing,You changed {0} to {1},Vous avez remplacé {0} par {1},frappe/public/js/frappe/form/footer/form_timeline.js:443
frappe,P3,missing,You created this document {0},Vous avez créé ce document {0},frappe/public/js/frappe/form/footer/version_timeline_content_builder.js:345
frappe,P3,missing,You do not have Read or Select Permissions for {},Vous ne disposez pas des autorisations de lecture ou de sélection pour {},frappe/client.py:420
frappe,P3,missing,You do not have permission to access field: {0},Vous n'êtes pas autorisé à accéder au champ : {0},frappe/database/query.py:910
frappe,P3,missing,You don't have permission to access the {0} DocType.,Vous n'êtes pas autorisé à accéder au DocType {0}.,frappe/website/doctype/web_form/web_form.py:840
frappe,P3,missing,You have a new message from:,Vous avez un nouveau message de :,frappe/templates/emails/new_message.html:1
frappe,P3,missing,You have hit the row size limit on database table: {0},Vous avez atteint la limite de taille de ligne sur la table de base de données : {0},frappe/custom/doctype/customize_form/customize_form.py:247
frappe,P3,missing,You have not entered a value. The field will be set to empty.,Vous n'avez pas saisi de valeur. Le champ sera mis à vide.,frappe/public/js/frappe/list/bulk_operations.js:412
frappe,P3,missing,You have to enable Two Factor Auth from System Settings.,Vous devez activer l'authentification à deux facteurs à partir des paramètres système.,frappe/twofactor.py:446
frappe,P3,missing,You haven't added any Dashboard Charts or Number Cards yet.,Vous n'avez pas encore ajouté de graphiques de tableau de bord ou de cartes numériques.,frappe/public/js/frappe/views/dashboard/dashboard_view.js:192
frappe,P3,missing,You haven't created a {0} yet,Vous n'avez pas encore créé de {0},frappe/public/js/frappe/list/list_view.js:504
frappe,P3,missing,You hit the rate limit because of too many requests. Please try after sometime.,"Vous avez atteint la limite de débit en raison d'un trop grand nombre de demandes. S'il vous plaît, essayez après un certain temps.",frappe/rate_limiter.py:166
frappe,P3,missing,You must add atleast one link.,Vous devez ajouter au moins un lien.,frappe/public/js/frappe/widgets/widget_dialog.js:352
frappe,P3,missing,You must be logged in to use this form.,Vous devez être connecté pour utiliser ce formulaire.,frappe/website/doctype/web_form/web_form.py:836
frappe,P3,missing,You need the '{0}' permission on {1} {2} to perform this action.,Vous avez besoin de l'autorisation « {0} » sur {1} {2} pour effectuer cette action.,frappe/model/document.py:391
frappe,P3,missing,You need to be a system user to access this page.,Vous devez être un utilisateur du système pour accéder à cette page.,frappe/www/attribution.py:16
frappe,P3,missing,You need to create these first:,Vous devez d'abord les créer :,frappe/public/js/frappe/widgets/links_widget.js:63
frappe,P3,missing,You need to set one IMAP folder for {0},Vous devez définir un dossier IMAP pour {0},frappe/email/doctype/email_account/email_account.py:160
frappe,P3,missing,You need write permission on {0} {1} to merge,Vous avez besoin d'une autorisation en écriture sur {0} {1} pour fusionner,frappe/model/rename_doc.py:391
frappe,P3,missing,You need write permission on {0} {1} to rename,Vous avez besoin d'une autorisation en écriture sur {0} {1} pour renommer,frappe/model/rename_doc.py:386
frappe,P3,missing,You need {0} permission to fetch values from {1} {2},Vous avez besoin de l'autorisation {0} pour récupérer les valeurs de {1} {2},frappe/client.py:452
frappe,P3,missing,You removed 1 row from {0},Vous avez supprimé 1 ligne de {0},frappe/public/js/frappe/form/footer/version_timeline_content_builder.js:316
frappe,P3,missing,You removed attachment {0},Vous avez supprimé la pièce jointe {0},frappe/public/js/frappe/form/footer/form_timeline.js:419
frappe,P3,missing,You removed {0} rows from {1},Vous avez supprimé {0} lignes de {1}.,frappe/public/js/frappe/form/footer/version_timeline_content_builder.js:294
frappe,P3,missing,You seem to have written your name instead of your email. Please enter a valid email address so that we can get back.,Vous semblez avoir écrit votre nom au lieu de votre email. Veuillez saisir une adresse e-mail valide afin que nous puissions vous répondre.,frappe/templates/includes/contact.js:20
frappe,P3,missing,You submitted this document,Vous avez soumis ce document,frappe/public/js/frappe/form/footer/version_timeline_content_builder.js:48
frappe,P3,missing,You submitted this document {0},Vous avez soumis ce document {0},frappe/public/js/frappe/form/footer/version_timeline_content_builder.js:35
frappe,P3,missing,You viewed this,Vous avez vu ceci,frappe/public/js/frappe/form/footer/form_timeline.js:183
frappe,P3,missing,You will be redirected to:,Vous serez redirigé vers :,frappe/public/js/frappe/router.js:653
frappe,P3,missing,You've been invited to join {0}.,Vous avez été invité à rejoindre {0}.,frappe/templates/emails/user_invitation.html:5
frappe,P3,missing,You've logged in as another user from another tab. Refresh this page to continue using system.,Vous vous êtes connecté en tant qu'autre utilisateur à partir d'un autre onglet. Actualisez cette page pour continuer à utiliser le système.,frappe/public/js/frappe/desk.js:547
frappe,P3,missing,Your PDF is ready for download,Votre PDF est prêt à être téléchargé,frappe/public/js/frappe/list/bulk_operations.js:132
frappe,P3,missing,Your account has been deleted,Votre compte a été supprimé,frappe/website/doctype/personal_data_deletion_request/personal_data_deletion_request.py:145 frappe/website/doctype/personal_data_deletion_request/personal_data_deletion_request.py:151
frappe,P3,missing,Your form has been successfully updated,Votre formulaire a été mis à jour avec succès,frappe/public/js/frappe/web_form/web_form.js:452
frappe,P3,missing,Your invitation to join {0} has been cancelled by the site administrator.,Votre invitation à rejoindre {0} a été annulée par l'administrateur du site.,frappe/templates/emails/user_invitation_cancelled.html:5
frappe,P3,missing,Your invitation to join {0} has expired.,Votre invitation à rejoindre {0} a expiré.,frappe/templates/emails/user_invitation_expired.html:5
frappe,P3,missing,Your new password has been set successfully.,Votre nouveau mot de passe a été défini avec succès.,frappe/www/update-password.html:192
frappe,P3,missing,Your old password is incorrect.,Votre ancien mot de passe est incorrect.,frappe/www/update-password.html:172
frappe,P3,missing,Your site is undergoing maintenance or being updated.,Votre site est en maintenance ou en cours de mise à jour.,frappe/public/js/frappe/ui/toolbar/navbar.html:17
frappe,P3,missing,Your verification code is {0},Votre code de vérification est {0},frappe/templates/emails/verification_code.html:1
frappe,P3,missing,[Action taken by {0}],[Action prise par {0}],frappe/public/js/frappe/form/footer/version_timeline_content_builder.js:363
frappe,P3,missing,`as_iterator` only works with `as_list=True` or `as_dict=True`,`as_iterator` ne fonctionne qu'avec `as_list=True` ou `as_dict=True`,frappe/database/database.py:361
frappe,P3,missing,`job_id` paramater is required for deduplication.,Le paramètre `job_id` est requis pour la déduplication.,frappe/utils/background_jobs.py:121
frappe,P3,missing,after_insert,après_insertion,frappe/integrations/doctype/webhook/webhook.json
frappe,P3,missing,and,et,frappe/public/js/frappe/utils/utils.js:394 frappe/utils/data.py:1563
frappe,P3,missing,ascending,ascendant,frappe/public/js/frappe/ui/sort_selector.html:5 frappe/public/js/frappe/ui/sort_selector.js:48
frappe,P3,missing,by Role,par rôle,frappe/public/js/frappe/form/workflow.js:35
frappe,P3,missing,chrome,chrome,frappe/printing/doctype/print_format/print_format.json
frappe,P3,missing,commented,commenté,frappe/public/js/frappe/form/templates/timeline_message_box.html:34
frappe,P3,missing,descending,descendant,frappe/public/js/frappe/ui/sort_selector.html:5 frappe/public/js/frappe/ui/sort_selector.js:48
frappe,P3,missing,e.g. pop.gmail.com / imap.gmail.com,par ex. pop.gmail.com / imap.gmail.com,frappe/email/doctype/email_account/email_account.json frappe/email/doctype/email_domain/email_domain.json
frappe,P3,missing,e.g. smtp.gmail.com,par ex. smtp.gmail.com,frappe/email/doctype/email_account/email_account.json frappe/email/doctype/email_domain/email_domain.json
frappe,P3,missing,esc,Échap,frappe/public/js/frappe/ui/toolbar/awesome_bar.js:41
frappe,P3,missing,fairlogin,connexion équitable,frappe/integrations/doctype/social_login_key/social_login_key.json
frappe,P3,missing,gzip not found in PATH! This is required to take a backup.,gzip introuvable dans PATH ! Ceci est nécessaire pour effectuer une sauvegarde.,frappe/utils/backups.py:399
frappe,P3,missing,h,h,frappe/public/js/frappe/form/controls/duration.js:220 frappe/public/js/frappe/utils/utils.js:1167
frappe,P3,missing,jane@example.com,jane@exemple.com,frappe/templates/signup.html:11 frappe/www/login.html:11
frappe,P3,missing,login_required,connexion_required,frappe/website/doctype/web_form/web_form.js:382
frappe,P3,missing,m,m,frappe/public/js/frappe/form/controls/duration.js:221 frappe/public/js/frappe/utils/utils.js:1171
frappe,P3,missing,nonce,occasionnellement,frappe/integrations/doctype/oauth_authorization_code/oauth_authorization_code.json
frappe,P3,missing,notified,notifié,frappe/automation/doctype/reminder/reminder.json
frappe,P3,missing,of,de,frappe/public/js/frappe/form/grid_pagination.js:116
frappe,P3,missing,on_cancel,on_cancel,frappe/integrations/doctype/webhook/webhook.json
frappe,P3,missing,on_change,sur_change,frappe/integrations/doctype/webhook/webhook.json
frappe,P3,missing,on_submit,on_submit,frappe/integrations/doctype/webhook/webhook.json
frappe,P3,missing,on_trash,sur_trash,frappe/integrations/doctype/webhook/webhook.json
frappe,P3,missing,on_update,on_update,frappe/integrations/doctype/webhook/webhook.json
frappe,P3,missing,on_update_after_submit,on_update_after_submit,frappe/integrations/doctype/webhook/webhook.json
frappe,P3,missing,or,ou,frappe/public/js/frappe/utils/utils.js:391 frappe/www/login.html:90 frappe/www/login.py:112
frappe,P3,missing,plain,plaine,frappe/integrations/doctype/oauth_authorization_code/oauth_authorization_code.json
frappe,P3,missing,s,s,frappe/public/js/frappe/form/controls/duration.js:222 frappe/public/js/frappe/utils/utils.js:1175
frappe,P3,missing,s256,s256,frappe/integrations/doctype/oauth_authorization_code/oauth_authorization_code.json
frappe,P3,missing,"string value, i.e. group","valeur de chaîne, c'est-à-dire groupe",frappe/integrations/doctype/ldap_settings/ldap_settings.json
frappe,P3,missing,"string value, i.e. member","valeur de chaîne, c'est-à-dire membre",frappe/integrations/doctype/ldap_settings/ldap_settings.json
frappe,P3,missing,"string value, i.e. {0} or uid={0},ou=users,dc=example,dc=com","valeur de chaîne, c'est-à-dire {0} ou uid={0},ou=users,dc=example,dc=com",frappe/integrations/doctype/ldap_settings/ldap_settings.json
frappe,P3,missing,this form,ce formulaire,frappe/public/js/frappe/form/controls/data.js:36
frappe,P3,missing,this shouldn't break,ça ne devrait pas casser,frappe/tests/test_translate.py:174
frappe,P3,missing,to close,fermer,frappe/public/js/frappe/ui/toolbar/awesome_bar.js:41
frappe,P3,missing,to navigate,naviguer,frappe/public/js/frappe/ui/toolbar/awesome_bar.js:41
frappe,P3,missing,to select,sélectionner,frappe/public/js/frappe/ui/toolbar/awesome_bar.js:41
frappe,P3,missing,to your browser,à votre navigateur,frappe/templates/emails/download_data.html:9
frappe,P3,missing,updated to {0},mis à jour vers {0},frappe/public/js/frappe/change_log.html:7
frappe,P3,missing,use % as wildcard,utiliser % comme caractère générique,frappe/public/js/frappe/ui/filters/filter.js:360
frappe,P3,missing,via Auto Repeat,via la répétition automatique,frappe/automation/doctype/auto_repeat/auto_repeat.py:264
frappe,P3,missing,via {0},via {0},frappe/public/js/frappe/form/footer/version_timeline_content_builder.js:17
frappe,P3,missing,wants to access the following details from your account,souhaite accéder aux informations suivantes à partir de votre compte,frappe/templates/includes/oauth_confirmation.html:5
frappe,P3,missing,wkhtmltopdf,wkhtmltopdf,frappe/printing/doctype/print_format/print_format.json
frappe,P3,missing,wkhtmltopdf 0.12.x (with patched qt).,wkhtmltopdf 0.12.x (avec qt corrigé).,frappe/printing/page/print/print.js:681
frappe,P3,missing,workflow_transition,workflow_transition,frappe/integrations/doctype/webhook/webhook.json
frappe,P3,missing,"{0} ${skip_list ? """" : type}","{0} ${skip_list ? """" : type}",frappe/public/js/frappe/ui/toolbar/search_utils.js:217
frappe,P3,missing,{0} ${type},{0} ${type},frappe/public/js/frappe/ui/toolbar/search_utils.js:229
frappe,P3,missing,{0} ({1}),{0} ({1}),frappe/public/js/frappe/data_import/data_exporter.js:80 frappe/public/js/frappe/views/gantt/gantt_view.js:54
frappe,P3,missing,{0} ({1}) - {2}%,{0} ({1}) - {2}%,frappe/public/js/frappe/views/gantt/gantt_view.js:53
frappe,P3,missing,{0} = {1},{0} = {1},frappe/public/js/frappe/ui/toolbar/awesome_bar.js:446 frappe/public/js/frappe/ui/toolbar/awesome_bar.js:450
frappe,P3,missing,{0} Liked,{0} J'ai aimé,frappe/public/js/frappe/form/footer/form_timeline.js:464
frappe,P3,missing,{0} List View Settings,{0} Paramètres d'affichage de liste,frappe/public/js/frappe/list/list_settings.js:33
frappe,P3,missing,{0} M,{0} M,frappe/public/js/frappe/utils/pretty_date.js:37
frappe,P3,missing,{0} Map,{0} Carte,frappe/public/js/frappe/views/map/map_view.js:14
frappe,P3,missing,{0} Not allowed to change {1} after submission from {2} to {3},{0} Il n'est pas autorisé de modifier {1} après la soumission de {2} à {3},frappe/model/base_document.py:1259
frappe,P3,missing,{0} Reports,{0} Rapports,frappe/public/js/frappe/views/reports/query_report.js:967
frappe,P3,missing,{0} added 1 row to {1},{0} a ajouté 1 ligne à {1},frappe/public/js/frappe/form/footer/version_timeline_content_builder.js:273
frappe,P3,missing,{0} added {1} rows to {2},{0} a ajouté {1} lignes à {2},frappe/public/js/frappe/form/footer/version_timeline_content_builder.js:251
frappe,P3,missing,{0} and {1},{0} et {1},frappe/utils/data.py:1764
frappe,P3,missing,{0} attached {1},{0} ci-joint {1},frappe/public/js/frappe/form/footer/form_timeline.js:415
frappe,P3,missing,{0} cancelled this document,{0} a annulé ce document,frappe/public/js/frappe/form/footer/version_timeline_content_builder.js:77
frappe,P3,missing,{0} cancelled this document {1},{0} a annulé ce document {1},frappe/public/js/frappe/form/footer/version_timeline_content_builder.js:68
frappe,P3,missing,{0} cannot be amended because it is not cancelled. Please cancel the document before creating an amendment.,{0} ne peut être modifié car il n’est pas annulé. Veuillez annuler le document avant de créer une modification.,frappe/model/document.py:583
frappe,P3,missing,{0} cannot be hidden and mandatory without any default value,{0} ne peut pas être masqué et obligatoire sans aucune valeur par défaut,frappe/public/js/form_builder/store.js:190
frappe,P3,missing,{0} changed the value of {1},{0} a modifié la valeur de {1},frappe/public/js/frappe/form/footer/version_timeline_content_builder.js:128
frappe,P3,missing,{0} changed the value of {1} {2},{0} a modifié la valeur de {1} {2},frappe/public/js/frappe/form/footer/version_timeline_content_builder.js:119
frappe,P3,missing,{0} changed the values for {1},{0} a modifié les valeurs de {1},frappe/public/js/frappe/form/footer/version_timeline_content_builder.js:199
frappe,P3,missing,{0} changed the values for {1} {2},{0} a modifié les valeurs de {1} {2},frappe/public/js/frappe/form/footer/version_timeline_content_builder.js:190
frappe,P3,missing,{0} changed {1} to {2},{0} a remplacé {1} par {2},frappe/public/js/frappe/form/footer/form_timeline.js:444
frappe,P3,missing,{0} created this document {1},{0} a créé ce document {1},frappe/public/js/frappe/form/footer/version_timeline_content_builder.js:348
frappe,P3,missing,{0} from {1} to {2},{0} du {1} au {2},frappe/public/js/frappe/form/footer/version_timeline_content_builder.js:101
frappe,P3,missing,{0} from {1} to {2} in row #{3},{0} de {1} à {2} dans la rangée #{3},frappe/public/js/frappe/form/footer/version_timeline_content_builder.js:170
frappe,P3,missing,{0} h,{0} h,frappe/public/js/frappe/utils/pretty_date.js:29
frappe,P3,missing,{0} has invalid backtick notation: {1},{0} a une notation de guillemet inversé non valide : {1},frappe/database/query.py:1158
frappe,P3,missing,{0} is between {1} and {2},{0} est compris entre {1} et {2},frappe/public/js/frappe/views/reports/report_view.js:1464
frappe,P3,missing,{0} is equal to {1},{0} est égal à {1},frappe/public/js/frappe/views/reports/report_view.js:1433
frappe,P3,missing,{0} is greater than or equal to {1},{0} est supérieur ou égal à {1},frappe/public/js/frappe/views/reports/report_view.js:1453
frappe,P3,missing,{0} is greater than {1},{0} est supérieur à {1},frappe/public/js/frappe/views/reports/report_view.js:1443
frappe,P3,missing,{0} is less than or equal to {1},{0} est inférieur ou égal à {1},frappe/public/js/frappe/views/reports/report_view.js:1458
frappe,P3,missing,{0} is less than {1},{0} est inférieur à {1},frappe/public/js/frappe/views/reports/report_view.js:1448
frappe,P3,missing,{0} is like {1},{0} est comme {1},frappe/public/js/frappe/views/reports/report_view.js:1483
frappe,P3,missing,{0} is mandatory,{0} est obligatoire,frappe/email/doctype/email_account/email_account.py:193
frappe,P3,missing,{0} is not a child table of {1},{0} n'est pas une table enfant de {1},frappe/database/query.py:826
frappe,P3,missing,{0} is not a valid Calendar. Redirecting to default Calendar.,{0} n'est pas un calendrier valide. Redirection vers le calendrier par défaut.,frappe/public/js/frappe/views/calendar/calendar.js:82
frappe,P3,missing,{0} is not a valid parent DocType for {1},{0} n'est pas un DocType parent valide pour {1},frappe/permissions.py:824
frappe,P3,missing,{0} is not a valid parentfield for {1},{0} n'est pas un champ parent valide pour {1},frappe/permissions.py:844
frappe,P3,missing,{0} is not equal to {1},{0} n'est pas égal à {1},frappe/public/js/frappe/views/reports/report_view.js:1438
frappe,P3,missing,{0} is not like {1},{0} n'est pas comme {1},frappe/public/js/frappe/views/reports/report_view.js:1485
frappe,P3,missing,{0} is not one of {1},{0} ne fait pas partie de {1},frappe/public/js/frappe/views/reports/report_view.js:1479
frappe,P3,missing,{0} is not set,{0} n'est pas défini,frappe/public/js/frappe/views/reports/report_view.js:1489
frappe,P3,missing,{0} is one of {1},{0} est l'un des {1},frappe/public/js/frappe/views/reports/report_view.js:1472
frappe,P3,missing,{0} is required,{0} est requis,frappe/email/doctype/email_account/email_account.py:304 frappe/model/naming.py:226 frappe/printing/doctype/print_format/print_format.py:101 frappe/printing/doctype/print_format/print_format.py:104 frappe/utils/csvutils.py:156
frappe,P3,missing,{0} is set,{0} est défini,frappe/public/js/frappe/views/reports/report_view.js:1488
frappe,P3,missing,{0} is within {1},{0} est dans {1},frappe/public/js/frappe/views/reports/report_view.js:1467
frappe,P3,missing,{0} m,{0} m,frappe/public/js/frappe/utils/pretty_date.js:27
frappe,P3,missing,{0} must be beginning with '{1}',{0} doit commencer par « {1} »,frappe/model/document.py:1613
frappe,P3,missing,{0} must be equal to '{1}',{0} doit être égal à '{1}',frappe/model/document.py:1615
frappe,P3,missing,{0} must be none of {1},{0} ne doit être aucun des {1},frappe/model/document.py:1611
frappe,P3,missing,{0} must be {1} {2},{0} doit être {1} {2},frappe/model/document.py:1617
frappe,P3,missing,{0} only.,{0} uniquement.,frappe/utils/data.py:1565
frappe,P3,missing,{0} records are not automatically deleted.,Les enregistrements {0} ne sont pas automatiquement supprimés.,frappe/public/js/frappe/logtypes.js:22
frappe,P3,missing,{0} records are retained for {1} days.,Les enregistrements {0} sont conservés pendant {1} jours.,frappe/public/js/frappe/logtypes.js:29
frappe,P3,missing,{0} removed 1 row from {1},{0} a supprimé 1 ligne de {1},frappe/public/js/frappe/form/footer/version_timeline_content_builder.js:318
frappe,P3,missing,{0} removed attachment {1},{0} pièce jointe supprimée {1},frappe/public/js/frappe/form/footer/form_timeline.js:420
frappe,P3,missing,{0} removed {1} rows from {2},{0} a supprimé {1} lignes de {2},frappe/public/js/frappe/form/footer/version_timeline_content_builder.js:296
frappe,P3,missing,{0} role does not have permission on any doctype,Le rôle {0} ne dispose d'aucune autorisation sur aucun type de document.,frappe/public/js/frappe/roles_editor.js:64
frappe,P3,missing,{0} row #{1}:,{0} ligne #{1} :,frappe/model/document.py:1852
frappe,P3,missing,{0} rows from {1},{0} lignes de {1},frappe/public/js/frappe/form/footer/version_timeline_content_builder.js:304
frappe,P3,missing,{0} rows to {1},{0} lignes à {1},frappe/public/js/frappe/form/footer/version_timeline_content_builder.js:259
frappe,P3,missing,{0} submitted this document,{0} a soumis ce document,frappe/public/js/frappe/form/footer/version_timeline_content_builder.js:51
frappe,P3,missing,{0} submitted this document {1},{0} a soumis ce document {1},frappe/public/js/frappe/form/footer/version_timeline_content_builder.js:42
frappe,P3,missing,{0} viewed this,{0} a consulté ceci,frappe/public/js/frappe/form/footer/form_timeline.js:184
frappe,P3,missing,{0} w,{0} w,frappe/public/js/frappe/utils/pretty_date.js:35
frappe,P3,missing,{0} y,{0} o,frappe/public/js/frappe/utils/pretty_date.js:39
frappe,P3,missing,{0}/{1} complete | Please leave this tab open until completion.,{0}/{1} terminé | Veuillez laisser cet onglet ouvert jusqu'à la fin.,frappe/utils/print_format.py:148 frappe/utils/print_format.py:192
frappe,P3,missing,{0}: Other permission rules may also apply,{0} : d'autres règles d'autorisation peuvent également s'appliquer,frappe/public/js/frappe/form/workflow.js:45
frappe,P3,missing,{0}: You can increase the limit for the field if required via {1},{0} : Vous pouvez augmenter la limite du champ si nécessaire via {1},frappe/public/js/frappe/form/controls/data.js:51
frappe,P3,missing,{0}: {1},{0} : {1},frappe/contacts/doctype/address/address.js:35 frappe/contacts/doctype/contact/contact.js:88
frappe,P3,missing,{1} saved,{1} enregistré,frappe/public/js/frappe/form/quick_entry.js:195
frappe,P3,missing,{count} cell copied,Cellule {count} copiée,frappe/public/js/frappe/utils/datatable.js:12
frappe,P3,missing,{count} cells copied,Cellules {count} copiées,frappe/public/js/frappe/utils/datatable.js:13
frappe,P3,missing,{count} row selected,{count} ligne sélectionnée,frappe/public/js/frappe/utils/datatable.js:16
frappe,P3,missing,{count} rows selected,{count} lignes sélectionnées,frappe/public/js/frappe/utils/datatable.js:17
frappe,P3,missing,{} Invalid python code on line {},{} Code python invalide en ligne {},frappe/utils/data.py:2614
frappe,P3,missing,{} Possibly invalid python code. <br>{},{} Code Python peut-être invalide. <br>{},frappe/utils/data.py:2623
frappe,P3,missing,{} has been disabled. It can only be enabled if {} is checked.,{} a été désactivé. Il ne peut être activé que si {} est coché.,frappe/email/doctype/email_account/email_account.py:223 frappe/email/doctype/email_account/email_account.py:231
frappe,P3,missing,{} not found in PATH! This is required to access the console.,{} introuvable dans PATH ! Ceci est nécessaire pour accéder à la console.,frappe/commands/utils.py:564
frappe,P3,missing,{} not found in PATH! This is required to restore the database.,{} introuvable dans PATH ! Ceci est nécessaire pour restaurer la base de données.,frappe/database/db_manager.py:99
frappe,P3,missing,{} not found in PATH! This is required to take a backup.,{} introuvable dans PATH ! Ceci est nécessaire pour effectuer une sauvegarde.,frappe/utils/backups.py:466
frappe,P3,missing,← Back to upload files,← Retour pour télécharger des fichiers,frappe/public/js/frappe/file_uploader/FileBrowser.vue:5 frappe/public/js/frappe/file_uploader/WebLink.vue:4
